height_cm,weight_kg,nationality,Overall Rating,Potential,Preferred foot,Contract valid until,attacking_crossing,attacking_finishing,attacking_heading_accuracy,attacking_short_passing,attacking_volleys,skill_dribbling,skill_curve,skill_fk_accuracy,skill_long_passing,skill_ball_control,movement_acceleration,movement_sprint_speed,movement_agility,movement_reactions,movement_balance,power_shot_power,power_jumping,power_stamina,power_strength,power_long_shots,mentality_aggression,mentality_interceptions,mentality_positioning,mentality_vision,mentality_penalties,mentality_composure,defending_marking,defending_standing_tackle,defending_sliding_tackle,goalkeeping_diving,goalkeeping_handling,goalkeeping_kicking,goalkeeping_positioning,goalkeeping_reflexes,age,position,fee,window,league,season
185,79,Argentina,82,87,Right,2023,42,48,83,72,52,54,40,38,56,68,76,73,72,80,68,51,86,79,82,36,89,82,43,41,40,80,84,85,84,5,7,11,14,,24,Centre-Back,50000000,summer,Premier League,2022
183,76,Germany,83,83,Left,2023,82,79,82,80,71,80,69,58,77,82,79,84,71,86,66,76,88,86,76,68,80,77,86,60,50,77,75,78,79,7,16,15,16,10,27,Left Midfield,27400000,summer,Serie A,2022
184,74,Poland,65,76,Right,2023,54,64,48,67,57,66,58,47,64,67,73,69,76,64,72,59,64,73,64,63,52,30,65,66,54,66,37,32,37,9,7,12,8,8,22,Attacking Midfield,2000000,winter,Serie A,2022
164,60,Argentina,69,73,Right,2022,63,51,41,72,49,76,81,53,70,75,82,78,84,64,80,66,61,77,34,64,58,58,63,71,55,59,49,61,59,11,9,15,11,10,25,Central Midfield,1500000,summer,Premier Liga,2022
195,94,France,81,83,Right,2022,20,19,14,48,16,15,16,16,37,22,56,54,58,75,58,56,72,38,80,14,26,23,17,51,25,64,13,18,12,85,79,75,84,,29,Goalkeeper,9300000,summer,Premier League,2022
188,90,Netherlands,75,75,Right,2022,74,77,72,73,67,78,75,73,54,78,68,77,68,79,65,84,52,67,75,77,55,28,78,73,80,72,40,28,15,13,9,7,14,11,27,Right Winger,2500000,summer,Eredivisie,2022
173,67,Italy,79,79,Right,2022,76,73,70,83,84,75,71,71,76,84,79,74,86,77,82,82,73,82,50,81,66,77,69,80,73,79,76,74,70,9,8,10,10,,31,Right-Back,2700000,summer,Serie A,2022
186,73,Denmark,66,69,Right,2022,18,11,14,42,17,14,18,20,38,36,47,48,43,59,62,52,66,36,64,17,18,23,14,60,24,42,17,16,18,67,63,69,64,67,26,Goalkeeper,1080000,summer,Superliga,2022
182,76,Morocco,73,80,Right,2022,66,66,57,74,55,76,60,63,68,77,75,74,71,71,70,76,76,88,73,74,68,68,68,74,45,72,67,71,66,9,5,7,12,7,24,Central Midfield,1000000,summer,Serie A,2022
175,78,France,76,82,Right,2022,51,77,72,65,75,76,67,55,48,77,82,82,77,75,86,76,59,60,73,73,64,23,78,63,66,76,32,21,17,9,12,9,14,8,20,Centre-Forward,20000000,summer,Ligue 1,2022
186,79,Germany,76,82,Right,2022,64,56,49,82,39,75,49,44,77,77,66,74,68,76,72,70,57,78,76,63,55,70,68,77,38,74,71,73,65,14,10,10,8,7,23,Central Midfield,5000000,summer,1 Bundesliga,2022
180,68,France,71,83,Right,2022,66,26,67,71,33,69,53,27,66,72,84,82,73,69,72,53,73,71,72,30,66,72,45,49,48,66,70,73,72,8,14,5,7,9,22,Centre-Back,2000000,summer,Super League,2022
187,81,Poland,70,71,Left,2022,69,56,62,66,48,73,51,45,60,70,79,78,63,68,52,60,83,67,67,54,58,65,70,68,62,65,64,68,65,8,12,13,10,10,27,Left-Back,3900000,summer,Serie A,2022
186,82,Slovenia,74,74,Right,2022,68,73,69,69,75,68,64,49,56,72,76,76,75,75,66,78,71,72,75,68,42,11,78,70,73,68,15,11,18,9,12,7,8,7,28,Centre-Forward,3500000,summer,Super League 1,2022
184,79,Belgium,73,82,Left,2022,53,23,71,58,24,48,26,27,53,59,72,76,49,67,46,70,70,69,84,58,80,72,23,43,32,65,74,76,74,7,6,12,11,10,22,Centre-Back,19000000,summer,Ligue 1,2022
180,78,Netherlands,72,82,Right,2022,35,74,69,69,58,64,49,44,53,72,77,79,59,67,84,72,89,66,89,63,69,26,74,52,66,74,28,23,24,10,11,15,8,13,20,Centre-Forward,16350000,summer,Eredivisie,2022
185,74,England,73,76,Left,2022,61,36,72,71,43,60,44,40,68,66,68,69,65,70,62,42,80,65,79,39,65,72,37,37,48,71,78,74,72,6,15,10,15,6,26,Centre-Back,4700000,summer,Scottish Premiership,2022
170,66,Scotland,72,82,Right,2022,60,53,50,77,59,72,58,54,74,74,71,64,76,75,77,49,58,67,44,58,65,70,58,74,53,69,66,73,64,9,7,9,12,,21,Defensive Midfield,8300000,summer,Premier League,2022
186,78,France,79,79,Left,2022,13,11,10,22,10,11,20,19,25,23,44,40,36,76,30,58,62,34,67,10,23,24,10,41,20,63,17,11,12,79,77,77,79,80,31,Goalkeeper,2000000,winter,Ligue 1,2022
188,72,Croatia,72,79,Right,2022,62,38,65,64,25,61,26,22,57,64,65,64,77,75,52,48,65,62,69,40,68,81,28,32,44,57,78,75,68,13,14,14,11,5,22,Centre-Back,4050000,summer,Supersport Hnl,2022
184,83,Nigeria,75,76,Right,2022,44,77,72,66,69,70,45,47,55,72,73,77,70,78,64,77,78,74,82,68,56,17,76,58,66,75,42,16,14,14,11,11,12,10,27,Centre-Forward,6500000,summer,Serie A,2022
188,87,United States,73,82,Right,2022,49,23,76,70,26,47,35,24,63,60,78,79,67,66,60,36,90,71,75,22,66,72,38,51,37,61,68,77,74,13,5,13,6,,22,Centre-Back,12000000,summer,Premier League,2022
173,66,Turkey,79,82,Left,2022,81,77,63,74,70,80,83,68,65,82,84,77,84,78,82,78,47,73,50,80,37,29,75,76,73,68,43,33,30,9,13,7,9,8,24,Right Winger,11400000,summer,Ligue 1,2022
183,80,Germany,76,77,Right,2022,42,58,71,74,45,69,51,48,66,73,74,78,66,73,69,77,74,81,77,67,86,74,52,68,47,69,78,75,76,6,11,9,10,7,28,Defensive Midfield,1500000,summer,1 Bundesliga,2022
184,71,England,73,81,Right,2022,67,38,48,65,27,74,49,28,38,71,87,89,80,71,66,50,60,78,63,41,46,69,50,44,37,54,67,68,63,13,8,7,11,6,21,Right-Back,14700000,summer,Premier League,2022
189,81,Slovakia,72,77,Right,2022,32,40,73,68,38,55,40,58,66,63,58,68,50,63,64,72,70,65,85,60,76,70,54,48,55,67,70,71,71,13,12,14,12,13,26,Centre-Back,4500000,summer,Superliga,2022
187,81,Germany,67,84,Right,2022,50,38,65,65,35,53,43,43,61,63,65,67,67,58,69,62,73,73,70,55,74,65,38,58,38,55,65,70,68,5,10,13,5,15,20,Defensive Midfield,1200000,summer,1 Bundesliga,2022
169,60,Turkey,72,77,Left,2022,60,65,46,65,69,83,68,47,56,75,87,84,91,66,89,67,64,59,31,68,68,28,69,67,50,68,30,28,33,13,10,7,13,6,24,Right Winger,2000000,summer,Super Lig,2022
182,79,Italy,70,77,Left,2022,49,70,68,63,68,70,60,53,55,73,69,69,68,69,54,71,60,55,69,68,43,26,72,48,60,58,21,22,29,8,13,10,8,7,25,Centre-Forward,5000000,summer,Serie A,2022
181,74,Italy,78,78,Right,2022,50,83,74,70,80,76,58,54,58,78,81,82,85,80,79,76,84,70,70,70,50,14,84,65,78,72,40,20,15,14,7,10,11,11,34,Centre-Forward,4000000,summer,Serie A,2022
176,72,Italy,77,77,Right,2022,72,74,49,76,66,82,78,75,71,80,89,79,91,75,89,75,40,70,54,73,39,30,74,77,54,71,29,23,22,9,8,14,6,11,28,Second Striker,5000000,summer,Serie A,2022
178,65,Ecuador,76,86,Left,2022,70,67,44,73,71,82,76,53,56,80,87,85,88,75,80,70,51,62,66,67,61,40,75,73,60,77,43,46,38,13,8,14,10,12,21,Right Winger,9000000,summer,Laliga,2022
181,81,Argentina,77,80,Right,2022,46,80,76,68,72,74,69,60,55,78,78,76,75,77,73,79,86,74,74,73,78,24,79,60,71,75,44,38,36,12,15,9,14,11,26,Centre-Forward,10500000,summer,Serie A,2022
188,76,Italy,75,81,Right,2022,11,6,11,27,7,12,14,10,27,14,28,29,33,62,33,51,49,18,53,5,17,15,8,55,13,55,23,11,13,76,73,68,76,78,25,Goalkeeper,8500000,summer,Serie A,2022
193,90,United States,68,75,Right,2022,52,72,59,58,56,66,51,34,41,65,71,81,63,60,45,72,70,69,90,60,38,12,67,53,64,69,20,20,18,5,15,12,8,9,24,Centre-Forward,1880000,summer,Super Lig,2022
185,73,Canada,72,78,Right,2022,57,77,68,66,71,69,43,38,38,67,75,80,70,74,63,68,74,65,75,55,61,26,73,63,73,68,21,30,19,11,13,5,11,,23,Centre-Forward,3000000,summer,Ligue 1,2022
175,70,Croatia,78,84,Right,2022,77,76,45,78,70,84,79,77,70,82,84,75,87,74,83,78,63,72,52,76,41,30,77,74,64,75,35,42,40,9,7,5,6,14,24,Left Winger,1700000,winter,Serie A,2022
189,75,Argentina,81,81,Right,2022,74,77,68,79,75,88,81,63,74,86,81,87,83,78,67,79,63,76,74,71,48,36,79,81,57,73,39,37,26,11,10,7,8,,27,Second Striker,27300000,summer,Serie A,2022
174,74,Netherlands,72,77,Left,2022,69,67,32,69,60,81,64,49,58,76,86,80,85,66,77,72,40,62,54,48,34,42,67,59,55,68,50,44,27,8,15,11,7,11,24,Right Winger,4000000,summer,Eredivisie,2022
182,80,England,70,82,Right,2022,66,59,55,74,50,62,64,66,76,71,68,67,71,67,57,68,61,70,64,66,69,66,55,68,64,72,64,68,64,10,7,7,5,12,21,Defensive Midfield,10400000,summer,Premier League,2022
183,75,Norway,75,82,Right,2022,69,71,49,68,56,78,66,54,63,77,89,84,81,70,76,70,55,81,67,68,45,39,70,70,65,71,43,43,37,9,7,14,8,,22,Left Winger,8200000,summer,1 Bundesliga,2022
182,80,Germany,68,79,Right,2022,68,70,62,65,53,73,48,41,50,66,75,77,62,65,67,68,64,65,74,63,67,12,64,53,67,70,17,36,19,12,8,6,13,11,21,Centre-Forward,2000000,summer,1 Bundesliga,2022
188,80,Denmark,68,76,Left,2022,47,69,64,63,61,69,59,38,42,68,67,68,64,65,64,69,60,74,78,63,39,22,67,61,59,65,45,31,22,8,13,13,8,11,23,Right Winger,3590000,summer,Eredivisie,2022
193,89,Netherlands,71,81,Right,2022,55,74,60,66,62,73,63,61,33,77,69,71,66,68,60,72,66,63,83,70,43,14,70,63,67,73,10,14,16,6,11,12,8,14,21,Centre-Forward,8500000,summer,Serie A,2022
179,70,Brazil,78,78,Left,2022,69,75,61,77,68,84,74,71,71,81,85,84,81,72,74,72,53,70,58,74,55,46,73,74,62,65,45,51,46,8,8,15,9,12,31,Right Winger,6200000,summer,Serie A,2022
178,70,Colombia,69,77,Left,2022,62,62,48,71,50,73,56,42,67,73,76,64,79,68,81,66,59,68,59,60,58,55,67,70,43,65,53,54,48,15,10,13,14,10,23,Attacking Midfield,2500000,summer,Serie A,2022
186,75,Japan,74,80,Right,2022,34,41,70,71,34,64,41,40,68,67,80,69,71,68,69,67,84,85,75,36,67,78,48,51,38,73,74,79,75,13,6,9,10,12,25,Centre-Back,5000000,summer,1 Bundesliga,2022
194,89,Greece,76,80,Right,2022,45,45,78,61,30,57,32,37,55,59,72,89,52,71,36,70,75,63,86,56,82,78,38,37,42,63,73,78,76,12,11,11,7,,24,Centre-Back,3200000,summer,1 Bundesliga,2022
184,81,New Zealand,72,82,Left,2022,62,61,56,67,51,69,65,62,63,68,79,83,65,65,76,67,77,85,77,62,69,70,71,65,61,72,65,68,65,12,11,10,12,,21,Left-Back,3000000,summer,Serie A,2022
188,86,Netherlands,79,79,Right,2022,66,79,92,79,83,67,63,69,62,79,48,52,54,75,57,83,88,71,84,70,54,40,83,69,67,76,39,43,37,16,10,8,8,11,31,Centre-Forward,3000000,summer,Eredivisie,2022
192,91,Germany,73,80,Right,2022,48,36,74,70,29,46,31,35,61,59,70,71,50,71,47,45,63,63,83,33,69,67,33,49,36,69,74,76,73,10,8,11,9,11,22,Centre-Back,2000000,summer,1 Bundesliga,2022
188,85,Denmark,70,70,Right,2022,61,60,71,72,62,67,58,46,70,70,55,55,60,75,58,70,72,82,75,67,79,71,67,68,52,68,69,68,65,7,7,14,13,13,28,Central Midfield,2700000,summer,Superliga,2022
191,82,Italy,74,78,Right,2022,15,20,17,17,18,19,17,15,16,20,40,42,46,71,49,53,54,35,55,14,24,18,15,40,29,50,10,19,11,74,71,70,72,76,26,Goalkeeper,1100000,summer,Serie A,2022
174,78,Belgium,73,82,Right,2022,67,74,64,70,63,71,51,43,52,70,94,93,78,69,78,73,92,76,75,64,69,16,74,67,75,70,29,19,15,9,8,10,8,13,22,Centre-Forward,15390000,summer,Ligue 1,2022
185,81,Norway,71,81,Right,2022,41,33,69,62,33,49,46,24,55,61,68,69,70,70,61,52,91,69,79,32,82,68,35,34,42,58,68,71,68,13,10,13,6,,22,Centre-Back,5000000,summer,Serie A,2022
187,71,France,74,79,Right,2022,42,28,77,71,18,57,42,30,62,67,54,55,46,71,53,59,71,72,74,30,66,75,23,43,46,63,74,77,76,9,13,13,13,8,23,Centre-Back,1500000,summer,Ligue 1,2022
195,95,Germany,70,73,Right,2022,42,74,75,62,69,61,51,39,34,66,40,62,41,70,33,73,63,69,92,49,65,22,75,41,57,65,26,38,19,7,6,10,15,13,25,Centre-Forward,2850000,summer,1 Bundesliga,2022
166,60,Uruguay,79,81,Right,2022,71,61,59,78,65,77,70,72,73,79,76,72,86,77,90,78,52,84,68,74,86,80,68,74,48,78,79,80,76,5,5,13,7,9,26,Defensive Midfield,6000000,summer,Super Lig,2022
183,74,Switzerland,75,78,Right,2022,69,66,62,80,48,75,67,65,79,76,73,71,75,71,72,68,68,89,72,69,65,69,68,74,51,70,65,64,61,10,9,15,9,15,25,Central Midfield,3000000,summer,Serie A,2022
183,73,Morocco,68,68,Right,2022,58,53,58,77,57,72,53,72,75,72,54,54,66,70,60,72,50,66,59,71,58,58,60,63,54,68,63,67,62,9,8,9,11,8,30,Defensive Midfield,1650000,summer,Serie A,2022
199,90,Poland,70,78,Right,2022,12,8,10,28,5,11,13,14,27,15,28,25,42,61,28,50,43,30,70,7,25,11,8,40,18,42,15,10,14,70,69,67,70,72,22,Goalkeeper,2000000,summer,Ligue 1,2022
182,75,Belgium,70,76,Right,2022,71,47,69,68,42,68,63,37,60,68,74,75,71,63,68,54,70,71,66,51,64,65,57,53,46,59,65,68,66,8,14,11,7,12,22,Right-Back,2000000,summer,Ligue 1,2022
183,77,Senegal,67,76,Right,2022,58,57,63,72,49,65,55,60,67,70,74,76,69,68,71,67,73,70,73,59,70,68,64,63,57,66,64,64,61,13,6,12,6,6,23,Central Midfield,3000000,summer,Serie A,2022
190,86,Turkey,77,82,Right,2022,31,32,73,59,42,57,48,23,59,59,67,80,63,68,63,60,71,69,84,38,85,78,26,38,41,74,78,83,79,15,7,13,6,11,24,Centre-Back,21000000,summer,Serie A,2022
193,88,Croatia,71,75,Right,2022,31,29,72,67,33,48,32,28,62,54,55,54,42,68,45,48,60,57,82,21,75,69,31,33,49,60,70,74,72,9,9,7,13,8,24,Centre-Back,3000000,summer,Serie A,2022
185,68,France,80,86,Right,2022,66,64,67,85,55,75,76,67,80,80,75,76,83,76,74,74,72,89,76,66,84,83,72,83,62,78,75,79,76,6,13,6,11,,23,Central Midfield,11000000,summer,Ligue 1,2022
181,77,Cameroon,72,78,Right,2022,57,67,73,76,60,76,71,39,76,74,79,79,81,62,74,78,81,84,78,73,63,70,63,70,55,80,64,66,58,14,9,5,8,13,24,Defensive Midfield,3700000,summer,Serie A,2022
188,78,Italy,73,82,Right,2022,40,24,68,66,31,59,38,29,54,62,67,70,56,74,49,40,72,61,78,30,67,74,30,48,45,64,78,77,73,12,10,6,6,13,22,Centre-Back,7000000,summer,Serie A,2022
185,74,Poland,65,78,Right,2022,37,49,58,63,39,44,41,35,65,62,77,76,68,59,53,57,67,59,70,53,57,68,46,58,40,50,69,65,66,6,12,7,14,14,21,Centre-Back,1500000,summer,Pko Bp Ekstraklasa,2022
169,65,Czech Republic,73,78,Left,2022,67,55,59,75,50,70,67,65,68,72,75,72,75,70,84,65,78,83,73,66,78,72,60,63,61,69,69,70,71,7,15,9,15,,23,Central Midfield,1500000,summer,Eredivisie,2022
191,84,Mali,66,72,Right,2022,49,39,63,66,38,56,52,35,65,64,49,58,57,65,55,68,67,77,79,42,67,63,49,63,42,64,61,64,59,7,10,6,7,7,26,Defensive Midfield,1000000,summer,Allsvenskan,2022
183,70,England,77,80,Left,2022,81,40,60,74,40,73,77,68,66,75,73,74,69,74,63,65,61,80,66,38,63,77,62,63,51,67,76,75,72,10,15,8,11,14,26,Left-Back,17500000,summer,Premier League,2022
191,81,Netherlands,71,75,Right,2022,64,73,74,71,66,71,72,74,65,73,65,54,68,71,51,72,59,66,71,73,43,40,77,72,75,74,58,36,34,10,12,10,13,11,25,Attacking Midfield,2000000,summer,Eredivisie,2022
193,76,Denmark,65,75,Right,2022,52,48,57,68,41,64,50,46,65,66,65,61,61,60,66,56,46,69,69,45,63,62,48,63,48,54,59,61,56,10,10,9,9,8,22,Defensive Midfield,1000000,summer,Jupiler Pro League,2022
186,75,Argentina,74,82,Right,2022,21,21,73,68,22,28,21,32,57,61,63,55,43,73,52,42,74,69,73,16,79,76,26,33,40,67,77,77,77,9,8,8,9,6,22,Centre-Back,8000000,summer,Serie A,2022
183,72,Wales,71,82,Right,2022,72,43,52,69,36,71,52,39,65,71,77,74,75,69,78,52,61,68,56,43,61,69,52,54,45,64,67,71,65,10,11,7,15,,21,Right-Back,20000000,summer,Premier League,2022
170,68,Ghana,69,73,Right,2022,59,60,46,66,58,76,61,48,46,72,89,84,86,62,84,62,84,66,58,69,61,28,62,67,61,63,21,52,34,13,6,14,7,7,23,Right Winger,3000000,summer,Super Liga Srbije,2022
186,86,Turkey,73,80,Right,2022,26,35,73,66,28,62,32,31,63,69,65,73,64,66,64,48,84,65,85,25,84,68,30,60,47,67,68,75,73,10,13,10,6,5,22,Centre-Back,7000000,summer,1 Bundesliga,2022
184,78,Poland,64,67,Left,2022,66,39,60,62,57,61,66,42,65,63,70,64,64,62,59,51,66,67,68,50,67,67,34,45,47,60,64,64,64,8,15,10,9,13,27,Left Midfield,1450000,summer,Serie A,2022
180,74,Italy,68,69,Right,2022,65,55,64,66,50,67,62,60,62,67,75,76,69,63,67,66,74,71,71,50,64,63,55,54,55,60,66,65,63,12,14,13,8,11,26,Right-Back,1000000,summer,Serie A,2022
190,82,Croatia,73,80,Right,2022,51,74,72,60,72,72,61,62,57,73,83,83,65,74,51,73,75,82,79,67,73,31,73,62,64,69,29,32,31,15,11,10,10,6,24,Centre-Forward,4250000,summer,Liga Portugal,2022
178,72,Slovenia,74,77,Right,2022,77,41,60,74,49,72,66,54,73,73,82,77,66,65,71,68,68,78,65,51,83,66,65,62,54,60,68,76,73,7,8,11,11,7,26,Right-Back,1200000,summer,Serie A,2022
175,70,Denmark,74,74,Right,2022,68,69,42,71,64,74,72,71,67,74,89,85,90,71,75,71,42,82,64,72,67,44,72,72,63,74,49,38,26,12,10,8,8,13,27,Attacking Midfield,2000000,summer,Super League 1,2022
183,78,Italy,68,80,Left,2022,72,28,58,47,33,66,43,36,44,73,68,69,53,68,60,72,59,65,67,70,66,65,66,37,49,55,61,69,68,9,11,5,6,11,20,Left-Back,2600000,summer,Super League,2022
183,75,Italy,75,81,Left,2022,70,63,65,78,60,76,66,64,76,77,55,55,67,74,73,70,70,85,75,71,67,75,62,76,55,70,77,75,72,13,14,9,14,16,25,Defensive Midfield,8200000,summer,Serie A,2022
175,66,Wales,71,84,Right,2022,63,68,52,68,58,73,69,67,56,68,94,90,87,64,83,74,77,69,48,70,38,27,65,61,40,52,33,46,34,8,5,6,12,13,21,Right Winger,3000000,summer,Scottish Premiership,2022
196,86,Sweden,75,75,Right,2022,20,11,16,32,16,11,18,16,37,18,31,40,32,70,33,56,40,37,75,14,27,20,13,55,26,45,22,12,16,76,74,74,75,,32,Goalkeeper,3500000,summer,Premier League,2022
191,79,Brazil,65,74,Right,2022,41,33,63,57,32,43,35,34,45,51,64,63,59,66,55,49,74,60,72,38,55,65,26,39,52,64,66,66,67,8,7,6,14,7,21,Centre-Back,1100000,summer,Eredivisie,2022
184,78,Armenia,74,74,Right,2022,58,77,63,73,71,78,57,39,58,75,82,80,79,72,73,72,73,75,68,69,66,22,74,69,60,65,45,25,26,14,15,10,15,10,29,Centre-Forward,1500000,summer,1 Bundesliga,2022
182,75,Morocco,68,74,Right,2022,62,52,62,70,48,78,60,49,67,76,69,75,75,65,69,63,56,71,54,65,54,65,62,64,52,60,60,67,66,8,8,12,15,8,24,Left Midfield,1700000,summer,Jupiler Pro League,2022
194,84,Serbia,69,80,Left,2022,53,43,71,60,25,63,24,38,58,68,53,64,44,66,38,56,62,63,84,36,72,70,34,31,43,68,66,70,65,12,14,8,10,13,21,Centre-Back,7000000,summer,Bundesliga,2022
178,72,Italy,71,86,Right,2022,62,42,57,76,54,69,56,62,72,73,75,75,76,72,70,70,67,82,65,68,72,72,60,69,52,75,74,73,72,14,12,6,11,13,20,Defensive Midfield,8500000,summer,Serie A,2022
182,68,France,66,78,Right,2022,64,46,56,64,39,66,59,37,49,66,78,82,69,63,66,52,67,64,59,42,65,60,59,55,40,65,60,64,61,14,11,9,12,11,20,Right-Back,3000000,summer,Ligue 1,2022
177,70,England,75,80,Right,2022,67,71,43,76,62,77,73,66,68,80,74,72,80,74,74,66,46,68,45,69,48,36,73,77,58,75,40,45,31,10,8,14,15,16,24,Left Midfield,1710000,winter,Scottish Premiership,2022
173,67,Japan,75,88,Left,2022,61,70,39,73,57,85,68,72,58,81,89,74,86,65,83,66,54,76,52,60,43,29,68,72,61,70,40,43,48,6,7,15,10,10,21,Right Winger,6500000,summer,Laliga,2022
183,76,Netherlands,74,77,Left,2022,80,51,63,74,48,72,78,74,75,73,69,66,70,71,74,71,66,81,73,67,69,73,68,75,39,73,67,66,64,7,12,13,7,12,25,Left-Back,2000000,summer,1 Bundesliga,2022
194,86,Kosovo,75,75,Left,2022,35,74,79,70,70,69,58,30,42,74,44,66,49,76,35,78,72,75,91,67,73,18,77,63,71,73,23,25,22,8,9,14,9,10,28,Centre-Forward,8020000,summer,Laliga,2022
178,79,Mali,67,73,Right,2022,58,56,54,66,54,65,55,52,62,66,73,68,68,71,72,67,77,72,74,63,70,66,54,68,50,58,58,64,62,8,14,14,7,14,24,Central Midfield,1100000,winter,Laliga,2022
194,88,Portugal,75,81,Right,2022,40,79,72,62,70,74,59,42,57,73,69,79,42,73,34,76,59,74,86,69,70,18,78,55,70,72,17,20,21,15,11,9,6,13,24,Centre-Forward,15000000,summer,Serie A,2022
182,74,Spain,74,79,Right,2022,60,75,73,74,71,73,63,62,65,76,67,69,75,74,73,76,84,68,73,70,48,37,80,67,72,78,40,29,24,12,9,8,15,7,25,Centre-Forward,10000000,summer,Laliga,2022
181,71,Portugal,76,82,Right,2022,69,65,61,78,64,79,68,70,75,78,80,79,82,78,72,80,71,80,71,76,78,74,73,76,60,75,71,73,68,9,15,7,9,5,23,Central Midfield,6000000,summer,Super Lig,2022
178,74,Spain,78,79,Right,2022,74,52,60,76,41,77,63,50,59,77,82,84,78,76,77,52,64,75,58,43,72,76,67,66,62,70,74,74,76,8,14,14,13,12,27,Right-Back,1000000,winter,Liga Portugal,2022
180,76,Spain,75,83,Left,2022,65,78,74,71,69,74,52,51,66,75,75,77,70,73,70,74,74,72,73,69,47,45,75,68,64,68,45,35,35,8,14,6,14,15,22,Centre-Forward,4000000,summer,Laliga,2022
175,67,Portugal,74,82,Right,2022,72,69,60,69,65,79,75,68,68,78,85,87,88,65,79,75,78,66,54,71,50,37,66,70,59,70,28,31,25,14,7,14,5,11,23,Left Winger,16200000,summer,Scottish Premiership,2022
169,66,Spain,73,80,Right,2022,67,66,58,73,74,74,76,65,70,75,79,77,79,75,81,75,39,73,56,70,40,39,70,75,70,65,30,45,40,15,14,12,12,12,24,Attacking Midfield,3200000,summer,Super League 1,2022
173,68,Spain,72,82,Right,2022,61,65,55,77,42,70,63,71,72,75,71,67,69,69,80,71,67,79,55,72,73,67,58,69,55,63,66,70,65,11,5,7,12,11,22,Central Midfield,1200000,summer,Laliga,2022
176,70,Portugal,80,88,Left,2022,78,45,68,77,54,77,66,59,70,79,91,90,83,78,84,80,71,82,70,63,73,74,73,70,45,75,73,78,74,7,8,8,15,,20,Left-Back,38000000,summer,Ligue 1,2022
174,70,Spain,81,81,Left,2022,81,78,61,84,64,83,84,74,79,84,74,73,81,79,80,75,31,71,59,77,49,58,81,83,72,76,60,54,49,16,7,15,14,,30,Right Winger,5000000,winter,Premier League,2022
176,71,Spain,80,87,Right,2022,80,61,66,75,60,79,65,67,74,82,77,83,78,78,71,83,59,85,74,75,74,76,75,72,46,78,74,78,75,15,7,14,5,7,22,Right-Back,8770000,summer,Liga Portugal,2022
180,82,Spain,75,75,Right,2022,77,66,73,74,67,68,76,80,81,76,60,61,57,76,72,78,77,84,81,81,80,75,62,70,66,76,73,75,69,10,14,9,12,13,31,Central Midfield,1000000,summer,Laliga,2022
174,71,Portugal,74,82,Left,2022,76,52,54,72,47,78,68,59,64,75,87,86,84,73,82,64,52,74,58,48,63,67,72,71,58,72,66,67,65,11,8,8,9,6,23,Left-Back,10000000,summer,Liga Portugal,2022
181,78,Portugal,80,80,Right,2022,81,72,66,84,79,76,81,81,82,81,62,55,66,79,68,88,58,76,66,86,76,73,79,81,82,81,77,72,60,9,9,11,11,10,30,Central Midfield,3000000,summer,Super Lig,2022
178,66,Canada,76,82,Right,2022,72,55,55,77,55,70,74,65,75,75,68,65,71,76,72,69,76,81,69,67,68,75,62,75,64,76,70,76,73,6,5,13,11,,25,Central Midfield,4210000,summer,Liga Portugal,2022
187,77,Portugal,73,82,Right,2022,70,42,57,66,38,75,67,37,52,74,78,79,74,73,59,56,66,72,70,46,70,72,71,53,48,76,69,73,69,15,8,13,9,9,21,Right-Back,2000000,winter,Premier Liga,2022
184,76,Spain,72,81,Right,2022,28,26,70,73,29,34,25,28,44,68,69,72,45,65,58,31,75,55,71,20,65,71,41,34,35,55,72,76,75,7,9,6,14,11,22,Centre-Back,1000000,summer,Laliga,2022
189,91,Brazil,78,78,Right,2022,54,80,80,75,73,76,68,60,50,79,62,67,65,78,38,83,79,68,88,74,75,35,81,76,76,77,40,32,30,15,14,16,15,8,30,Centre-Forward,10000000,summer,Laliga,2022
175,70,Italy,84,90,Right,2022,75,80,50,78,80,89,78,52,72,82,91,91,88,86,81,86,53,85,71,84,69,30,84,77,62,81,65,44,44,6,7,8,9,7,24,Left Winger,42500000,summer,Serie A,2022
178,75,Turkey,72,76,Right,2022,58,75,66,69,70,71,65,54,47,73,78,78,81,70,73,74,79,73,68,65,59,20,76,65,74,69,35,20,19,9,10,8,12,9,25,Centre-Forward,2000000,summer,Super Lig,2022
183,79,Brazil,71,76,Right,2022,42,31,64,67,30,55,30,27,56,58,55,55,59,70,62,54,90,62,72,27,77,71,38,30,48,73,74,74,72,10,13,9,8,13,25,Centre-Back,2000000,summer,Super Lig,2022
186,77,Croatia,70,77,Left,2028,55,42,68,64,39,60,39,56,71,69,76,80,58,66,60,64,70,78,76,57,79,76,48,62,58,64,66,66,64,7,14,13,8,11,22,Defensive Midfield,7500000,summer,1 Bundesliga,2022
175,78,Ecuador,79,83,Left,2027,79,48,75,78,38,73,59,36,62,71,81,83,76,71,70,41,69,79,74,42,74,75,52,56,69,62,69,80,79,14,7,14,7,7,24,Left-Back,17800000,summer,Premier League,2022
190,76,France,78,86,Right,2027,39,29,74,69,40,61,39,38,66,67,68,79,61,75,58,48,78,71,80,37,79,83,42,47,48,70,79,80,78,14,12,9,14,6,21,Centre-Back,80400000,summer,Premier League,2022
174,69,Denmark,73,79,Left,2026,68,70,45,69,63,76,74,63,63,73,83,72,88,69,87,78,83,77,58,70,57,29,71,69,65,72,39,36,35,11,10,11,10,7,24,Right Winger,4200000,winter,Jupiler Pro League,2022
192,77,Sweden,82,86,Right,2026,61,83,75,79,83,80,70,65,47,83,82,85,79,81,66,84,71,72,75,77,52,29,86,76,75,77,25,21,18,7,6,9,7,11,22,Centre-Forward,70000000,summer,Premier League,2022
190,85,Turkey,66,79,Left,2026,26,20,66,54,27,40,35,28,51,52,62,64,54,63,45,44,69,60,76,23,66,64,27,30,54,60,63,70,67,14,14,12,8,13,19,Centre-Back,9500000,summer,Eredivisie,2022
195,76,Belgium,73,84,Right,2026,59,57,67,75,47,73,58,42,73,74,71,79,65,72,52,67,68,76,80,50,71,69,61,67,40,67,66,68,71,7,12,12,9,10,20,Defensive Midfield,35000000,summer,Premier League,2022
181,80,France,68,81,Right,2026,65,24,65,66,34,65,58,32,59,66,76,79,69,61,68,61,75,69,75,43,64,63,59,54,49,57,56,68,67,7,12,12,10,11,20,Right Midfield,9100000,summer,Serie A,2022
176,70,Argentina,70,83,Right,2026,56,67,62,69,55,80,70,72,64,74,87,82,84,62,82,71,70,70,59,63,76,43,67,60,54,64,45,45,43,12,9,14,6,7,20,Central Midfield,13650000,winter,Premier League,2022
189,76,Netherlands,81,86,Right,2026,79,81,60,74,74,85,77,75,66,82,85,87,80,76,71,84,74,78,76,79,60,39,78,77,63,76,43,38,28,15,11,7,9,5,23,Centre-Forward,42000000,winter,Premier League,2022
183,78,Switzerland,69,78,Right,2026,65,64,52,67,58,72,58,57,53,70,78,78,73,64,72,70,58,59,63,61,56,29,67,64,60,63,34,33,31,10,14,10,15,12,21,Right Winger,2000000,summer,Super League,2022
187,81,Uruguay,79,87,Right,2026,67,82,76,69,73,73,68,61,54,75,91,86,78,82,67,85,73,89,88,73,78,41,77,71,76,82,36,39,33,14,10,12,10,13,23,Centre-Forward,80000000,summer,Premier League,2022
180,75,Germany,79,83,Left,2026,87,57,59,72,52,73,79,63,68,76,86,86,77,75,77,64,63,85,75,65,69,73,59,74,49,74,66,71,71,11,8,14,12,6,24,Left-Back,26000000,summer,1 Bundesliga,2022
175,66,Nigeria,76,80,Right,2026,67,76,74,65,69,76,62,62,58,75,89,85,88,78,80,81,94,71,70,68,68,13,72,54,56,67,38,45,27,13,7,11,11,13,24,Left Winger,14800000,summer,Premier League,2022
195,63,Netherlands,64,77,Right,2026,43,62,68,58,54,59,49,34,45,61,74,83,65,57,46,66,73,63,76,54,34,27,61,53,61,59,26,21,23,11,10,12,10,6,19,Centre-Forward,3240000,summer,Bundesliga,2022
175,68,Turkey,63,79,Right,2026,56,53,49,67,48,71,59,52,63,67,68,66,73,54,75,62,52,67,38,55,59,50,64,63,50,63,45,54,50,8,11,6,15,15,18,Central Midfield,4900000,summer,Serie A,2022
185,72,Mali,70,79,Right,2026,54,74,65,65,58,69,54,46,42,70,72,74,68,64,65,73,65,64,73,63,49,17,69,61,71,66,19,14,19,8,15,12,8,12,20,Centre-Forward,8000000,summer,Laliga,2022
187,79,France,70,79,Right,2026,71,29,63,67,35,66,66,44,58,70,67,76,55,63,57,67,65,77,78,65,69,60,62,50,48,66,63,71,70,8,14,11,8,9,22,Right-Back,10000000,summer,Premier League,2022
175,70,Argentina,68,75,Right,2026,63,56,55,71,56,77,67,63,67,74,76,72,73,59,70,72,63,69,66,68,69,55,68,68,55,69,59,57,58,10,12,8,10,10,23,Attacking Midfield,2200000,summer,Premier Liga,2022
179,68,Japan,74,74,Right,2026,65,69,51,75,56,77,72,54,63,77,85,74,87,72,84,57,65,87,41,71,39,37,64,73,56,70,46,46,42,16,11,11,11,7,31,Attacking Midfield,1000000,winter,1 Bundesliga,2022
182,83,France,73,81,Left,2026,52,74,71,66,64,75,56,33,51,75,74,79,72,69,75,72,73,63,74,68,35,12,73,62,68,69,17,26,17,6,10,14,10,10,20,Centre-Forward,28000000,winter,Premier League,2022
195,85,Italy,78,84,Right,2026,22,80,78,76,79,73,69,68,59,81,70,75,63,78,68,80,83,67,85,74,55,26,80,59,68,78,40,28,20,12,10,11,7,12,23,Centre-Forward,28500000,summer,Premier League,2022
182,77,France,68,79,Right,2026,35,71,64,63,65,68,57,40,45,72,83,82,76,59,56,71,73,64,61,62,31,14,65,50,69,68,15,15,14,13,11,15,7,13,20,Centre-Forward,5680000,summer,Serie A,2022
189,71,Scotland,67,79,Left,2026,63,51,63,59,58,63,63,37,57,60,72,77,73,56,71,71,66,80,70,56,67,62,52,58,37,55,62,68,66,15,6,8,10,11,20,Left-Back,3600000,summer,Serie A,2022
173,68,Croatia,75,78,Right,2026,74,57,57,72,57,67,70,67,68,72,85,87,82,71,82,78,62,82,61,62,74,67,67,68,76,72,66,72,71,12,9,10,15,11,27,Right-Back,8550000,winter,1 Bundesliga,2022
189,90,Cameroon,73,80,Right,2026,59,61,64,75,64,73,59,50,73,74,58,61,52,72,53,77,62,73,86,67,77,74,64,74,54,76,69,73,63,9,14,15,12,9,22,Defensive Midfield,4000000,summer,Ligue 1,2022
182,74,Turkey,63,75,Left,2026,56,56,56,61,53,67,61,40,55,63,75,77,72,60,62,67,71,61,67,52,57,55,59,52,55,50,58,60,58,13,8,13,15,7,19,Left-Back,1140000,summer,Super Lig,2022
174,69,Ghana,75,85,Right,2026,66,72,42,70,62,80,70,50,58,79,94,93,90,62,89,70,78,71,61,65,52,26,68,68,56,75,30,25,25,6,13,7,12,14,20,Left Winger,25000000,winter,Premier League,2022
191,84,Serbia,76,79,Right,2026,62,72,78,75,62,80,65,51,73,80,58,64,67,77,56,76,76,74,84,67,78,72,75,77,57,81,72,74,70,9,14,8,12,13,26,Defensive Midfield,9000000,summer,Liga Portugal,2022
183,77,Croatia,67,81,Right,2026,43,70,65,62,60,57,46,39,42,64,73,79,59,65,56,72,70,63,69,65,66,21,68,53,66,58,24,16,13,7,9,10,7,6,20,Centre-Forward,2900000,winter,Bundesliga,2022
179,69,Croatia,76,76,Right,2026,77,78,54,70,78,73,84,80,62,74,87,89,88,77,84,82,66,80,57,85,47,58,77,68,78,74,56,57,55,8,13,6,15,14,30,Left Winger,5750000,winter,Premier League,2022
183,75,Argentina,66,74,Right,2026,36,28,66,53,36,35,27,37,46,45,55,62,56,58,57,55,70,59,69,33,75,68,37,34,33,49,69,69,67,14,11,6,8,11,23,Centre-Back,1000000,winter,Premier Liga,2022
191,80,Italy,73,81,Right,2026,66,47,67,65,47,64,56,37,58,66,67,71,54,75,59,69,70,67,79,48,77,75,53,59,49,59,74,73,72,14,8,13,13,9,24,Centre-Back,8000000,summer,Serie A,2022
175,70,Argentina,76,82,Right,2026,78,66,60,72,60,76,63,32,64,74,79,77,74,74,69,69,75,79,57,66,72,71,70,68,38,68,70,73,69,12,13,8,5,10,24,Right-Back,20000000,summer,Laliga,2022
174,70,England,74,79,Left,2026,64,56,53,68,34,71,55,34,53,74,84,76,82,68,80,43,71,80,48,31,77,69,56,54,36,62,68,74,75,11,9,13,10,11,24,Left-Back,8500000,summer,Premier League,2022
187,79,Denmark,65,79,Left,2026,38,65,62,56,44,58,49,48,44,60,80,83,69,63,66,70,58,68,77,66,71,22,66,47,60,57,27,24,15,12,8,9,14,7,19,Centre-Forward,20000000,summer,Serie A,2022
184,78,Nigeria,69,81,Right,2026,51,55,56,67,51,62,56,38,64,69,73,75,67,65,58,57,70,84,75,46,72,66,53,63,48,55,63,67,64,9,5,12,13,11,21,Defensive Midfield,9500000,summer,Jupiler Pro League,2022
191,79,Ukraine,76,79,Right,2026,69,76,75,75,72,70,52,54,68,77,73,83,68,76,56,77,76,75,76,71,68,39,78,72,67,67,38,48,34,14,15,13,7,13,26,Centre-Forward,17000000,summer,Jupiler Pro League,2022
178,72,Uruguay,72,80,Right,2026,62,64,56,73,47,78,55,67,70,75,78,66,84,72,79,72,64,89,58,71,81,58,68,70,64,63,60,65,62,7,7,9,5,12,22,Central Midfield,1500000,summer,1 Bundesliga,2022
175,63,France,58,78,Right,2026,55,39,46,55,37,59,49,34,46,58,79,77,74,53,80,50,52,57,49,41,55,51,54,48,37,56,49,54,54,9,6,5,6,11,17,Right-Back,1000000,summer,Ligue 1,2022
174,68,Nigeria,72,81,Right,2026,70,67,58,64,61,72,36,35,53,73,91,87,86,66,91,67,73,65,42,59,66,21,73,63,44,67,22,29,23,5,6,10,8,7,22,Right Winger,6500000,winter,Jupiler Pro League,2022
188,86,Brazil,89,91,Left,2026,20,14,14,61,18,23,15,20,66,40,64,63,60,88,48,70,66,41,78,18,38,27,20,70,51,70,29,15,8,87,82,93,88,88,22,Central Midfield,21400000,summer,Serie A,2022
183,78,Portugal,73,76,Left,2026,74,63,57,70,60,77,70,63,61,76,77,75,74,72,73,73,53,80,64,71,63,67,65,71,49,72,62,64,62,5,6,14,7,13,26,Left Midfield,1000000,winter,1 Bundesliga,2022
175,71,Brazil,74,78,Right,2026,69,56,50,80,59,79,65,60,82,77,78,73,82,72,73,64,64,79,55,61,66,52,73,75,61,67,63,57,60,8,12,7,11,7,24,Central Midfield,7000000,summer,Serie A,2022
183,76,Portugal,79,86,Right,2026,59,71,53,79,57,84,74,58,77,82,81,83,74,83,75,77,54,85,74,68,76,78,79,77,59,79,76,75,74,13,10,12,12,13,23,Central Midfield,45000000,summer,Premier League,2022
184,90,Brazil,62,69,Left,2026,41,73,66,50,53,53,50,43,40,56,51,55,52,62,50,64,65,51,82,65,35,16,54,54,71,56,14,22,20,10,6,6,9,10,23,Centre-Forward,2000000,summer,Serie A,2022
189,77,Spain,79,82,Left,2026,24,19,15,63,17,18,23,21,55,43,45,52,40,63,57,58,71,42,52,18,39,16,20,68,25,62,19,20,11,80,79,77,81,82,27,Goalkeeper,12000000,summer,Ligue 1,2022
183,76,Denmark,77,81,Right,2025,72,59,65,68,54,73,59,64,62,71,90,93,77,74,70,78,73,86,78,63,83,73,69,69,51,68,68,73,71,6,12,12,9,13,24,Right-Back,8000000,summer,Liga Portugal,2022
190,80,Turkey,73,74,Left,2025,60,24,73,59,27,49,28,35,47,60,51,49,57,73,60,46,55,74,78,27,75,75,47,30,48,72,75,76,74,13,7,12,7,15,27,Centre-Back,2800000,summer,Super Lig,2022
185,80,Italy,69,78,Left,2025,60,21,60,63,27,59,40,33,50,69,58,55,50,65,55,41,70,55,66,26,67,72,29,45,37,60,72,73,74,8,13,12,12,9,21,Centre-Back,4000000,summer,Serie A,2022
193,91,Denmark,74,74,Left,2025,50,77,83,70,72,62,63,56,49,66,60,67,49,73,58,82,74,68,87,68,73,28,79,66,66,71,40,28,13,15,9,8,11,9,29,Centre-Forward,6000000,summer,Superliga,2022
183,74,England,72,83,Right,2025,73,64,49,68,48,76,75,66,62,74,78,78,73,61,68,68,58,68,56,67,62,28,65,68,65,65,34,40,33,5,6,14,7,8,21,Left Winger,45600000,winter,Premier League,2022
189,80,Switzerland,59,79,Left,2025,31,23,59,51,28,29,30,29,42,45,64,57,49,50,50,38,72,61,73,24,55,56,28,27,36,41,57,62,60,12,9,9,11,5,19,Centre-Back,2900000,winter,Super League,2022
170,62,Norway,66,76,Right,2025,56,58,45,66,56,72,62,60,58,72,82,75,92,54,92,58,49,81,48,58,44,32,64,68,52,66,30,32,32,8,13,13,14,12,22,Second Striker,1500000,winter,Allsvenskan,2022
182,62,Morocco,67,78,Right,2025,51,55,53,73,37,67,55,52,69,72,60,63,72,62,68,68,63,83,64,54,52,53,55,65,55,62,56,63,59,14,13,6,8,7,22,Central Midfield,8000000,winter,Ligue 1,2022
188,83,Sweden,64,77,Right,2025,52,66,55,55,52,67,52,41,44,66,87,90,74,54,53,63,47,69,70,58,49,22,56,61,58,59,17,24,19,8,9,7,5,15,21,Centre-Forward,11000000,winter,Ligue 1,2022
187,80,France,64,82,Right,2025,52,64,61,60,54,67,48,36,45,68,77,76,69,58,55,60,58,54,63,51,33,24,61,58,45,55,16,21,16,8,7,11,6,12,19,Left Winger,2600000,winter,Ligue 1,2022
176,66,United States,73,81,Right,2025,64,65,37,69,59,79,67,67,65,77,83,81,85,67,83,68,69,88,50,67,54,52,69,75,63,67,57,54,46,12,13,7,7,13,21,Attacking Midfield,32840000,summer,Premier League,2022
170,66,Uruguay,75,81,Right,2025,68,73,44,75,73,78,76,55,58,76,85,82,85,67,84,74,60,77,41,71,41,26,76,73,60,72,42,25,28,11,14,15,14,13,24,Left Winger,5500000,summer,Super Lig,2022
189,81,Norway,69,78,Left,2025,63,60,56,73,47,69,68,64,71,70,69,66,72,68,74,62,69,76,67,62,63,69,67,66,65,66,65,68,62,12,6,13,13,8,23,Central Midfield,3250000,summer,Serie A,2022
183,76,Turkey,66,76,Left,2025,66,30,55,61,29,68,57,47,54,62,73,76,70,64,68,54,67,71,70,40,65,60,57,49,43,60,64,62,63,9,7,10,6,11,21,Left-Back,3600000,summer,Super Lig,2022
180,77,Argentina,77,86,Right,2025,66,61,66,80,62,77,74,69,74,80,77,72,76,77,77,83,66,83,79,72,82,69,79,80,73,80,72,75,74,8,6,7,8,10,21,Central Midfield,44250000,summer,Liga Portugal,2022
188,80,Austria,73,79,Right,2025,51,39,77,72,33,59,51,30,68,66,53,66,48,71,50,56,63,68,81,38,71,71,49,58,31,72,74,75,69,14,11,7,6,7,21,Centre-Back,5000000,summer,Serie A,2022
173,70,England,69,75,Right,2025,61,52,58,72,32,65,49,55,68,67,67,68,75,62,77,59,65,72,69,55,76,65,56,65,48,64,67,66,65,13,12,14,11,6,23,Central Midfield,10650000,summer,Premier League,2022
186,81,Germany,70,79,Right,2025,54,70,61,67,64,73,47,34,48,74,87,79,70,71,68,73,65,72,72,61,63,14,70,64,63,66,22,15,23,10,9,6,7,8,23,Centre-Forward,1300000,summer,Eredivisie,2022
181,78,France,81,81,Left,2025,74,83,84,80,84,79,75,59,71,80,75,77,82,80,63,81,88,88,78,77,72,36,82,78,69,80,38,34,23,14,15,9,14,9,28,Centre-Forward,15000000,summer,Ligue 1,2022
185,76,Belgium,71,75,Right,2025,61,70,68,67,66,66,45,49,60,68,74,76,70,72,64,72,71,75,70,67,45,15,76,68,59,61,32,18,13,13,12,12,12,10,25,Centre-Forward,4000000,summer,Jupiler Pro League,2022
200,79,Australia,72,79,Right,2025,24,25,72,66,23,56,26,31,63,63,43,40,58,71,33,33,70,66,84,26,64,73,26,50,40,62,73,72,73,12,12,12,15,13,24,Centre-Back,17000000,winter,Premier League,2022
188,83,Netherlands,71,80,Right,2025,57,69,66,73,58,74,63,48,70,75,68,60,67,71,63,68,72,75,73,66,64,57,75,69,55,72,62,61,55,13,6,12,14,6,22,Central Midfield,5000000,summer,Jupiler Pro League,2022
189,75,Poland,65,76,Left,2025,41,29,63,62,32,56,33,34,58,61,61,66,49,66,53,57,65,76,71,28,68,64,53,57,39,65,65,67,64,7,7,6,13,14,22,Centre-Back,25000000,winter,Premier League,2022
177,75,Sweden,59,75,Right,2025,54,33,36,54,23,55,28,26,52,57,83,86,75,50,72,37,66,76,53,30,46,47,44,49,31,42,44,56,55,10,10,13,10,9,20,Right-Back,1500000,winter,Liga Portugal,2022
173,65,Norway,62,77,Right,2025,55,55,41,55,43,64,42,32,47,64,86,87,90,50,86,57,49,58,33,45,37,41,56,52,47,54,44,38,34,14,6,13,10,13,20,Right Winger,5500000,winter,Ligue 1,2022
185,70,Ecuador,57,70,Right,2025,40,23,48,61,27,26,22,28,55,55,57,54,55,55,55,35,65,62,58,18,57,58,40,47,39,45,61,56,55,13,15,5,12,12,18,Centre-Back,3900000,summer,Jupiler Pro League,2022
192,84,Ecuador,68,77,Right,2025,31,29,69,47,26,29,35,35,27,48,61,63,39,60,42,40,72,64,80,26,68,72,31,28,42,62,68,70,67,8,13,8,15,8,21,Centre-Back,3500000,summer,Ligue 1,2022
175,71,Mexico,75,80,Right,2025,64,35,60,65,33,73,60,36,58,70,91,93,77,70,80,66,77,84,79,45,64,73,49,58,50,66,72,73,71,10,10,12,12,7,24,Right-Back,5000000,summer,Eredivisie,2022
189,84,Norway,72,79,Left,2025,58,70,70,76,65,74,70,57,72,74,62,67,65,68,42,78,70,74,85,75,73,67,70,69,52,71,62,67,57,13,8,10,6,12,23,Attacking Midfield,10150000,summer,Serie A,2022
178,77,Argentina,80,85,Left,2025,75,52,74,80,56,76,63,53,82,78,74,71,73,77,79,72,90,84,78,66,84,82,62,73,55,82,83,81,81,6,14,13,14,8,24,Centre-Back,57370000,summer,Premier League,2022
169,65,Mali,76,84,Right,2025,53,51,53,76,49,74,63,51,73,77,84,80,88,77,91,68,75,86,69,63,80,73,63,70,57,77,71,78,74,7,5,5,8,11,22,Defensive Midfield,15000000,summer,Ligue 1,2022
180,72,Argentina,66,82,Right,2025,58,52,50,70,62,67,71,58,68,71,77,70,79,64,83,52,54,59,57,54,70,60,68,70,52,75,53,60,59,7,12,13,10,13,20,Central Midfield,6000000,summer,Jupiler Pro League,2022
186,80,Denmark,73,74,Left,2025,63,76,69,69,74,75,78,55,56,75,67,61,66,72,71,79,67,82,74,77,56,25,71,71,66,69,35,38,30,12,13,10,14,7,26,Centre-Forward,2300000,summer,1 Bundesliga,2022
185,78,Egypt,74,81,Right,2025,52,75,81,64,65,69,65,47,50,72,67,72,65,67,62,80,90,75,86,72,63,38,77,57,64,64,33,31,27,13,7,8,14,7,24,Centre-Forward,3850000,summer,Super Lig,2022
184,78,Uruguay,76,83,Left,2025,72,49,71,68,38,70,67,41,60,73,74,77,67,78,48,56,75,78,75,48,79,75,63,60,42,70,72,76,75,14,14,12,13,15,24,Left-Back,16500000,summer,Serie A,2022
191,80,Denmark,67,75,Right,2025,45,29,66,61,31,50,35,31,58,60,67,68,57,56,56,43,74,73,77,28,66,65,28,42,36,58,66,68,65,8,13,10,7,12,21,Centre-Back,1750000,summer,Super Lig,2022
190,82,Italy,67,80,Left,2025,35,26,70,46,33,31,32,29,39,57,68,70,58,62,53,56,70,68,67,32,64,66,29,39,40,60,67,72,74,13,11,13,6,11,20,Centre-Back,13000000,summer,Ligue 1,2022
189,82,Austria,74,80,Left,2025,63,41,77,71,34,62,65,69,68,67,68,76,65,67,55,67,81,76,83,62,78,70,52,60,58,67,70,75,77,13,13,14,14,8,24,Centre-Back,12000000,winter,Premier League,2022
188,76,Morocco,79,83,Left,2025,48,40,81,74,41,58,50,41,72,75,67,80,59,78,56,69,89,79,75,54,77,79,52,60,48,69,78,81,78,7,15,9,14,6,26,Centre-Back,35000000,summer,Premier League,2022
183,73,France,64,78,Right,2025,52,41,56,74,44,71,45,46,62,70,72,66,74,58,72,65,66,60,58,44,67,55,56,63,49,65,50,63,58,13,9,7,5,9,20,Central Midfield,12000000,winter,Premier League,2022
182,70,England,77,88,Left,2025,65,72,42,71,67,86,75,63,64,82,92,89,84,74,79,73,76,64,64,72,53,31,67,69,61,72,42,32,37,5,13,6,12,15,20,Right Winger,35000000,winter,Premier League,2022
180,74,Sweden,58,74,Left,2025,55,53,48,55,39,57,42,44,48,58,74,76,75,53,73,52,55,72,45,49,40,50,54,48,48,50,48,48,46,6,8,8,6,13,19,Left-Back,1000000,winter,Super League,2022
175,63,United States,62,77,Right,2025,55,55,48,63,42,65,54,44,60,63,79,75,80,46,77,56,56,61,47,52,49,27,54,63,49,59,32,41,48,8,9,9,13,12,19,Attacking Midfield,4000000,winter,1 Bundesliga,2022
191,79,Netherlands,74,83,Right,2025,69,57,73,74,52,66,68,72,73,72,55,76,58,74,36,84,70,75,75,70,67,77,44,66,57,69,74,77,76,10,13,9,7,6,22,Centre-Back,9400000,summer,Serie A,2022
182,77,Austria,75,85,Right,2025,69,64,44,75,48,79,54,50,63,74,85,77,82,72,72,75,75,83,72,64,60,46,74,71,52,68,53,46,45,12,13,9,14,13,21,Right Winger,5000000,summer,1 Bundesliga,2022
181,80,Switzerland,80,80,Right,2025,63,68,41,81,68,78,60,70,80,81,68,69,69,83,64,73,55,87,69,75,72,79,78,79,61,83,80,79,73,12,8,9,14,13,30,Central Midfield,9000000,summer,Premier League,2022
187,70,Denmark,77,82,Right,2025,74,64,73,73,63,72,70,56,71,69,77,82,72,75,66,75,82,92,78,66,78,73,70,68,62,72,70,73,71,10,9,9,6,10,24,Right-Back,13000000,summer,Premier League,2022
180,61,Ghana,70,75,Right,2025,38,46,58,71,38,64,36,34,66,70,50,61,47,71,69,49,68,66,56,45,79,69,48,65,44,64,68,71,64,11,14,8,11,7,22,Defensive Midfield,5000000,summer,Ligue 1,2022
178,78,Netherlands,80,83,Right,2025,76,76,60,79,76,84,78,65,64,82,87,85,79,79,89,84,68,74,75,80,54,34,78,78,68,76,52,36,32,11,14,12,14,13,24,Left Winger,31250000,summer,Eredivisie,2022
195,81,Netherlands,79,85,Left,2025,43,24,81,72,27,59,47,28,70,64,57,63,59,75,41,65,78,82,88,37,79,77,45,57,37,74,79,82,78,12,9,8,6,14,22,Centre-Back,37000000,summer,Premier League,2022
183,80,France,67,78,Right,2025,40,67,74,57,56,65,48,41,45,66,70,73,66,64,57,64,79,64,71,60,49,22,68,47,62,65,18,23,19,12,6,12,12,10,19,Centre-Forward,11500000,summer,Premier League,2022
184,83,France,72,78,Left,2025,59,34,74,67,31,68,49,31,64,66,69,77,61,65,65,47,70,75,79,36,75,69,55,62,37,66,68,74,70,8,12,13,9,10,23,Centre-Back,12000000,summer,1 Bundesliga,2022
185,81,Sweden,68,73,Right,2025,57,48,44,76,38,70,54,42,70,74,64,60,61,60,71,53,33,81,73,55,63,54,55,69,44,72,58,55,54,10,13,10,6,8,24,Central Midfield,1300000,summer,Eredivisie,2022
182,74,Switzerland,75,75,Right,2025,77,74,68,74,57,77,75,66,72,77,77,77,72,74,72,77,57,74,76,73,69,68,73,70,62,72,67,66,63,15,15,7,14,9,30,Left Winger,1600000,summer,Super League 1,2022
175,72,United States,76,81,Right,2025,55,48,65,79,33,70,52,42,74,72,86,75,84,77,85,51,84,86,68,46,79,74,65,72,51,76,72,77,69,6,13,12,8,7,23,Defensive Midfield,17000000,summer,Premier League,2022
180,76,Germany,83,86,Right,2025,69,81,76,79,84,82,70,58,55,83,93,89,82,87,76,85,75,83,65,77,63,37,88,68,78,79,39,20,19,9,9,8,15,9,26,Centre-Forward,20000000,summer,1 Bundesliga,2022
192,75,Nigeria,76,81,Right,2025,51,80,73,69,65,74,62,45,46,75,80,84,65,68,43,81,80,71,87,67,42,19,71,61,72,66,37,20,19,11,9,13,11,9,25,Centre-Forward,20000000,summer,Laliga,2022
179,67,Serbia,70,76,Right,2025,58,66,41,62,58,76,65,67,52,69,84,84,91,64,78,65,52,80,51,68,41,35,69,68,61,67,39,35,38,14,11,11,14,7,24,Left Winger,4100000,summer,Ligue 1,2022
183,77,Denmark,69,80,Left,2025,67,48,56,65,48,67,62,48,62,68,77,76,72,62,77,60,67,80,68,44,67,62,62,55,42,65,64,65,63,10,10,8,12,6,20,Left-Back,14000000,winter,Premier League,2022
175,75,France,77,82,Right,2025,74,45,64,69,47,75,67,45,62,76,84,83,84,73,83,64,72,84,70,54,78,72,65,58,42,73,73,74,73,8,13,10,10,9,25,Right-Back,4800000,summer,Super Lig,2022
178,67,Denmark,65,79,Right,2025,56,58,32,62,52,68,55,46,56,67,77,78,86,57,82,57,52,69,50,52,49,25,62,61,52,61,26,25,25,6,8,5,9,6,19,Centre-Forward,2200000,summer,Bundesliga,2022
172,69,Sweden,59,77,Right,2025,55,44,42,65,42,61,46,38,61,63,72,69,74,56,85,55,52,62,54,40,62,40,57,61,49,56,51,49,46,9,11,7,7,15,19,Central Midfield,4000000,winter,Premier League,2022
176,68,France,59,72,Right,2025,53,52,37,54,49,63,60,49,49,60,73,72,74,53,74,58,46,51,45,53,44,23,53,54,55,60,29,30,40,12,10,10,13,14,20,Left Winger,2700000,summer,Ligue 1,2022
183,79,Burundi,71,80,Right,2025,56,44,70,72,49,70,57,59,66,70,70,77,64,65,62,60,76,75,78,41,66,71,55,59,57,69,64,73,71,12,9,12,12,6,24,Defensive Midfield,11500000,winter,Ligue 1,2022
179,68,Spain,80,80,Left,2025,76,75,63,77,65,78,69,57,68,78,87,89,85,74,78,61,62,89,61,65,70,76,73,73,70,60,77,78,74,15,7,12,11,9,29,Left-Back,13500000,winter,Premier League,2022
185,84,Brazil,89,89,Right,2025,58,64,79,84,62,69,62,74,84,79,60,69,61,87,66,88,87,89,90,81,91,87,75,80,66,84,85,88,87,13,14,16,12,12,30,Defensive Midfield,70650000,summer,Premier League,2022
196,89,Portugal,73,83,Left,2025,29,23,73,59,28,35,33,25,50,54,35,40,35,73,32,42,32,57,92,23,79,72,22,36,38,70,75,78,73,10,7,9,14,15,22,Centre-Back,20280000,summer,Liga Portugal,2022
178,68,Portugal,75,78,Right,2025,74,69,60,69,67,76,78,74,55,78,83,85,81,75,80,77,71,78,66,74,76,69,72,74,67,75,68,68,67,13,15,7,6,9,25,Central Midfield,2000000,winter,Superliga,2022
166,68,Brazil,75,84,Right,2025,74,60,55,76,49,78,71,52,62,75,85,90,80,73,86,66,80,75,67,50,68,69,77,72,50,71,68,73,64,14,14,10,14,5,23,Right-Back,14500000,summer,Serie A,2022
176,63,Portugal,76,86,Left,2025,72,68,46,79,65,77,72,68,75,80,76,74,76,70,69,72,47,62,48,73,51,33,72,82,69,74,37,42,35,9,5,15,13,6,22,Attacking Midfield,35000000,summer,Premier League,2022
190,79,Brazil,76,77,Left,2025,68,38,70,74,33,66,52,37,76,75,67,75,64,72,64,47,79,66,81,23,72,73,48,52,56,64,79,75,80,7,9,7,13,5,28,Centre-Back,5230000,summer,Super Lig,2022
180,72,Brazil,81,86,Left,2025,72,79,66,80,74,86,77,74,78,86,74,76,77,81,79,77,79,82,75,75,76,71,80,82,75,86,67,72,63,14,9,12,11,11,25,Attacking Midfield,42950000,summer,Premier League,2022
190,82,Portugal,78,85,Right,2025,10,5,8,44,8,16,9,9,38,21,55,55,58,78,33,51,63,23,68,4,12,9,6,55,13,56,21,15,13,78,76,68,76,80,23,Goalkeeper,10500000,summer,Serie A,2022
184,77,Spain,76,79,Left,2025,65,59,42,81,44,72,66,52,85,76,50,50,67,70,65,66,57,70,65,68,69,74,60,80,68,74,73,72,71,12,11,11,10,8,25,Defensive Midfield,12000000,summer,Premier League,2022
168,57,Brazil,73,83,Right,2025,64,65,43,74,53,76,66,39,77,76,85,83,90,74,72,65,53,71,44,70,30,64,75,74,47,75,67,54,52,13,11,14,11,14,22,Central Midfield,7500000,summer,Serie A,2022
176,73,Spain,78,78,Right,2025,78,75,54,80,65,79,82,59,76,80,69,67,76,74,73,74,64,78,56,75,52,54,76,77,59,75,65,52,41,12,7,16,7,7,28,Left Winger,1800000,summer,Laliga,2022
171,68,Spain,72,81,Left,2025,77,65,45,74,64,74,75,76,69,73,76,67,85,70,83,67,61,77,58,65,68,72,72,76,78,73,67,67,65,11,7,9,11,10,21,Left-Back,15000000,summer,Premier League,2022
168,70,Belgium,69,83,Right,2024,63,57,32,73,58,76,65,63,68,76,78,69,83,65,92,66,74,83,53,56,62,44,57,68,36,66,46,48,38,6,14,9,13,8,20,Attacking Midfield,2000000,winter,Jupiler Pro League,2022
190,86,Czech Republic,80,81,Left,2024,76,77,68,83,69,83,73,70,78,83,71,69,73,80,64,83,58,85,75,80,61,63,79,82,68,80,59,65,62,14,15,10,12,11,28,Attacking Midfield,7860000,winter,Serie A,2022
188,81,Croatia,72,72,Right,2024,47,76,74,63,70,66,52,38,42,67,68,73,67,73,59,70,72,79,77,71,71,28,77,63,74,68,32,31,20,16,7,12,7,10,28,Centre-Forward,2500000,summer,Scottish Premiership,2022
184,75,Italy,65,73,Left,2024,54,55,60,70,51,70,59,54,70,70,69,69,65,63,69,68,57,60,57,50,43,48,55,65,60,68,52,59,61,10,9,6,12,11,23,Attacking Midfield,9000000,summer,Serie A,2022
183,75,Guinea,74,76,Right,2024,62,48,59,76,46,75,60,37,72,76,63,61,75,73,69,66,54,72,68,56,74,72,54,75,52,78,73,74,72,11,14,5,11,11,25,Defensive Midfield,1890000,summer,Jupiler Pro League,2022
175,72,Scotland,73,85,Right,2024,72,48,62,71,56,70,62,40,69,73,76,74,74,63,64,64,64,76,51,61,47,64,53,66,48,72,68,73,72,13,14,8,13,5,20,Right-Back,14250000,summer,Premier League,2022
188,86,Czech Republic,77,87,Right,2024,69,75,73,75,73,78,68,64,68,79,79,78,69,76,78,78,70,76,84,76,70,23,77,78,66,80,23,32,23,11,10,9,11,10,19,Centre-Forward,13000000,summer,1 Bundesliga,2022
177,79,France,73,79,Right,2024,72,68,45,70,75,79,81,83,62,75,78,79,74,64,88,81,58,62,33,78,47,27,70,71,56,69,28,40,43,13,13,8,14,15,23,Left Winger,10100000,summer,Serie A,2022
188,80,Ghana,70,78,Right,2024,47,32,69,69,28,58,57,26,68,63,77,80,62,65,66,52,80,71,76,28,73,67,43,48,35,62,70,69,66,13,6,10,9,11,24,Centre-Back,1500000,summer,Laliga,2022
187,81,France,81,88,Right,2024,68,67,73,84,50,78,76,53,83,80,70,73,75,81,71,78,74,86,82,72,82,84,75,82,55,82,80,83,78,9,8,12,12,7,22,Defensive Midfield,80000000,summer,Laliga,2022
177,72,France,77,77,Right,2024,75,70,61,78,64,78,73,70,77,78,72,73,74,77,83,75,72,78,67,74,69,68,79,78,68,77,63,68,57,14,9,15,9,13,29,Attacking Midfield,3900000,winter,Ligue 1,2022
191,82,Austria,71,74,Right,2024,62,48,77,64,32,58,63,69,55,54,72,73,56,67,44,71,78,79,81,66,75,70,63,52,63,60,66,73,73,8,11,8,14,7,27,Centre-Back,1100000,summer,Super League,2022
194,75,France,76,84,Left,2024,48,38,78,78,31,57,56,34,77,66,59,69,47,74,37,70,79,66,84,47,68,78,44,68,46,74,78,78,72,8,7,5,15,8,21,Centre-Back,38000000,winter,Premier League,2022
178,72,Senegal,73,81,Right,2024,62,72,73,63,74,67,54,55,47,74,79,84,69,69,72,85,74,61,58,68,42,32,72,64,73,69,24,31,27,10,14,11,8,15,22,Centre-Forward,7000000,winter,Ligue 1,2022
187,88,Switzerland,77,80,Right,2024,63,72,71,76,77,77,68,58,70,74,83,84,67,76,67,84,73,79,85,71,78,44,82,72,66,71,40,63,38,13,6,7,7,12,25,Centre-Forward,12500000,summer,Ligue 1,2022
171,63,Argentina,68,79,Left,2024,63,59,49,61,57,79,63,62,57,71,85,81,89,56,85,69,51,63,56,64,41,35,64,55,61,72,37,37,33,10,8,8,8,12,22,Left Winger,1700000,winter,Premier Liga,2022
192,79,Belgium,77,87,Left,2024,74,78,75,77,76,79,73,72,77,82,74,77,78,75,60,77,69,83,75,74,57,59,77,78,67,76,45,61,57,11,8,14,8,8,21,Attacking Midfield,36500000,summer,Serie A,2022
180,73,Mali,75,78,Right,2024,51,56,58,78,42,75,52,42,76,79,69,73,74,76,72,59,67,79,77,56,75,76,67,77,46,77,72,79,73,10,14,12,12,15,22,Defensive Midfield,22600000,summer,Premier League,2022
189,81,Switzerland,71,74,Right,2024,64,74,73,65,68,66,47,48,57,66,71,67,59,67,63,73,78,71,78,66,59,29,73,57,66,65,28,35,36,9,9,9,7,7,25,Centre-Forward,1820000,summer,Super League,2022
191,70,Mexico,76,79,Right,2024,41,43,78,73,31,60,62,37,76,68,66,58,75,74,51,55,84,78,78,35,75,76,56,65,48,75,76,76,75,9,10,5,5,13,25,Centre-Back,8000000,winter,Laliga,2022
182,76,Denmark,74,74,Right,2024,72,63,55,77,65,70,68,72,76,75,72,73,75,71,72,77,67,90,68,73,74,70,69,74,55,75,73,69,67,12,12,12,11,13,28,Central Midfield,7000000,summer,Jupiler Pro League,2022
177,68,Scotland,63,80,Right,2024,66,33,50,58,27,63,61,54,55,63,72,75,72,55,66,66,61,74,65,43,64,56,57,52,42,60,56,59,57,13,8,9,9,8,18,Right-Back,4900000,summer,Premier League,2022
179,67,Denmark,66,66,Left,2024,70,48,38,65,52,66,68,65,61,67,83,78,81,59,76,68,74,77,58,62,60,60,67,67,48,64,60,60,58,13,12,14,10,15,30,Left-Back,1000000,summer,Superliga,2022
188,84,Belgium,76,76,Right,2024,46,20,79,71,44,53,34,13,60,60,67,70,64,64,62,55,81,71,85,25,77,75,39,38,17,66,76,78,80,11,8,13,13,8,31,Centre-Back,2000000,summer,Jupiler Pro League,2022
178,69,Croatia,73,79,Left,2024,71,53,62,71,46,74,63,38,64,74,79,79,76,69,74,59,62,72,63,55,71,70,69,65,43,69,68,71,70,11,10,13,13,6,22,Left-Back,5000000,summer,Serie A,2022
185,77,Tunisia,74,77,Right,2024,65,56,73,70,54,63,63,53,73,68,65,66,63,73,61,74,75,73,78,64,75,73,56,65,63,71,75,76,74,6,10,9,7,9,27,Centre-Back,1000000,summer,Serie A,2022
188,80,Slovakia,77,85,Left,2024,71,53,79,72,42,69,60,72,73,72,76,78,68,77,53,74,63,79,82,68,73,78,65,62,69,74,76,77,77,14,12,6,7,14,24,Centre-Back,8300000,summer,Eredivisie,2022
178,73,England,80,80,Right,2024,66,82,78,75,76,78,72,70,61,79,78,76,76,82,77,82,79,73,69,82,67,46,83,72,81,82,38,45,34,10,13,12,16,6,30,Centre-Forward,12000000,winter,Premier League,2022
186,70,Norway,57,76,Right,2024,53,58,44,51,44,59,39,41,49,59,76,74,66,40,60,60,55,61,67,35,53,25,56,45,58,44,19,25,28,14,11,13,14,15,19,Centre-Forward,2500000,winter,Eredivisie,2022
183,70,England,77,83,Left,2024,78,65,59,76,57,80,77,74,71,79,74,71,76,75,77,69,68,78,65,68,57,46,73,75,62,76,57,54,44,6,14,14,12,14,22,Left Winger,17000000,summer,Premier League,2022
177,71,Burkina Faso,62,72,Left,2024,39,66,69,53,49,64,39,46,38,63,69,73,57,55,71,61,63,51,50,63,29,19,59,53,66,59,16,22,20,9,6,13,14,10,20,Right Winger,22500000,winter,Premier League,2022
185,77,Austria,67,77,Right,2024,50,38,66,64,34,48,30,31,59,62,68,72,69,64,63,55,80,80,74,39,70,63,44,48,34,58,60,70,68,9,14,13,14,7,21,Centre-Back,3500000,summer,Serie A,2022
172,64,North Macedonia,77,78,Right,2024,75,77,51,77,79,80,88,89,74,79,79,69,84,75,85,85,48,75,45,81,62,62,72,78,80,82,57,59,57,12,13,8,12,6,27,Attacking Midfield,3000000,summer,Super Lig,2022
194,94,Norway,88,94,Left,2024,47,94,78,74,88,78,77,62,51,85,82,93,77,88,72,94,74,82,93,87,85,43,89,73,76,85,44,53,29,7,14,13,11,7,21,Centre-Forward,60000000,summer,Premier League,2022
180,80,Argentina,74,79,Right,2024,59,75,75,65,67,74,68,61,50,73,78,76,75,73,76,76,79,73,74,68,55,29,75,61,68,70,39,30,28,12,16,7,7,6,25,Centre-Forward,4000000,summer,Laliga,2022
186,76,Ukraine,75,76,Left,2024,67,58,68,69,74,70,72,72,65,72,78,80,73,71,64,77,68,86,67,70,74,75,66,65,34,64,68,72,70,11,11,9,13,10,27,Left-Back,2500000,winter,Ligue 1,2022
179,71,Norway,76,78,Right,2024,72,64,65,78,54,74,72,63,75,75,71,76,82,73,81,68,75,91,68,66,71,74,66,72,66,77,74,73,71,12,14,14,8,13,26,Central Midfield,13000000,summer,Liga Portugal,2022
182,75,France,76,79,Right,2024,75,42,61,72,49,71,65,47,66,72,79,79,71,70,73,64,75,86,75,54,73,70,72,69,50,70,71,72,71,14,12,9,12,13,26,Right-Back,4000000,summer,Ligue 1,2022
184,84,Switzerland,74,83,Right,2024,66,70,55,75,64,73,65,68,72,77,75,72,72,69,73,80,70,81,85,75,74,69,72,73,62,72,69,70,70,8,10,15,8,13,23,Left Midfield,2000000,summer,Super League,2022
182,75,Argentina,69,82,Left,2024,30,21,69,64,28,58,30,34,55,62,65,72,66,62,68,41,75,72,74,26,70,70,41,52,45,67,70,70,68,14,11,10,9,6,20,Left-Back,4400000,summer,Jupiler Pro League,2022
178,68,Norway,70,79,Left,2024,63,64,39,66,57,72,68,54,60,71,85,79,89,68,75,61,58,81,54,65,54,43,70,66,50,67,58,63,46,11,13,7,14,12,22,Central Midfield,2200000,winter,Superliga,2022
177,73,Japan,73,76,Right,2024,70,60,47,76,25,76,72,39,73,75,69,66,69,68,69,67,59,73,71,65,70,68,69,70,45,67,69,76,68,6,10,13,7,8,27,Central Midfield,3450000,summer,Liga Portugal,2022
179,82,Cameroon,73,77,Right,2024,62,74,65,66,60,72,59,56,54,73,81,83,78,67,79,79,68,69,76,69,48,45,72,48,66,70,39,17,14,9,10,8,8,13,23,Centre-Forward,4400000,summer,Ligue 1,2022
191,90,Sweden,63,72,Right,2024,28,30,67,48,33,46,29,25,40,44,72,77,49,53,47,39,75,57,88,29,55,59,33,38,45,51,60,65,62,12,5,10,11,13,23,Centre-Back,3200000,summer,Serie A,2022
187,70,Colombia,57,74,Right,2024,31,59,47,48,38,53,41,27,45,62,79,82,69,50,63,42,71,69,71,45,63,14,60,43,51,48,19,28,22,6,6,10,9,5,19,Centre-Forward,16640000,winter,Premier League,2022
176,66,Japan,77,77,Right,2024,76,73,44,73,69,77,63,65,66,75,91,88,82,73,77,68,87,89,61,71,64,67,76,78,57,77,54,61,56,13,12,15,5,7,29,Right Winger,10000000,summer,Ligue 1,2022
179,68,Poland,69,83,Right,2024,63,64,51,65,46,73,66,48,51,67,90,92,84,57,67,64,54,58,55,62,40,51,64,63,52,59,44,47,43,5,10,13,8,14,20,Left Winger,10000000,summer,1 Bundesliga,2022
181,75,France,83,89,Right,2024,45,47,79,80,32,69,42,26,75,74,81,82,71,85,74,48,88,76,80,40,75,86,47,62,43,82,85,85,83,11,10,8,14,13,23,Centre-Back,50000000,summer,Laliga,2022
193,86,Norway,69,79,Right,2024,45,71,71,61,63,67,52,43,46,66,59,63,54,67,51,70,71,72,83,63,64,26,71,63,58,70,29,27,23,7,14,14,8,9,22,Centre-Forward,12400000,summer,Laliga,2022
184,86,Germany,71,82,Right,2024,64,73,56,67,63,77,55,43,49,74,85,79,77,69,76,71,63,71,75,65,55,23,67,59,55,60,31,31,23,6,11,10,14,9,21,Right Winger,4000000,summer,1 Bundesliga,2022
189,85,Netherlands,66,75,Right,2024,48,60,60,67,56,67,58,46,62,68,69,72,65,66,54,68,58,75,78,60,65,60,66,66,48,64,61,60,56,7,9,8,11,7,22,Central Midfield,1500000,summer,Premier Liga Ukr,2022
185,73,Colombia,74,74,Left,2024,75,62,55,72,43,72,74,64,69,73,88,89,72,64,59,80,75,69,71,61,73,71,69,65,60,70,64,72,70,13,8,14,9,15,30,Left-Back,5500000,summer,Laliga,2022
189,80,Switzerland,78,80,Right,2024,24,17,24,45,15,27,21,16,35,31,52,51,32,74,51,55,75,35,72,18,22,25,15,48,27,55,20,21,24,78,75,73,76,80,29,Goalkeeper,9000000,winter,1 Bundesliga,2022
186,74,Netherlands,65,78,Left,2024,61,31,55,61,29,59,46,38,56,53,87,90,73,55,65,43,65,73,73,41,58,57,51,47,41,53,59,60,62,6,13,14,15,9,21,Left-Back,6000000,winter,Super Lig,2022
185,83,Denmark,71,73,Right,2024,65,65,71,73,55,69,60,55,69,70,70,75,68,74,75,68,77,85,79,60,72,69,69,67,58,74,70,70,68,11,12,5,10,6,25,Central Midfield,4000000,summer,1 Bundesliga,2022
187,86,Germany,71,79,Right,2024,64,45,64,66,33,69,56,30,54,67,83,90,67,66,65,52,56,76,87,38,70,65,59,57,36,56,65,68,62,12,13,14,10,8,21,Right-Back,3700000,summer,1 Bundesliga,2022
177,67,France,80,80,Right,2024,69,70,59,83,72,79,69,71,78,82,81,75,77,77,81,83,74,81,79,77,82,77,74,74,80,80,79,80,77,9,10,11,8,9,29,Central Midfield,13000000,summer,Ligue 1,2022
177,75,Germany,74,87,Left,2024,63,77,58,69,71,78,67,62,64,75,94,92,88,68,81,76,88,74,72,75,51,23,75,68,73,73,18,19,25,12,12,7,12,7,20,Left Winger,30000000,summer,1 Bundesliga,2022
182,77,Germany,67,73,Right,2024,62,35,56,67,30,64,41,37,59,65,74,78,65,64,70,44,58,69,69,38,63,63,50,57,37,57,62,65,61,7,13,10,13,10,21,Right-Back,2500000,summer,1 Bundesliga,2022
178,72,England,81,85,Right,2024,70,62,66,82,55,73,62,71,82,80,69,67,72,76,72,75,82,85,78,68,86,78,66,75,58,79,80,82,78,8,8,8,12,14,26,Defensive Midfield,49000000,summer,Premier League,2022
184,78,Argentina,77,77,Right,2024,48,83,85,69,80,74,49,44,47,74,66,60,68,77,71,79,87,68,78,66,72,22,83,65,76,76,22,27,20,8,15,7,15,15,29,Centre-Forward,6000000,summer,1 Bundesliga,2022
178,65,France,76,77,Right,2024,78,51,60,75,68,72,75,56,73,74,70,74,67,75,66,72,73,74,72,55,68,76,69,71,46,76,75,76,75,13,8,8,9,16,27,Right-Back,2500000,summer,Super Lig,2022
181,75,Scotland,70,80,Right,2024,58,67,66,71,64,68,69,67,69,68,72,73,79,62,76,75,74,91,77,70,84,68,68,71,77,74,64,67,67,6,11,6,14,14,22,Attacking Midfield,2000000,summer,Serie A,2022
172,60,Colombia,79,86,Right,2024,67,75,69,76,74,87,64,42,69,82,92,87,94,75,87,71,89,77,58,68,56,50,74,76,55,77,56,48,47,15,13,9,13,9,23,Left Winger,25000000,summer,Premier League,2022
190,94,Italy,77,77,Right,2024,64,80,72,76,78,78,76,80,66,81,71,75,68,62,49,86,72,59,91,80,73,30,74,74,91,80,10,22,20,2,2,2,4,2,32,Centre-Forward,2620000,summer,Super League,2022
188,76,Guinea,75,80,Right,2024,57,78,69,64,73,75,69,51,46,75,72,74,69,75,55,78,59,62,74,69,38,23,77,62,73,75,24,19,16,14,14,5,11,14,24,Centre-Forward,14000000,summer,Ligue 1,2022
180,71,Denmark,76,86,Right,2024,63,70,51,73,48,82,66,82,70,80,90,79,91,68,86,71,72,72,56,72,64,45,72,76,47,74,52,46,40,6,10,14,11,7,22,Left Winger,15000000,summer,Premier League,2022
189,89,Netherlands,85,89,Right,2024,52,50,85,75,45,65,48,55,67,73,71,79,60,84,62,82,93,75,93,66,83,81,44,45,40,82,84,86,85,12,11,11,12,10,22,Centre-Back,67000000,summer,1 Bundesliga,2022
187,81,Italy,71,76,Right,2024,13,9,11,23,11,18,12,14,15,20,35,23,38,48,35,50,66,44,62,18,26,9,6,35,17,56,21,12,10,74,71,67,71,74,24,Goalkeeper,4150000,summer,Serie A,2022
181,72,Croatia,62,70,Left,2024,30,64,50,53,48,62,31,28,41,66,78,76,70,59,68,64,60,64,57,54,31,19,64,54,57,55,16,14,19,14,12,5,14,7,23,Left-Back,1000000,summer,Superliga,2022
175,67,Serbia,72,73,Right,2024,69,51,47,73,64,77,60,51,72,77,78,73,87,76,83,67,64,79,53,70,68,70,67,71,62,64,63,64,65,8,11,13,8,14,27,Attacking Midfield,1000000,summer,Super League 1,2022
176,71,Germany,81,81,Right,2024,81,75,47,85,84,83,81,72,81,88,69,66,77,80,83,75,58,75,70,68,59,65,80,86,78,87,64,42,53,14,7,12,6,10,30,Attacking Midfield,3000000,summer,1 Bundesliga,2022
179,74,France,74,84,Right,2024,75,44,57,70,52,69,68,36,62,71,86,88,74,70,76,60,69,83,66,46,74,66,65,62,45,72,65,69,70,10,6,14,8,11,19,Right-Back,30000000,winter,Premier League,2022
184,85,Gabon,75,75,Right,2024,70,59,69,77,68,77,72,66,75,78,69,71,70,76,73,80,55,77,77,71,75,75,66,73,68,74,75,75,72,12,9,15,8,16,29,Defensive Midfield,11000000,winter,Premier League,2022
184,76,Netherlands,68,75,Right,2024,58,52,64,69,48,61,63,63,64,66,68,64,68,63,72,66,67,77,73,55,65,68,59,61,56,67,67,70,68,10,5,12,8,14,22,Defensive Midfield,1000000,summer,Eredivisie,2022
192,79,Austria,69,75,Right,2024,52,69,64,64,66,72,58,52,56,70,67,69,71,69,60,69,64,58,74,58,57,21,73,62,65,64,14,20,16,5,9,7,12,7,24,Centre-Forward,1300000,summer,Bundesliga,2022
171,63,Ukraine,67,72,Left,2024,66,66,58,59,56,72,65,58,57,70,74,73,74,60,83,70,58,63,48,67,31,17,66,60,66,62,42,39,22,5,11,10,11,11,25,Right Winger,1000000,summer,Premier Liga Ukr,2022
191,80,Germany,71,83,Right,2024,44,43,73,70,36,61,42,44,65,66,70,75,65,68,60,50,76,65,79,39,66,70,42,55,64,71,67,72,69,10,6,15,11,9,21,Centre-Back,8800000,summer,Serie A,2022
185,68,Netherlands,68,78,Right,2024,41,40,64,55,34,61,36,34,47,53,69,75,63,59,58,48,81,71,72,38,71,67,39,37,58,58,68,71,70,8,9,14,12,6,20,Right-Back,2000000,winter,Eredivisie,2022
182,70,France,68,79,Right,2024,59,67,46,63,65,69,62,47,61,70,85,90,68,61,65,66,55,67,58,55,38,17,60,54,66,64,27,31,34,9,11,9,12,11,22,Right Winger,8000000,summer,1 Bundesliga,2022
190,79,Italy,80,88,Left,2024,64,76,60,77,60,80,65,60,68,84,89,86,79,75,81,79,65,73,89,72,87,60,85,76,60,70,64,59,58,8,11,11,13,5,23,Attacking Midfield,15000000,winter,Super Lig,2022
178,82,Belgium,76,81,Right,2024,61,43,51,78,50,84,65,50,73,83,76,65,82,80,85,66,67,77,69,68,71,72,64,76,42,80,76,70,70,7,6,7,7,10,24,Central Midfield,13000000,summer,Premier League,2022
176,65,Netherlands,79,84,Left,2024,76,48,60,80,61,76,76,44,74,80,85,85,82,78,79,65,64,85,67,49,80,76,73,78,42,75,74,76,74,8,12,6,9,13,22,Left-Back,10000000,summer,Eredivisie,2022
179,74,Sweden,62,74,Left,2024,58,30,50,64,40,52,55,35,62,50,72,60,57,52,61,40,60,77,59,42,56,60,57,46,40,46,56,59,58,12,6,13,9,14,20,Left-Back,1500000,summer,Ligue 1,2022
175,64,Ukraine,79,82,Left,2024,81,58,70,81,61,80,81,76,78,82,75,71,78,78,78,77,72,75,63,71,74,77,75,78,59,80,78,78,76,15,11,13,11,11,25,Left-Back,35000000,summer,Premier League,2022
182,71,Ukraine,70,73,Left,2024,68,73,55,62,52,74,71,70,54,70,78,87,55,70,64,78,67,58,65,69,30,24,67,61,55,54,13,16,12,11,9,10,9,5,26,Right Winger,2000000,summer,Premier Liga Ukr,2022
179,71,Netherlands,70,83,Right,2024,59,52,56,74,46,75,64,40,71,76,77,79,76,71,76,68,80,80,76,56,62,63,61,66,49,74,60,68,65,5,8,12,11,8,21,Central Midfield,7400000,summer,Eredivisie,2022
183,75,Denmark,68,78,Right,2024,68,45,48,65,40,66,60,45,60,67,82,86,79,64,72,58,60,83,63,45,67,59,64,56,35,59,56,61,59,9,13,8,8,9,21,Right-Back,3000000,summer,Jupiler Pro League,2022
190,89,Italy,58,68,Right,2024,61,54,52,55,55,62,52,53,52,60,69,72,68,42,43,65,45,34,55,50,31,27,56,52,54,55,30,28,37,6,7,5,13,13,20,Left Winger,2000000,summer,Serie A,2022
172,70,Japan,77,83,Left,2024,72,70,45,75,59,80,73,67,69,80,81,79,86,75,92,76,36,77,59,75,41,44,72,77,58,73,39,36,42,8,5,6,13,14,24,Right Winger,8500000,summer,1 Bundesliga,2022
189,78,Denmark,73,75,Right,2024,48,42,80,65,35,47,52,53,68,58,59,63,53,70,59,45,88,72,78,35,72,72,56,55,35,61,74,75,72,15,10,12,11,14,26,Centre-Back,2500000,winter,Superliga,2022
190,82,Turkey,66,68,Right,2024,27,34,72,58,29,42,34,26,50,49,56,55,51,51,47,44,69,61,71,28,70,64,35,30,46,52,63,70,67,12,8,6,7,7,28,Centre-Back,3700000,winter,Super Lig,2022
183,71,Greece,70,80,Right,2024,50,53,62,73,48,68,50,38,70,73,77,75,66,63,66,70,66,74,69,75,71,66,56,62,39,66,65,67,66,8,8,9,8,10,20,Central Midfield,4000000,summer,Liga Portugal,2022
190,70,Netherlands,68,79,Left,2024,67,58,56,69,49,68,61,46,65,68,77,74,75,60,67,68,56,65,60,64,57,52,64,63,45,54,55,56,53,13,10,14,13,10,22,Attacking Midfield,2500000,winter,Eredivisie,2022
193,90,Germany,68,73,Left,2024,59,69,76,63,63,57,42,28,48,59,53,61,45,67,42,75,59,75,87,57,74,38,70,55,55,63,39,42,38,6,13,14,11,10,23,Centre-Forward,1500000,summer,1 Bundesliga,2022
183,85,Nigeria,76,79,Right,2024,57,77,74,71,66,72,55,35,56,69,79,84,70,76,70,82,81,73,83,65,77,33,77,53,70,63,25,27,23,10,7,9,8,10,24,Centre-Forward,20500000,summer,Premier League,2022
192,86,France,74,75,Right,2024,51,79,80,73,69,63,45,59,61,73,53,67,53,75,48,74,64,75,86,57,72,25,79,73,82,76,39,39,29,5,13,9,6,15,27,Centre-Forward,5000000,summer,Serie A,2022
169,67,Netherlands,79,85,Left,2024,72,50,58,75,59,78,45,48,56,76,84,85,84,75,89,65,85,80,72,62,80,77,60,60,46,65,74,81,81,9,9,12,8,8,22,Left-Back,15000000,summer,Premier League,2022
174,67,Japan,76,77,Right,2024,66,77,50,73,72,81,73,69,63,78,83,75,89,74,86,71,76,76,55,73,64,49,75,71,72,78,34,33,29,9,12,8,15,14,27,Left Winger,15000000,summer,Ligue 1,2022
187,83,France,72,85,Right,2024,37,32,77,70,37,64,41,31,67,67,72,69,55,66,56,57,77,69,78,25,71,70,36,53,42,65,72,74,68,6,14,9,8,7,20,Centre-Back,16000000,summer,Laliga,2022
175,70,Netherlands,77,77,Left,2024,76,70,71,78,68,78,75,69,77,80,76,73,76,76,80,81,78,81,76,76,79,75,70,73,53,78,73,72,70,12,8,16,12,12,27,Central Midfield,2500000,summer,Laliga,2022
175,75,Norway,73,73,Right,2024,60,74,66,68,64,69,64,44,65,71,84,83,75,67,91,76,90,90,84,67,82,44,75,70,74,71,34,38,33,13,14,12,11,9,28,Centre-Forward,2000000,summer,Allsvenskan,2022
184,79,Netherlands,73,73,Left,2024,35,69,72,72,63,67,54,39,66,70,75,75,69,75,63,80,71,72,91,66,83,19,77,75,81,74,45,37,37,13,7,11,15,16,28,Centre-Forward,5500000,summer,Jupiler Pro League,2022
187,82,Belgium,76,82,Right,2024,32,34,79,71,24,53,41,35,70,65,62,60,42,73,58,60,70,70,79,27,74,76,41,42,42,69,77,78,75,12,10,8,7,7,24,Centre-Back,17000000,summer,Premier League,2022
173,65,Austria,72,83,Left,2024,65,69,43,66,56,78,68,58,58,79,86,80,86,60,89,65,76,55,43,68,54,19,55,69,56,68,15,18,11,12,11,6,6,15,19,Right Winger,6000000,summer,Super Lig,2022
182,71,Denmark,62,85,Left,2024,49,54,49,68,54,69,62,58,67,71,69,68,65,57,62,58,54,64,52,50,45,32,54,64,59,58,45,56,51,6,8,10,14,11,17,Central Midfield,1000000,winter,Superliga,2022
174,65,Portugal,70,81,Right,2024,59,45,47,69,54,75,69,42,68,76,77,74,72,76,80,75,46,69,47,59,58,57,74,74,59,59,52,59,54,5,14,14,14,7,22,Attacking Midfield,1200000,summer,Pko Bp Ekstraklasa,2022
177,70,Portugal,70,77,Left,2024,62,65,53,73,50,71,65,64,70,71,71,74,69,63,72,71,54,72,61,58,58,40,68,72,54,69,42,38,35,12,12,12,12,7,24,Attacking Midfield,4070000,summer,Liga Portugal,2022
178,66,Brazil,62,77,Right,2024,53,46,47,65,53,74,59,50,62,71,69,74,57,63,62,58,51,48,53,40,40,23,48,59,62,63,41,38,48,6,11,15,12,11,22,Right Winger,95000000,summer,Premier League,2022
173,68,Brazil,66,74,Right,2024,52,66,59,63,61,73,59,40,64,68,77,74,73,65,65,64,49,59,47,60,32,17,55,60,68,65,21,21,13,6,13,6,10,7,24,Left Winger,2900000,summer,Liga Portugal,2022
187,76,Spain,76,79,Left,2024,74,75,52,77,65,76,74,75,73,77,70,71,69,74,42,73,64,65,69,77,45,55,77,77,62,78,49,49,44,10,5,10,12,8,25,Attacking Midfield,14000000,summer,Laliga,2022
188,82,Brazil,80,85,Right,2024,46,54,83,65,36,60,30,20,69,62,76,76,69,78,72,65,80,66,81,35,80,82,50,44,43,74,83,84,83,13,15,13,5,6,25,Centre-Back,41000000,summer,Serie A,2022
173,70,Portugal,77,77,Right,2024,72,71,53,70,60,85,77,70,61,80,92,87,92,69,87,75,72,75,55,70,56,38,70,70,69,66,26,27,28,11,13,8,12,8,28,Left Winger,4250000,winter,Super Lig,2022
193,80,Spain,66,69,Right,2024,55,61,68,60,64,71,58,40,46,68,79,88,70,62,47,65,77,66,77,60,35,26,62,64,65,56,39,25,26,11,10,9,8,7,26,Centre-Forward,1500000,winter,Laliga,2022
185,86,Brazil,82,83,Right,2024,35,32,79,76,34,65,47,71,74,71,77,77,68,84,53,73,82,73,87,57,85,82,52,63,41,75,83,79,81,7,10,14,7,11,29,Centre-Back,31000000,summer,Premier League,2022
178,68,Spain,77,81,Right,2024,60,74,50,81,50,76,60,53,80,79,66,59,67,78,70,71,55,74,62,74,70,75,74,80,70,73,73,75,73,9,15,8,6,8,26,Central Midfield,4500000,summer,Laliga,2022
183,76,Brazil,84,84,Right,2024,62,54,74,84,56,71,65,53,79,78,65,67,70,83,62,76,76,82,81,68,85,85,59,76,54,78,84,85,83,7,5,9,3,5,23,Centre-Forward,6000000,summer,Bundesliga,2022
179,68,Portugal,81,86,Right,2024,81,78,72,78,75,83,76,70,69,81,85,87,84,81,75,86,63,74,73,87,64,50,79,76,69,78,24,34,30,9,12,11,9,9,25,Left Winger,32600000,summer,Premier League,2022
187,81,Spain,69,79,Right,2024,61,45,64,68,37,65,63,58,62,66,64,59,66,66,46,58,75,73,76,53,62,72,47,68,57,69,68,70,63,10,11,10,8,6,22,Central Midfield,2800000,winter,Laliga,2022
180,79,Brazil,67,75,Right,2024,58,66,64,63,67,72,53,51,48,70,73,72,68,63,63,68,75,57,75,64,38,18,65,58,67,70,16,18,13,9,15,15,6,6,23,Attacking Midfield,3500000,summer,Super Lig,2022
175,67,Spain,78,81,Right,2024,72,67,48,80,51,71,71,73,75,78,76,69,72,77,77,76,71,86,72,72,72,78,75,74,73,80,77,77,73,12,13,8,10,10,27,Central Midfield,5000000,summer,Laliga,2022
185,81,Brazil,78,83,Left,2024,35,31,68,74,34,69,56,34,72,73,65,68,63,77,62,52,86,92,83,29,89,78,25,58,52,76,78,78,75,8,8,8,10,5,26,Centre-Back,13000000,summer,Laliga,2022
170,71,Brazil,69,76,Left,2024,55,63,42,69,67,75,55,40,58,72,80,84,81,50,85,77,66,62,73,67,65,24,68,64,65,69,23,26,30,15,9,14,8,10,19,Right Winger,3500000,summer,Premier League,2022
167,64,Spain,72,75,Left,2024,68,71,55,71,62,73,72,69,67,74,74,72,85,70,90,69,58,76,60,70,65,40,72,72,64,73,44,48,48,8,14,7,9,6,25,Attacking Midfield,6000000,summer,Super League 1,2022
174,72,Spain,69,76,Left,2024,65,48,59,68,33,67,53,36,61,68,79,83,71,68,69,52,63,82,70,37,60,62,67,57,44,54,62,61,57,9,10,15,10,14,24,Left-Back,1800000,summer,Laliga,2022
176,68,Brazil,83,86,Left,2024,79,77,45,74,72,87,81,77,73,84,90,91,88,83,79,83,74,86,65,79,76,55,82,77,78,80,47,54,38,8,7,13,8,14,25,Right Winger,58000000,summer,Laliga,2022
181,71,Brazil,81,86,Right,2024,73,81,83,78,75,85,74,65,61,83,85,81,79,81,73,83,86,81,77,72,84,46,82,74,77,81,45,58,48,12,7,8,11,13,25,Centre-Forward,58000000,summer,Premier League,2022
178,66,Brazil,74,82,Right,2024,62,74,58,74,62,76,58,46,65,76,84,80,81,76,78,74,59,81,58,63,53,40,73,69,72,71,22,22,25,12,9,14,9,6,22,Left Winger,6500000,summer,Laliga,2022
173,64,Portugal,78,88,Right,2024,71,66,39,82,62,81,62,61,79,84,76,70,90,74,84,69,56,75,45,71,53,73,72,80,73,82,68,72,68,12,13,8,5,5,22,Centre-Forward,32000000,winter,Ligue 1,2022
169,65,Argentina,70,80,Left,2023,73,57,39,67,54,74,76,71,63,70,86,90,88,64,81,71,73,83,59,65,76,59,66,60,60,63,55,64,64,13,9,10,11,5,21,Left-Back,4350000,summer,Scottish Premiership,2022
184,79,Denmark,67,73,Right,2023,72,51,54,61,47,62,70,42,59,65,88,84,66,57,66,58,69,75,73,48,60,55,63,61,49,57,56,64,60,13,14,10,15,10,23,Right-Back,1500000,summer,Ligue 1,2022
181,72,Italy,69,80,Left,2023,69,49,51,66,55,69,58,60,59,68,72,72,71,60,69,60,58,65,49,52,61,64,60,60,46,61,65,69,67,13,7,7,13,13,22,Left-Back,8750000,summer,Serie A,2022
183,71,France,78,82,Right,2023,72,75,67,79,52,85,67,66,74,81,73,76,74,77,65,70,70,82,72,68,69,67,78,79,56,74,66,73,69,12,6,11,15,14,25,Attacking Midfield,6000000,summer,1 Bundesliga,2022
180,77,Canada,70,75,Right,2023,62,43,54,63,34,59,62,37,59,63,80,79,76,66,68,64,73,77,71,45,74,68,55,54,49,63,71,70,69,8,9,14,11,11,24,Right-Back,3500000,winter,Scottish Premiership,2022
184,81,Tunisia,71,76,Right,2023,58,55,47,71,33,72,51,44,66,74,66,57,70,66,71,58,64,89,72,59,76,72,66,64,62,81,66,62,59,10,11,13,14,13,26,Central Midfield,2600000,winter,1 Bundesliga,2022
188,84,Argentina,80,80,Right,2023,18,14,11,37,15,24,16,15,34,20,55,52,65,77,60,57,73,38,59,12,45,15,18,65,14,64,22,15,15,81,77,76,80,81,34,Goalkeeper,1050000,summer,Laliga,2022
191,87,Morocco,74,74,Left,2023,74,30,73,69,37,69,64,35,70,73,54,69,63,69,42,63,64,75,75,46,66,72,58,60,31,72,69,75,76,14,14,13,7,6,28,Centre-Back,5000000,summer,Serie A,2022
187,84,France,79,79,Right,2023,62,83,88,67,74,69,66,56,55,73,63,73,65,82,60,77,85,67,86,68,75,18,85,63,77,79,39,31,19,10,11,11,6,8,34,Centre-Forward,5100000,summer,1 Bundesliga,2022
183,79,Senegal,63,69,Right,2023,51,62,57,56,52,64,46,39,46,63,80,82,72,56,58,62,83,66,68,58,42,25,62,55,50,50,26,25,27,11,10,12,5,6,24,Right Winger,1200000,summer,Jupiler Pro League,2022
172,65,Algeria,73,76,Left,2023,66,64,51,72,65,80,72,62,65,78,86,80,89,62,80,68,61,72,55,68,77,47,68,71,60,65,28,54,47,8,6,8,7,12,25,Right Winger,3000000,summer,Ligue 1,2022
190,87,Serbia,72,72,Right,2023,58,75,71,70,69,66,56,55,49,72,65,67,62,66,40,73,74,71,82,65,73,30,74,67,67,72,43,48,46,14,12,14,10,10,30,Centre-Forward,1000000,summer,Super Liga Srbije,2022
184,81,Algeria,68,73,Left,2023,64,48,64,66,54,64,56,47,62,68,76,84,63,62,64,56,79,76,82,59,68,64,56,61,55,60,67,68,66,7,7,14,9,12,24,Centre-Back,2000000,summer,Super Lig,2022
175,65,France,65,82,Right,2023,56,59,55,59,39,68,55,33,47,67,88,87,85,55,70,59,57,52,36,48,30,22,62,58,54,58,25,25,20,13,10,14,14,8,19,Left Winger,4000000,summer,Ligue 1,2022
186,82,France,68,77,Right,2023,50,32,68,66,39,47,37,36,56,65,68,56,61,63,62,53,76,73,73,34,68,65,36,51,48,59,67,70,66,7,10,8,13,5,21,Right-Back,3000000,summer,Ligue 1,2022
188,74,Poland,76,79,Right,2023,19,12,13,35,12,20,12,20,32,18,46,42,33,72,54,53,57,34,56,18,19,21,15,62,21,65,20,16,16,79,72,70,76,78,24,Goalkeeper,1950000,summer,Serie A,2022
190,83,Germany,81,81,Right,2023,9,9,13,50,10,16,9,8,48,35,55,56,52,77,44,56,73,43,70,14,28,25,7,56,23,62,27,15,18,82,78,75,80,83,30,Goalkeeper,3600000,summer,Premier League,2022
183,74,Netherlands,64,80,Left,2023,55,25,59,50,34,49,37,33,52,50,74,66,56,59,47,31,55,57,63,26,65,64,43,42,38,61,65,69,67,13,9,12,10,14,19,Left-Back,6000000,summer,Jupiler Pro League,2022
183,70,England,64,86,Right,2023,53,58,46,68,52,71,55,46,67,68,67,63,57,56,75,56,50,48,61,34,58,33,66,64,58,65,43,49,54,12,12,9,11,10,18,Central Midfield,18000000,summer,Premier League,2022
188,77,England,78,78,Right,2023,65,49,84,66,29,48,45,24,62,63,48,53,56,76,50,57,84,72,80,30,79,80,56,51,66,69,79,78,79,7,8,7,7,5,32,Centre-Back,3750000,winter,Premier League,2022
195,81,Benin,73,74,Right,2023,47,28,72,68,30,49,39,35,58,68,44,55,52,74,32,48,67,52,81,29,70,76,29,37,45,71,75,75,70,6,11,10,15,15,28,Centre-Back,2000000,summer,Ligue 1,2022
196,88,France,75,75,Right,2023,51,52,82,72,28,54,38,36,73,68,64,72,38,67,33,64,82,53,82,32,82,71,60,62,55,67,76,74,73,8,14,12,11,8,29,Centre-Back,1000000,summer,Ligue 1,2022
185,75,Italy,63,75,Right,2023,28,18,66,50,21,43,29,24,41,48,52,54,51,60,57,44,74,48,66,20,57,65,38,32,40,56,65,66,66,8,10,11,6,10,22,Centre-Back,5000000,summer,Serie A,2022
177,75,Turkey,67,77,Right,2023,60,46,44,69,50,66,71,69,70,66,68,61,75,61,80,70,67,71,61,60,68,70,56,62,47,68,61,66,62,13,10,5,13,12,22,Defensive Midfield,1200000,summer,Super Lig,2022
184,80,Czech Republic,72,83,Right,2023,71,68,65,75,70,73,66,66,74,72,63,62,66,73,70,66,51,75,72,69,64,70,66,77,59,71,66,68,65,12,12,14,6,9,18,Central Midfield,1000000,summer,Serie A,2022
184,75,Chile,70,81,Right,2023,59,72,70,66,51,72,26,33,57,71,71,74,70,66,69,72,74,74,74,56,56,17,72,59,56,61,31,16,15,13,5,11,13,6,22,Centre-Forward,2500000,summer,Serie A,2022
181,74,Denmark,80,80,Right,2023,79,76,69,80,69,77,78,84,81,80,73,75,73,80,71,85,68,87,73,80,74,79,76,78,61,77,76,76,75,11,9,10,13,13,33,Central Midfield,1750000,summer,Superliga,2022
174,65,Cameroon,66,76,Left,2023,63,41,44,64,39,63,42,37,55,60,80,86,84,55,82,35,53,77,64,40,52,57,55,57,41,55,54,64,67,7,11,12,14,13,21,Left-Back,1500000,summer,Ligue 1,2022
185,75,Cameroon,69,78,Left,2023,66,28,67,62,27,65,40,31,53,70,72,74,54,63,63,45,75,71,75,38,65,68,51,45,41,52,65,72,68,13,7,9,12,10,23,Centre-Back,4000000,summer,Serie A,2022
184,84,Serbia,84,84,Left,2023,91,76,59,80,73,86,79,80,75,82,87,84,76,82,79,86,67,90,77,78,80,63,79,81,66,80,69,72,68,13,14,12,12,13,29,Left Midfield,13000000,summer,Serie A,2022
175,68,Norway,78,78,Right,2023,73,58,58,82,60,76,66,55,79,78,75,76,74,81,83,74,65,90,75,66,78,78,66,78,51,80,75,72,66,8,12,11,13,13,28,Central Midfield,3500000,summer,Super Lig,2022
184,69,Italy,74,77,Right,2023,48,58,54,75,48,74,55,42,74,75,73,69,67,76,67,66,64,82,68,61,69,73,73,72,53,73,64,73,72,6,8,9,8,6,24,Central Midfield,4500000,summer,Serie A,2022
177,65,Italy,67,77,Left,2023,56,35,48,58,32,63,48,38,54,62,84,82,78,62,69,48,64,74,56,42,73,62,59,48,43,55,61,65,66,12,14,5,10,7,22,Left-Back,2000000,summer,Serie A,2022
186,78,Netherlands,75,79,Right,2023,53,79,75,77,59,72,60,63,72,75,66,71,68,78,63,72,62,87,71,66,72,68,82,73,66,72,54,59,57,12,6,12,11,14,24,Attacking Midfield,3000000,summer,Eredivisie,2022
180,75,Scotland,61,76,Right,2023,59,33,50,49,30,56,59,50,40,54,74,77,64,61,67,49,66,70,58,41,56,55,47,40,39,51,53,56,54,6,11,7,14,13,21,Right-Back,3400000,winter,Premier League,2022
183,71,England,72,75,Left,2023,71,51,61,65,38,64,62,58,58,64,75,76,72,69,70,58,76,87,68,51,58,67,54,54,53,58,64,68,66,12,15,15,13,13,26,Left-Back,2400000,summer,Premier League,2022
194,92,France,77,82,Right,2023,37,30,76,67,48,50,32,34,63,62,60,69,52,73,47,50,74,69,85,31,79,79,42,43,44,70,77,79,78,10,7,6,14,9,25,Centre-Back,17800000,summer,Premier League,2022
174,66,Senegal,82,82,Right,2023,60,60,69,80,36,76,60,66,76,79,72,69,79,81,83,82,84,87,69,72,83,86,72,70,55,79,82,87,83,8,6,8,12,13,32,Central Midfield,4000000,summer,Premier League,2022
192,84,Italy,75,77,Right,2023,21,17,17,34,14,16,13,13,23,22,44,40,38,70,44,53,56,28,56,20,27,22,16,56,22,62,22,22,21,75,73,71,73,77,28,Goalkeeper,2550000,summer,Serie A,2022
204,100,France,63,79,Left,2023,42,29,64,55,27,47,38,24,47,55,51,66,50,59,42,39,71,57,83,19,62,60,38,46,41,64,59,64,58,14,7,7,5,12,19,Centre-Back,5500000,summer,Ligue 1,2022
183,76,Nigeria,74,78,Left,2023,62,67,56,76,58,78,68,59,73,76,80,82,85,72,77,72,66,78,69,67,67,69,71,75,61,72,66,70,68,14,13,11,5,7,25,Central Midfield,7100000,summer,Premier League,2022
175,75,England,70,75,Left,2023,66,66,34,66,56,79,63,52,59,72,75,68,74,65,82,66,45,66,46,61,40,24,66,58,61,58,32,38,40,14,13,8,13,7,23,Right Winger,2300000,summer,Premier League,2022
164,64,France,75,75,Right,2023,70,70,40,69,54,78,60,51,61,75,89,92,89,69,92,65,69,85,55,66,47,54,69,57,53,68,53,55,51,14,12,8,14,14,28,Right Midfield,2000000,summer,Ligue 1,2022
185,83,Netherlands,80,80,Right,2023,17,10,12,50,19,12,10,10,35,32,56,50,48,80,50,59,71,40,67,15,25,25,11,60,21,61,18,12,11,80,79,78,80,78,33,Goalkeeper,1000000,summer,Eredivisie,2022
178,67,France,79,79,Right,2023,84,68,58,75,56,77,77,77,67,78,86,84,84,78,71,77,64,89,64,68,67,69,75,77,52,76,67,75,72,15,14,15,8,15,29,Right-Back,7500000,summer,Ligue 1,2022
177,72,Norway,68,80,Right,2023,60,68,49,70,54,65,64,52,66,69,69,74,84,62,84,64,68,84,63,66,63,58,69,66,49,69,61,60,60,9,10,12,14,13,22,Central Midfield,1030000,winter,Eredivisie,2022
176,71,France,68,82,Right,2023,52,37,53,74,43,63,43,43,69,69,66,64,66,58,75,53,66,74,58,41,68,65,54,57,46,63,64,66,65,6,13,14,6,7,19,Defensive Midfield,4250000,summer,Ligue 1,2022
187,84,Colombia,73,81,Left,2023,61,23,71,72,23,58,32,31,71,68,67,73,63,70,60,38,71,71,84,28,73,74,33,36,36,71,70,74,73,6,11,10,8,7,24,Centre-Back,8000000,summer,Serie A,2022
183,84,Norway,71,75,Right,2023,65,56,59,67,55,67,59,33,62,68,69,65,73,68,72,66,82,76,70,56,80,65,58,58,49,65,68,71,74,7,13,8,7,7,25,Right-Back,5000000,winter,1 Bundesliga,2022
184,80,England,76,76,Right,2023,75,62,67,83,66,73,69,73,85,77,50,51,55,73,63,85,62,75,71,79,83,62,65,81,71,80,60,63,60,14,11,15,8,16,30,Central Midfield,6500000,winter,Premier League,2022
189,86,Serbia,69,71,Right,2023,38,72,71,64,51,64,50,41,38,74,65,63,66,62,44,67,76,69,77,61,51,21,73,63,78,70,27,26,21,5,7,10,7,11,27,Centre-Forward,1000000,summer,Ligue 1,2022
177,70,Poland,67,69,Left,2023,42,69,65,61,57,62,54,50,53,64,75,71,79,59,65,69,90,71,80,56,52,27,68,54,66,63,27,16,14,7,15,15,11,9,26,Centre-Forward,1000000,summer,Super Lig,2022
173,73,Switzerland,67,82,Right,2023,58,68,59,68,54,69,67,68,65,70,72,71,82,55,81,73,70,67,63,70,65,56,63,66,60,53,53,59,57,13,11,11,13,12,22,Left Midfield,3000000,summer,Super League,2022
187,89,Senegal,86,86,Right,2023,30,22,84,63,14,69,28,28,64,64,74,91,51,83,34,55,82,70,94,15,83,85,35,52,33,81,90,89,86,7,11,7,13,5,31,Centre-Back,38000000,summer,Premier League,2022
184,83,Switzerland,77,78,Right,2023,75,49,64,69,39,71,62,48,65,74,88,85,76,72,73,66,78,91,78,44,73,70,72,68,35,71,70,73,74,8,7,7,14,14,27,Right-Back,5500000,summer,Premier League,2022
189,89,Denmark,83,83,Right,2023,18,12,16,41,15,12,13,15,46,40,42,49,60,82,47,59,60,34,63,14,35,20,13,59,26,67,14,14,13,81,78,79,81,86,35,Goalkeeper,1000000,summer,Ligue 1,2022
183,75,Argentina,67,75,Left,2023,65,35,45,59,34,68,46,37,56,65,71,74,71,64,73,50,61,76,64,44,68,57,50,46,43,53,65,67,68,8,6,8,7,8,23,Left-Back,1960000,summer,Laliga,2022
177,67,United States,69,75,Left,2023,66,54,42,73,52,73,66,60,71,73,73,59,76,66,81,58,56,74,51,51,54,57,68,69,61,67,63,57,59,11,14,12,7,10,24,Central Midfield,1400000,summer,Laliga,2022
189,88,Belgium,77,78,Right,2023,75,65,77,80,70,73,73,71,78,76,53,67,55,73,54,85,73,83,85,75,75,77,76,75,55,77,78,78,75,14,8,14,14,6,27,Defensive Midfield,15000000,summer,Premier League,2022
191,84,Georgia,68,73,Left,2023,26,22,65,51,21,36,23,24,46,52,52,60,44,64,42,45,63,64,88,24,78,67,26,35,31,58,66,69,66,7,8,13,11,6,24,Centre-Back,1600000,summer,Serie A,2022
182,77,Italy,70,70,Right,2023,62,70,64,62,68,72,63,41,57,73,72,78,81,72,80,70,70,85,67,64,50,36,75,66,70,68,40,22,20,5,12,10,13,11,30,Centre-Forward,2790000,summer,Serie A,2022
172,67,Belgium,79,79,Right,2023,76,78,65,77,74,81,82,69,74,78,89,76,92,72,85,78,78,74,60,79,47,18,77,76,75,82,30,31,18,14,8,11,7,7,28,Left Winger,24000000,winter,Premier League,2022
187,91,Switzerland,82,84,Right,2023,55,38,78,81,42,73,54,59,81,76,78,82,69,82,67,75,84,72,82,48,75,82,37,65,40,78,83,84,84,10,9,13,6,9,27,Centre-Back,20000000,summer,Premier League,2022
181,76,Netherlands,68,74,Left,2023,67,42,58,68,52,71,43,52,65,68,78,76,54,63,63,44,56,80,67,62,62,61,63,60,49,62,56,65,64,6,10,14,7,14,24,Left-Back,2300000,summer,Eredivisie,2022
176,78,Netherlands,85,85,Right,2023,84,84,65,81,74,87,85,83,76,87,82,84,80,84,81,87,69,79,83,83,72,28,85,85,76,80,23,31,20,8,14,6,12,10,28,Centre-Forward,3000000,winter,Laliga,2022
188,75,Germany,73,79,Left,2023,59,29,69,67,30,60,44,35,61,64,84,85,59,73,61,56,65,69,72,35,66,75,44,40,39,69,74,77,74,12,14,14,7,12,24,Centre-Back,3500000,summer,1 Bundesliga,2022
175,67,Peru,69,75,Left,2023,65,48,60,65,49,71,65,65,59,67,78,79,72,66,77,69,71,77,63,53,68,61,53,58,51,66,65,67,64,6,12,8,6,5,22,Left-Back,1200000,summer,Eredivisie,2022
178,64,Argentina,63,79,Left,2023,47,31,45,69,37,71,52,35,63,73,62,58,64,61,63,39,47,65,51,36,44,57,55,64,44,45,59,61,54,11,10,15,9,11,20,Defensive Midfield,11000000,winter,Premier League,2022
191,80,Germany,65,77,Right,2023,69,48,57,69,39,69,42,39,65,69,70,69,66,68,60,54,58,75,69,49,48,56,58,59,42,61,57,62,59,11,14,10,7,8,20,Central Midfield,2900000,summer,1 Bundesliga,2022
183,78,Argentina,78,84,Left,2023,63,32,77,77,58,76,31,32,79,76,67,56,66,73,61,55,81,71,79,52,74,80,32,75,40,75,82,77,77,10,13,11,7,8,25,Centre-Back,15000000,summer,Premier League,2022
187,91,France,77,77,Right,2023,72,52,65,75,62,78,75,60,74,76,65,76,64,75,58,83,70,83,90,59,85,73,71,65,60,74,75,77,71,14,8,11,10,8,32,Central Midfield,2000000,summer,Ligue 1,2022
185,77,Sweden,75,80,Right,2023,68,64,32,79,53,78,66,63,77,79,74,79,76,66,67,71,63,76,68,75,65,71,58,77,57,73,62,68,61,7,6,13,8,12,23,Central Midfield,9500000,summer,1 Bundesliga,2022
177,70,England,72,80,Left,2023,67,64,50,72,57,74,61,58,67,73,79,80,78,70,79,67,50,77,60,67,39,57,67,72,63,63,46,65,53,9,14,6,12,8,23,Left Midfield,11900000,summer,Premier League,2022
189,79,Norway,74,77,Right,2023,68,62,85,75,55,71,56,48,73,76,69,67,65,78,68,69,82,91,74,60,83,75,73,70,49,74,73,78,66,13,14,10,7,13,26,Central Midfield,3000000,summer,1 Bundesliga,2022
187,82,Poland,68,73,Right,2023,33,36,71,62,32,34,29,24,49,58,58,66,65,64,56,38,88,68,77,19,72,67,41,40,39,72,64,69,65,15,12,13,16,9,25,Centre-Back,1300000,summer,Ligue 1,2022
177,63,Italy,78,79,Right,2023,69,72,66,78,66,84,67,51,74,81,85,81,86,76,84,75,46,73,64,71,61,58,76,75,61,71,55,53,52,13,16,14,8,7,27,Left Winger,7100000,summer,Serie A,2022
186,76,Argentina,68,80,Right,2023,65,67,35,71,61,68,72,65,70,73,65,61,60,59,63,70,45,74,61,72,38,49,67,73,62,58,47,49,47,8,12,6,11,10,21,Attacking Midfield,3200000,summer,Jupiler Pro League,2022
176,72,Sweden,72,73,Left,2023,74,62,30,67,57,75,73,69,54,73,89,85,89,67,76,60,59,71,51,61,35,30,60,73,53,66,38,48,31,11,7,10,16,14,26,Right Midfield,2000000,summer,Super League 1,2022
172,66,Argentina,70,79,Left,2023,65,60,52,67,64,75,68,60,61,72,82,79,83,62,69,66,59,70,58,65,66,60,64,62,55,66,56,60,64,15,10,14,7,12,22,Left-Back,4000000,summer,Laliga,2022
184,78,Uruguay,69,80,Right,2023,43,25,61,60,25,48,38,25,57,62,70,67,65,64,52,46,80,64,64,25,55,70,25,35,35,52,74,77,72,12,6,9,11,12,21,Centre-Back,4200000,summer,Premier Liga,2022
173,69,France,77,82,Right,2023,61,79,73,74,76,68,63,55,59,78,78,76,76,79,81,79,59,78,67,71,80,26,82,69,78,70,30,55,33,11,12,7,8,14,26,Centre-Forward,11800000,summer,Premier League,2022
181,74,Cameroon,75,75,Right,2023,65,73,68,69,68,75,63,48,62,75,90,92,81,72,75,73,75,80,75,65,63,32,69,65,63,65,33,27,28,7,15,10,12,9,28,Left Winger,2000000,summer,Premier Liga,2022
187,84,France,80,84,Right,2023,72,40,73,72,39,72,69,33,70,74,77,82,67,73,65,67,90,79,79,52,83,81,60,64,45,72,80,83,81,10,7,14,11,15,24,Right-Back,12000000,summer,Ligue 1,2022
183,85,Netherlands,63,79,Left,2023,37,64,57,51,49,62,48,42,35,60,89,88,76,53,66,68,63,54,74,59,35,20,55,47,50,50,20,24,22,14,7,12,10,9,19,Centre-Forward,1190000,summer,Jupiler Pro League,2022
199,76,England,81,81,Right,2023,11,14,11,31,14,15,13,12,35,24,50,47,36,76,42,55,72,37,75,15,36,21,13,45,22,63,14,15,14,80,82,73,81,83,30,Goalkeeper,11500000,summer,Premier League,2022
179,74,Belgium,70,81,Right,2023,68,57,66,72,58,70,69,67,72,73,71,68,77,67,77,71,80,82,68,68,82,68,54,70,58,68,61,69,62,14,14,13,11,7,21,Central Midfield,1500000,winter,Scottish Premiership,2022
172,65,Argentina,81,81,Left,2023,75,55,82,76,44,73,66,40,75,76,79,80,77,81,81,65,88,87,75,46,84,79,69,69,46,76,80,79,80,13,9,10,15,16,29,Left-Back,4200000,summer,Ligue 1,2022
189,82,Denmark,68,70,Right,2023,58,65,64,64,57,67,56,53,56,67,81,81,75,65,76,65,60,76,72,60,66,35,68,65,56,66,35,35,35,12,8,8,10,14,25,Attacking Midfield,3000000,summer,Superliga,2022
179,69,Turkey,67,67,Right,2023,70,51,40,64,51,70,66,67,68,62,76,76,81,65,74,62,58,80,63,53,74,60,63,65,53,54,62,62,60,13,12,12,6,15,28,Right-Back,1000000,winter,Super Lig,2022
197,90,France,65,79,Right,2023,39,43,64,65,41,56,51,46,61,61,39,49,44,62,45,62,44,66,83,46,64,66,41,58,42,65,65,64,57,6,13,8,7,5,19,Centre-Back,2200000,summer,Ligue 1,2022
170,65,Norway,67,78,Right,2023,60,51,29,66,45,74,69,44,60,73,82,74,93,58,92,54,57,75,44,50,49,46,59,67,49,69,43,46,47,14,14,9,14,8,21,Left Winger,1700000,winter,Eredivisie,2022
191,85,Serbia,78,83,Right,2023,13,9,13,31,8,8,14,10,42,18,30,18,32,73,29,56,35,26,66,10,25,10,4,42,20,32,11,10,10,77,76,74,79,81,26,Goalkeeper,2000000,summer,Laliga,2022
190,79,Netherlands,78,90,Right,2023,74,74,58,79,69,83,73,69,78,84,76,78,80,73,75,77,72,81,74,78,52,74,73,80,58,75,68,67,59,12,8,6,11,12,20,Central Midfield,18500000,summer,1 Bundesliga,2022
183,73,Romania,64,81,Right,2023,54,59,57,66,54,65,65,56,61,65,77,83,80,56,73,63,58,64,58,59,55,42,59,62,60,61,43,46,45,10,15,11,6,15,19,Left Winger,5000000,summer,Ligue 1,2022
181,75,Belgium,62,85,Right,2023,40,36,58,60,36,55,45,50,59,66,56,57,55,63,63,55,59,60,58,36,66,58,40,49,51,44,60,66,68,7,7,5,11,13,18,Defensive Midfield,22260000,summer,Premier League,2022
185,81,Poland,92,92,Right,2023,71,95,90,85,89,85,79,85,70,88,77,78,77,93,82,90,85,76,86,87,81,49,95,81,90,88,35,42,19,15,6,12,8,10,33,Centre-Forward,45000000,summer,Laliga,2022
182,73,Madagascar,68,71,Right,2023,52,57,76,71,57,70,50,41,70,71,75,74,77,66,69,70,79,81,72,63,61,62,58,61,54,67,65,64,64,8,12,8,15,12,25,Defensive Midfield,1750000,summer,Ligue 1,2022
170,69,England,87,87,Right,2023,79,82,46,83,67,87,79,72,69,85,95,88,94,90,93,78,57,79,65,80,59,30,91,82,70,77,47,53,47,15,12,12,15,9,27,Left Winger,56200000,summer,Premier League,2022
174,60,Turkey,71,81,Left,2023,71,42,55,66,51,71,70,41,58,66,88,83,90,68,82,64,75,69,54,50,66,68,68,48,42,64,68,69,64,11,12,9,13,13,21,Left-Back,4000000,summer,Scottish Premiership,2022
186,82,Morocco,73,78,Right,2023,70,72,64,72,72,77,73,74,74,74,69,68,71,70,58,78,69,74,76,79,77,66,71,72,79,72,62,62,57,13,10,10,8,14,26,Attacking Midfield,1000000,winter,Laliga,2022
167,71,England,62,82,Right,2023,61,55,37,56,47,67,52,42,50,65,84,67,63,51,68,59,48,48,50,50,38,23,56,55,60,57,22,31,36,13,11,10,7,9,19,Left Winger,8000000,summer,Premier League,2022
182,69,Mexico,71,83,Left,2023,52,72,73,70,63,66,60,36,62,72,75,74,64,62,63,74,63,62,84,65,72,42,72,71,74,57,35,45,32,6,14,12,6,10,21,Centre-Forward,6000000,summer,Eredivisie,2022
200,90,Austria,77,82,Right,2023,59,82,86,74,68,74,50,47,64,78,64,61,63,78,54,74,55,67,82,61,44,32,80,70,41,72,39,46,47,7,6,13,14,15,25,Centre-Forward,18000000,summer,Premier League,2022
183,77,Serbia,76,81,Right,2023,69,65,61,82,68,81,72,70,79,81,65,63,65,73,73,74,63,69,69,69,69,67,70,76,70,77,69,72,72,9,11,13,9,6,26,Central Midfield,9800000,winter,Premier League,2022
175,69,Senegal,89,89,Right,2023,78,86,84,84,75,88,77,64,71,86,92,90,93,91,88,83,87,85,72,78,75,35,90,84,75,84,42,42,38,10,10,15,7,14,30,Left Winger,32000000,summer,1 Bundesliga,2022
180,76,Turkey,77,81,Right,2023,62,66,63,77,50,77,59,53,73,76,74,73,78,76,78,64,55,82,79,53,84,74,68,74,57,76,72,76,71,13,7,9,9,11,24,Defensive Midfield,5000000,summer,1 Bundesliga,2022
192,92,Germany,71,71,Right,2023,51,73,75,57,67,60,44,41,50,64,62,76,55,72,48,73,76,74,92,60,82,30,74,53,66,69,15,30,13,6,14,13,8,12,31,Centre-Forward,1500000,summer,1 Bundesliga,2022
190,90,Turkey,63,77,Right,2023,36,24,58,48,30,40,28,27,34,45,64,60,52,54,50,42,70,61,74,28,66,61,28,31,43,45,65,67,66,14,8,13,8,8,19,Centre-Back,1500000,summer,Liga Portugal,2022
186,76,Germany,76,79,Right,2023,64,37,73,73,32,64,54,38,66,66,74,78,68,73,64,65,87,74,80,40,78,76,53,59,41,69,75,78,79,9,9,14,10,12,25,Centre-Back,12000000,summer,Premier League,2022
183,78,Germany,72,73,Left,2023,73,67,53,72,64,72,70,70,72,70,82,87,75,65,75,73,59,75,65,76,52,54,60,66,57,62,59,59,59,7,9,8,11,11,26,Left Winger,1100000,summer,1 Bundesliga,2022
184,75,Romania,72,72,Right,2023,46,56,73,68,70,59,46,25,70,65,53,55,56,72,66,75,69,55,68,69,75,76,36,46,51,67,75,74,72,7,11,10,14,13,32,Centre-Back,2000000,summer,Serie A,2022
178,72,Ukraine,80,85,Left,2023,77,75,45,80,69,80,72,76,73,81,84,85,82,78,73,70,50,74,49,74,57,39,77,80,81,76,62,36,37,9,7,15,6,12,25,Right Winger,5000000,winter,Laliga,2022
170,71,Italy,64,83,Right,2023,48,64,58,56,48,68,49,35,40,66,81,85,80,61,75,65,64,65,67,58,46,23,62,59,63,58,26,21,17,11,9,10,10,13,18,Left Winger,4500000,summer,Premier League,2022
174,76,Austria,80,84,Left,2023,59,66,44,79,60,76,70,60,77,77,74,64,78,81,77,78,63,85,80,76,85,83,75,78,56,74,75,74,69,6,8,8,12,7,24,Central Midfield,12000000,summer,1 Bundesliga,2022
182,80,Mali,81,86,Right,2023,65,58,65,82,65,81,62,75,78,79,71,73,73,79,77,83,80,82,75,79,77,83,68,76,58,80,80,85,78,12,8,8,12,8,25,Central Midfield,29200000,summer,Premier League,2022
183,79,Switzerland,85,85,Right,2023,13,13,10,40,8,15,12,13,31,25,48,54,55,82,58,62,73,45,68,12,38,21,15,64,24,57,9,19,12,79,81,82,86,87,34,Goalkeeper,9000000,winter,1 Bundesliga,2022
178,73,Morocco,69,79,Left,2023,61,67,48,63,54,73,68,52,54,68,87,85,85,61,76,72,62,77,59,67,52,20,62,65,62,64,28,29,33,10,6,10,5,12,22,Right Winger,2000000,summer,Ligue 1,2022
176,70,Kosovo,71,73,Right,2023,72,65,52,68,64,72,72,69,60,72,78,79,79,66,77,71,74,68,71,72,64,31,66,64,56,68,48,23,20,13,14,15,9,10,26,Left Winger,1000000,winter,Super League 1,2022
180,78,Turkey,77,80,Right,2023,73,57,65,74,55,71,72,44,68,75,77,79,67,73,67,63,68,86,77,62,75,76,73,69,46,70,73,76,74,13,14,9,10,7,25,Right-Back,7000000,summer,Serie A,2022
182,81,France,71,77,Left,2023,62,53,47,76,55,78,66,65,73,77,64,64,70,64,71,72,65,72,70,51,72,68,68,71,55,70,64,67,61,13,9,10,12,11,23,Central Midfield,1000000,summer,Liga Portugal,2022
186,80,Portugal,75,75,Right,2023,79,58,74,80,54,74,78,42,75,77,60,65,66,72,60,76,77,61,78,67,76,77,70,72,43,77,80,75,73,14,6,7,12,8,22,Central Midfield,8000000,summer,Laliga,2022
180,76,Spain,81,86,Right,2023,77,78,56,85,66,80,80,82,82,81,75,79,75,83,73,77,58,85,70,76,65,74,78,82,86,76,67,79,68,6,14,7,13,11,25,Central Midfield,18000000,summer,Ligue 1,2022
182,74,Brazil,72,76,Right,2023,63,59,76,74,65,72,71,71,71,72,67,68,68,69,65,72,83,71,74,68,77,69,69,73,60,80,70,71,67,13,6,11,11,14,21,Central Midfield,20000000,winter,Premier League,2022
176,71,Brazil,79,82,Left,2023,67,74,45,78,72,83,70,52,69,84,86,85,86,75,86,73,56,73,64,67,53,35,74,79,69,79,42,32,29,14,10,5,13,6,25,Right Winger,15300000,summer,Liga Portugal,2022
190,83,Brazil,83,83,Right,2023,45,40,83,73,44,57,32,30,69,64,54,66,61,79,47,51,89,68,90,41,89,84,34,50,47,75,84,83,81,9,11,14,9,7,33,Centre-Back,2300000,winter,Premier League,2022
170,64,Portugal,72,86,Left,2023,64,62,36,69,64,79,61,48,63,76,83,76,86,64,85,62,40,64,36,56,42,23,64,69,59,69,30,37,33,9,6,7,15,14,19,Right Winger,5000000,summer,Eredivisie,2022
175,73,Brazil,83,86,Right,2023,74,83,78,78,77,87,76,54,66,85,87,81,91,84,87,83,79,82,69,76,75,32,85,77,75,78,45,30,28,13,8,6,6,15,25,Centre-Forward,52200000,summer,Premier League,2022
183,83,Brazil,68,68,Right,2023,57,42,51,67,47,54,62,51,67,61,53,45,61,51,56,63,57,82,84,51,72,67,51,60,56,52,65,67,68,12,15,13,15,8,23,Centre-Back,9500000,summer,Liga Portugal,2022
183,83,Spain,78,78,Right,2023,37,25,69,78,52,63,49,53,72,70,50,34,54,72,59,75,65,78,84,48,89,81,48,56,54,74,80,83,81,12,14,10,11,16,30,Defensive Midfield,5500000,summer,Laliga,2022
176,72,Spain,71,78,Right,2023,70,51,61,70,48,71,70,58,68,71,74,76,70,68,74,70,58,72,68,63,65,64,67,57,36,55,68,69,66,8,5,7,15,6,24,Right-Back,1000000,summer,Super League 1,2022
176,70,Portugal,80,86,Right,2023,72,67,61,81,68,84,69,68,79,83,86,83,85,80,89,89,84,87,83,78,84,75,74,79,68,83,73,74,65,5,12,6,13,14,24,Central Midfield,15000000,summer,Ligue 1,2022
169,69,Portugal,76,76,Right,2023,68,69,35,71,62,84,63,59,60,82,84,83,81,75,82,64,33,70,42,65,60,30,69,77,62,71,59,34,30,9,11,15,14,15,27,Left Winger,2000000,summer,Liga Portugal,2022
186,76,Paraguay,70,80,Right,2022,31,32,70,59,29,44,27,24,54,63,64,71,55,70,63,45,70,70,65,42,75,70,38,48,36,65,74,75,69,14,11,12,9,11,22,Centre-Back,4000000,winter,Premier Liga,2022
175,74,Uruguay,74,83,Right,2022,80,64,49,69,61,83,78,74,68,74,85,82,82,61,77,71,56,69,59,73,62,62,65,65,61,70,40,43,47,7,14,9,9,14,23,Left Winger,1900000,summer,Laliga,2022
178,69,United States,75,81,Right,2022,73,71,59,79,64,75,73,64,72,77,76,69,74,76,75,75,54,91,62,67,59,62,75,80,55,75,67,58,40,14,5,6,14,13,24,Attacking Midfield,3000000,winter,Eredivisie,2022
184,80,Argentina,71,80,Right,2022,53,70,59,70,58,76,65,41,59,76,73,83,70,65,72,74,55,71,72,68,44,27,69,69,48,57,29,33,25,11,6,14,6,6,21,Attacking Midfield,2000000,summer,Eredivisie,2022
193,89,United States,65,81,Right,2022,14,7,11,25,8,13,10,14,23,15,44,37,39,61,35,47,50,34,63,8,39,15,5,50,12,48,14,10,12,65,62,62,65,65,18,Goalkeeper,9090000,summer,Premier League,2022
182,73,France,66,71,Right,2022,62,27,67,64,28,57,25,29,60,60,66,68,54,61,64,32,71,72,71,37,59,65,27,60,36,65,62,69,62,5,14,14,8,14,25,Right-Back,2300000,winter,Ligue 1,2022
181,76,Italy,71,71,Right,2022,72,62,48,78,59,74,78,65,76,77,64,65,72,68,76,64,53,62,35,72,46,46,68,73,70,73,50,46,41,6,12,11,8,14,28,Central Midfield,2750000,summer,Serie A,2022
194,91,Poland,66,73,Right,2022,38,16,60,57,28,44,24,29,54,53,81,91,61,65,57,40,58,70,85,25,66,64,22,35,38,64,63,69,65,9,13,12,14,9,24,Centre-Back,4000000,winter,Serie A,2022
185,75,Bulgaria,66,79,Right,2022,28,32,64,57,41,37,32,42,50,53,58,66,58,66,63,43,85,71,80,34,70,62,40,52,46,57,60,67,64,7,12,12,8,14,21,Centre-Back,3900000,summer,Serie A,2022
193,85,Nigeria,65,72,Right,2022,38,64,58,56,58,65,56,38,44,64,73,74,70,60,76,67,72,68,87,60,46,28,64,56,62,66,23,19,16,14,5,7,7,12,21,Centre-Forward,6100000,summer,Jupiler Pro League,2022
182,74,Portugal,60,76,Left,2022,48,49,52,55,29,62,31,40,57,60,75,72,57,60,68,48,64,63,65,34,63,54,62,54,46,44,55,57,59,7,11,7,11,13,20,Left-Back,2000000,summer,Serie A,2022
185,72,Portugal,69,75,Right,2022,70,35,58,72,37,70,53,35,64,72,73,78,76,70,74,44,69,69,61,34,59,67,68,63,48,71,65,71,68,10,6,9,11,12,24,Right-Back,2870000,summer,Serie A,2022
191,77,Poland,75,77,Left,,47,76,78,67,68,73,54,46,44,71,70,69,64,76,51,76,85,75,80,69,68,24,78,63,67,74,31,23,21,7,13,10,6,14,25,Centre-Forward,6000000,summer,Ligue 1,2022
186,77,Ukraine,67,74,Right,,11,14,26,42,9,34,14,12,35,29,52,43,25,65,31,54,41,26,50,26,28,12,7,48,30,45,16,12,11,67,64,72,66,68,24,Goalkeeper,3000000,winter,Premier Liga Ukr,2022
184,82,Greece,70,72,Right,,39,74,71,64,71,66,52,38,60,70,68,67,67,69,66,70,70,72,70,67,34,14,69,55,54,69,38,13,18,6,12,11,6,10,26,Centre-Forward,1000000,summer,Bundesliga,2022
191,79,United States,77,80,Right,,13,15,14,24,16,16,13,14,29,24,38,39,48,74,42,50,55,35,64,18,25,27,15,55,14,59,11,11,11,76,75,67,79,77,28,Goalkeeper,5900000,summer,Premier League,2022
186,81,Belgium,83,83,Right,,64,45,81,77,38,62,63,59,81,75,55,60,54,85,62,78,81,76,77,58,79,85,52,62,58,86,87,87,84,16,6,14,16,14,33,Centre-Back,4000000,summer,Jupiler Pro League,2022
