height_cm,weight_kg,nationality_x,overall,potential,preferred_foot,international_reputation,weak_foot,skill_moves,contract_valid_until,age_y,position,short_pos,fee,window,league,season,attacking_crossing,attacking_finishing,attacking_heading_accuracy,attacking_short_passing,attacking_volleys,skill_dribbling,skill_curve,skill_fk_accuracy,skill_long_passing,skill_ball_control,movement_acceleration,movement_sprint_speed,movement_agility,movement_reactions,movement_balance,power_shot_power,power_jumping,power_stamina,power_strength,power_long_shots,mentality_aggression,mentality_interceptions,mentality_positioning,mentality_vision,mentality_penalties,mentality_composure,defending_marking,defending_standing_tackle,defending_sliding_tackle,goalkeeping_diving,goalkeeping_handling,goalkeeping_kicking,goalkeeping_positioning,goalkeeping_reflexes
187,71,Netherlands,88,88,Left,5,3,4,2016,31,Centre-Forward,CF,6500000,summer,Super Lig,2015,81,91,73,85,92,84,86,81,75,87,73,74,80,88,59,90,59,72,72,86,55,34,90,82,86,,23,32,21,9,10,5,7,8
183,79,Germany,88,88,Right,4,3,3,2016,30,Central Midfield,CM,9000000,summer,Premier League,2015,81,76,79,88,83,81,82,78,87,86,58,64,74,90,75,86,82,86,77,86,80,86,82,86,81,,69,80,77,14,14,13,13,11
177,76,Turkey,84,88,Right,3,4,4,2017,28,Left Winger,LW,34000000,summer,Laliga,2015,82,72,70,85,80,86,81,64,80,88,79,73,86,83,85,74,79,71,69,77,78,51,82,86,73,,58,64,70,11,7,11,12,11
178,74,Ivory Coast,82,84,Right,2,4,4,2015,28,Centre-Forward,CF,1000000,winter,Premier League,2015,45,86,72,75,79,86,78,70,64,81,91,94,70,79,70,80,83,94,66,75,64,28,85,77,78,,33,38,36,11,14,12,5,11
178,74,Ivory Coast,82,84,Right,2,4,4,2015,27,Centre-Forward,CF,1000000,summer,Premier Liga,2015,45,86,72,75,79,86,78,70,64,81,91,94,70,79,70,80,83,94,66,75,64,28,85,77,78,,33,38,36,11,14,12,5,11
181,76,Belgium,81,86,Right,2,5,4,2019,24,Attacking Midfield,AM,76000000,summer,Premier League,2015,78,78,41,82,78,82,76,76,81,83,75,78,78,78,79,82,65,83,74,83,42,52,82,80,75,,37,39,40,15,13,5,10,13
175,72,France,81,81,Right,3,4,3,2017,29,Central Midfield,CM,13900000,summer,Premier League,2015,77,70,69,85,73,74,79,83,82,83,67,69,78,79,77,82,70,83,66,81,77,79,70,84,82,,68,72,66,13,8,15,7,11
167,58,France,81,81,Right,3,3,4,2017,30,Attacking Midfield,AM,6000000,summer,Ligue 1,2015,80,71,58,82,72,80,82,75,75,83,90,82,91,78,93,75,46,81,35,76,52,39,76,80,72,,28,26,34,14,12,8,6,8
178,72,Italy,80,87,Right,3,4,4,2018,22,Left Winger,LW,2000000,summer,Ligue 1,2015,73,77,53,73,77,83,85,70,55,87,88,86,84,71,83,75,60,74,55,72,53,40,79,77,73,,24,34,24,4,2,4,4,2
178,72,Italy,80,87,Right,3,4,4,2018,23,Left Winger,LW,5000000,winter,Serie A,2015,73,77,53,73,77,83,85,70,55,87,88,86,84,71,83,75,60,74,55,72,53,40,79,77,73,,24,34,24,4,2,4,4,2
178,72,Italy,80,87,Right,3,4,4,2018,23,Left Winger,LW,1400000,winter,Serie A,2015,73,77,53,73,77,83,85,70,55,87,88,86,84,71,83,75,60,74,55,72,53,40,79,77,73,,24,34,24,4,2,4,4,2
181,85,Italy,80,85,Right,2,4,3,2019,25,Centre-Forward,CF,15000000,winter,Ger Bundesliga,2015,54,85,79,70,80,74,69,50,48,78,76,80,77,84,66,79,78,77,77,70,81,28,86,60,74,,20,32,28,5,7,14,11,5
181,85,Italy,80,85,Right,2,4,3,2019,25,Centre-Forward,CF,3000000,summer,Laliga,2015,54,85,79,70,80,74,69,50,48,78,76,80,77,84,66,79,78,77,77,70,81,28,86,60,74,,20,32,28,5,7,14,11,5
181,85,Italy,80,85,Right,2,4,3,2019,25,Centre-Forward,CF,11000000,winter,Laliga,2015,54,85,79,70,80,74,69,50,48,78,76,80,77,84,66,79,78,77,77,70,81,28,86,60,74,,20,32,28,5,7,14,11,5
181,85,Italy,80,85,Right,2,4,3,2019,25,Centre-Forward,CF,15000000,winter,Serie A,2015,54,85,79,70,80,74,69,50,48,78,76,80,77,84,66,79,78,77,77,70,81,28,86,60,74,,20,32,28,5,7,14,11,5
169,72,Switzerland,80,85,Left,2,4,4,2016,23,Attacking Midfield,AM,3500000,summer,Ger Bundesliga,2015,74,75,37,79,76,86,82,78,68,84,92,84,88,80,94,84,63,78,74,81,73,65,78,78,65,,58,60,53,13,12,12,11,11
169,72,Switzerland,80,85,Left,2,4,4,2016,23,Attacking Midfield,AM,17000000,summer,Premier League,2015,74,75,37,79,76,86,82,78,68,84,92,84,88,80,94,84,63,78,74,81,73,65,78,78,65,,58,60,53,13,12,12,11,11
169,72,Switzerland,80,85,Left,2,4,4,2016,23,Attacking Midfield,AM,15000000,summer,Serie A,2015,74,75,37,79,76,86,82,78,68,84,92,84,88,80,94,84,63,78,74,81,73,65,78,78,65,,58,60,53,13,12,12,11,11
187,75,Germany,80,85,Right,2,5,4,2018,21,Left Winger,LW,43000000,summer,Ger Bundesliga,2015,78,75,58,82,79,86,78,72,74,84,78,78,84,81,75,81,67,69,62,85,49,38,76,75,62,,25,35,26,11,13,5,13,8
181,75,France,80,84,Right,2,3,2,2017,25,Defensive Midfield,DM,35000000,summer,Premier League,2015,55,64,60,82,50,71,54,54,81,74,72,64,70,78,66,71,75,90,76,56,85,83,67,70,56,,74,83,79,6,11,12,14,7
189,83,Germany,80,84,Right,2,4,1,2016,25,Goalkeeper,GK,9500000,summer,Ligue 1,2015,25,25,25,25,25,25,25,25,25,24,45,52,42,79,37,28,76,45,70,25,30,22,25,25,35,,25,25,25,81,78,77,79,84
194,91,Russia,80,83,Right,1,4,3,2015,26,Centre-Forward,CF,3500000,summer,Premier Liga,2015,66,82,86,75,72,78,67,70,63,77,74,81,33,74,34,83,60,77,92,77,77,34,79,76,79,,24,25,25,14,11,10,10,7
172,66,France,79,85,Right,2,4,4,2020,25,Attacking Midfield,AM,5000000,summer,Ligue 1,2015,76,78,57,77,71,85,74,80,71,81,87,82,89,74,84,75,42,74,54,73,46,65,76,81,72,,67,68,59,11,15,11,12,6
177,69,Morocco,79,83,Right,2,4,5,2016,26,Central Midfield,CM,1000000,summer,Liga Portugal,2015,78,70,35,80,78,85,79,72,62,83,83,77,84,76,78,72,58,55,68,76,58,38,76,76,76,,28,29,29,3,5,3,3,5
187,84,Tunisia,79,83,Left,2,3,2,2018,26,Centre-Back,CB,22000000,summer,Laliga,2015,66,50,74,71,31,58,47,38,66,68,68,76,66,76,68,74,72,75,90,65,85,79,52,52,50,,79,79,79,11,7,6,7,14
189,80,Northern Ireland,79,82,Right,2,2,2,2016,27,Centre-Back,CB,8300000,summer,Premier League,2015,51,27,83,77,45,38,31,24,61,67,69,78,50,81,57,41,79,74,73,24,77,81,27,44,43,,78,83,79,11,15,15,14,7
192,84,Germany,79,82,Right,2,3,1,2017,26,Goalkeeper,GK,3500000,summer,Ger Bundesliga,2015,25,25,25,32,25,25,25,25,32,25,44,47,37,78,39,23,66,31,64,25,24,25,25,25,21,,25,25,25,81,77,70,77,84
179,72,Hungary,79,81,Left,3,4,4,2015,28,Attacking Midfield,AM,1600000,summer,Super Lig,2015,88,75,41,73,72,77,84,85,71,76,83,80,83,78,70,87,63,81,66,83,43,24,70,73,80,,28,22,25,9,6,13,6,9
188,89,England,79,79,Left,2,3,2,2016,33,Centre-Back,CB,1400000,summer,Premier League,2015,58,51,85,64,44,56,41,51,59,60,53,54,57,75,46,65,80,67,85,39,81,76,38,47,47,,80,82,83,5,5,11,15,6
165,63,England,79,79,Right,2,3,3,2016,28,Right Winger,RW,6000000,summer,Premier League,2015,79,65,27,79,67,83,62,54,53,80,94,91,94,77,92,61,71,75,52,56,56,36,76,77,61,,25,23,25,13,6,6,15,10
183,80,Switzerland,79,79,Right,3,4,2,2016,31,Defensive Midfield,DM,7000000,summer,Premier League,2015,69,59,67,81,77,72,63,67,83,78,69,65,68,75,59,88,75,79,76,86,79,79,69,78,73,,69,79,77,10,13,5,9,4
185,78,Switzerland,79,79,Right,2,4,2,2017,30,Defensive Midfield,DM,3500000,summer,Premier League,2015,70,55,68,78,70,76,70,68,78,78,77,73,76,78,68,75,70,87,77,74,89,82,70,74,72,,70,83,86,11,10,6,14,10
191,87,France,79,79,Right,2,3,2,2016,29,Centre-Back,CB,4300000,summer,Premier League,2015,55,20,83,70,33,51,43,32,53,64,68,78,58,76,47,81,81,71,86,54,84,78,50,50,53,,75,84,78,8,13,6,8,5
186,81,Senegal,79,79,Right,2,3,3,2015,30,Centre-Forward,CF,1400000,winter,Premier League,2015,54,82,84,67,70,73,64,72,51,76,71,78,76,75,56,84,78,84,87,77,80,38,82,65,67,,30,30,26,13,12,8,7,15
186,81,Senegal,79,79,Right,2,3,3,2015,30,Centre-Forward,CF,3150000,summer,Super Lig,2015,54,82,84,67,70,73,64,72,51,76,71,78,76,75,56,84,78,84,87,77,80,38,82,65,67,,30,30,26,13,12,8,7,15
176,78,Netherlands,78,88,Right,2,2,5,2018,21,Centre-Forward,CF,34000000,summer,Premier League,2015,65,64,54,73,74,86,78,80,68,82,92,90,82,81,86,86,79,82,74,72,66,21,78,75,68,,24,31,20,8,14,6,12,10
183,85,Greece,78,84,Right,2,3,2,2015,23,Centre-Back,CB,6500000,summer,Ger Bundesliga,2015,54,22,82,56,44,43,41,53,51,55,65,68,58,72,62,82,91,64,90,58,91,72,34,53,45,,75,79,80,10,9,11,8,9
175,74,Netherlands,78,83,Right,2,4,4,2018,24,Central Midfield,CM,20000000,summer,Premier League,2015,65,75,71,75,72,85,75,70,59,83,80,85,83,79,80,76,82,86,68,67,60,72,77,75,73,,63,59,53,15,5,13,11,5
187,80,Belgium,78,82,Right,2,3,2,2015,26,Centre-Back,CB,3500000,summer,Laliga,2015,58,44,77,76,37,59,54,64,77,67,61,66,57,77,49,85,78,74,81,67,78,78,55,43,59,,79,80,77,15,5,13,15,13
187,80,Belgium,78,82,Right,2,3,2,2015,26,Centre-Back,CB,16000000,summer,Premier League,2015,58,44,77,76,37,59,54,64,77,67,61,66,57,77,49,85,78,74,81,67,78,78,55,43,59,,79,80,77,15,5,13,15,13
183,77,Russia,78,82,Right,2,3,3,2016,24,Second Striker,SS,2000000,winter,Premier Liga,2015,72,78,72,74,73,76,63,74,69,75,85,85,74,82,59,79,74,63,61,76,68,34,83,72,66,,43,42,44,6,15,13,7,7
188,80,Italy,78,81,Left,2,3,2,2015,28,Centre-Back,CB,1500000,summer,Serie A,2015,38,34,75,58,31,42,32,21,62,57,67,69,58,75,54,64,84,69,82,35,83,83,33,38,31,,83,81,79,3,3,3,3,3
175,77,France,78,81,Right,3,4,4,2017,28,Attacking Midfield,AM,15000000,summer,Premier League,2015,72,78,66,78,79,80,81,78,76,81,79,77,85,78,76,80,48,68,68,81,54,44,78,78,76,,29,51,48,11,15,9,14,12
180,76,Germany,78,81,Left,2,4,3,2017,27,Second Striker,SS,12000000,summer,Ger Bundesliga,2015,75,76,60,79,78,81,76,69,69,81,73,76,76,78,76,81,70,84,72,78,68,39,77,80,81,,37,44,40,12,7,5,13,9
178,73,Netherlands,78,80,Right,2,4,4,,27,Right Winger,RW,11400000,summer,Premier League,2015,75,75,62,74,86,82,70,64,50,79,84,88,78,82,82,79,75,74,76,74,52,22,68,72,66,,21,38,31,15,15,13,14,5
180,78,Germany,78,80,Right,2,3,3,2016,26,Attacking Midfield,AM,3000000,summer,Ger Bundesliga,2015,75,77,60,79,79,77,77,75,77,78,75,76,75,80,79,78,72,84,73,80,72,74,77,78,70,,68,74,73,6,9,12,10,11
183,73,Germany,78,78,Left,2,3,3,2017,28,Attacking Midfield,AM,3000000,summer,Ger Bundesliga,2015,77,72,65,80,77,78,78,76,70,78,77,78,78,80,73,76,69,77,66,75,57,54,78,80,82,,36,37,35,14,11,6,15,14
190,88,France,78,78,Right,2,3,2,2017,29,Centre-Back,CB,2500000,summer,Laliga,2015,33,43,80,56,50,49,43,60,64,51,67,69,58,61,50,85,80,64,90,58,81,83,39,51,53,,83,84,78,4,2,4,4,2
176,76,Ivory Coast,77,84,Right,2,3,3,2015,22,Right-Back,RB,8000000,summer,Ligue 1,2015,76,64,73,76,49,73,66,29,68,76,84,83,77,78,78,72,90,88,80,57,80,76,72,68,50,,76,77,75,6,9,14,15,8
176,76,Ivory Coast,77,84,Right,2,3,3,2015,22,Right-Back,RB,10000000,summer,Ligue 1,2015,76,64,73,76,49,73,66,29,68,76,84,83,77,78,78,72,90,88,80,57,80,76,72,68,50,,76,77,75,6,9,14,15,8
179,70,France,77,84,Left,1,3,4,2018,23,Right Winger,RW,3500000,winter,Ligue 1,2015,75,74,65,77,63,81,73,53,74,76,85,81,82,81,70,75,59,68,64,73,55,27,73,75,56,,28,28,30,7,10,13,9,8
179,70,France,77,84,Left,1,3,4,2018,22,Right Winger,RW,18350000,summer,Premier League,2015,75,74,65,77,63,81,73,53,74,76,85,81,82,81,70,75,59,68,64,73,55,27,73,75,56,,28,28,30,7,10,13,9,8
178,72,Italy,77,83,Right,1,3,3,2017,24,Centre-Forward,CF,1300000,summer,Serie A,2015,65,82,74,65,77,71,67,51,39,77,78,78,75,79,70,77,82,68,68,60,65,25,85,59,75,,25,25,25,5,13,14,8,10
178,72,Italy,77,83,Right,1,3,3,2017,24,Centre-Forward,CF,8500000,summer,Serie A,2015,65,82,74,65,77,71,67,51,39,77,78,78,75,79,70,77,82,68,68,60,65,25,85,59,75,,25,25,25,5,13,14,8,10
189,82,Germany,77,83,Right,2,4,3,2015,24,Defensive Midfield,DM,2500000,summer,Ger Bundesliga,2015,60,56,57,77,41,76,53,50,72,77,69,68,64,78,54,66,51,95,68,50,77,76,67,68,46,,78,79,74,7,12,8,5,7
180,64,Slovenia,77,82,Right,1,4,4,2018,24,Central Midfield,CM,11000000,summer,Ger Bundesliga,2015,61,57,31,75,54,86,73,64,70,85,86,83,92,73,84,64,70,75,53,61,59,51,77,81,60,,33,42,40,12,10,6,5,15
175,72,Armenia,77,82,Left,2,3,4,2018,25,Right Winger,RW,1300000,winter,Super Lig,2015,78,74,40,76,73,79,79,83,72,80,82,79,82,72,79,85,73,65,57,84,34,42,67,70,75,,21,27,22,9,11,13,6,10
182,78,Bulgaria,77,80,Right,2,4,3,2015,27,Attacking Midfield,AM,6000000,summer,Premier Liga,2015,70,73,65,83,66,73,66,75,76,78,81,79,74,75,60,77,62,78,68,73,69,48,80,77,76,,38,50,43,13,6,6,14,7
186,83,France,77,79,Right,2,3,3,2016,27,Centre-Forward,CF,4500000,summer,Ger Bundesliga,2015,68,81,79,70,71,69,61,55,54,74,68,78,72,77,55,77,80,60,82,68,58,28,81,63,78,,28,25,25,9,10,10,5,7
178,77,Morocco,77,79,Right,1,2,4,2015,28,Right Winger,RW,3500000,summer,Laliga,2015,78,69,50,75,54,83,74,67,70,77,89,87,90,70,75,75,58,78,75,73,66,33,72,63,66,,28,40,28,10,13,6,5,12
178,77,Morocco,77,79,Right,1,2,4,2015,28,Right Winger,RW,8400000,winter,Premier League,2015,78,69,50,75,54,83,74,67,70,77,89,87,90,70,75,75,58,78,75,73,66,33,72,63,66,,28,40,28,10,13,6,5,12
186,72,Germany,77,79,Right,2,3,2,2016,27,Right-Back,RB,2170000,winter,Ger Bundesliga,2015,80,74,48,76,59,69,78,56,70,74,76,83,65,79,58,73,47,93,68,75,87,81,75,73,38,,72,78,78,8,13,11,6,9
186,72,Germany,77,79,Right,2,3,2,2016,27,Right-Back,RB,1500000,summer,Super Lig,2015,80,74,48,76,59,69,78,56,70,74,76,83,65,79,58,73,47,93,68,75,87,81,75,73,38,,72,78,78,8,13,11,6,9
182,83,Germany,77,77,Left,3,2,3,2016,30,Second Striker,SS,2500000,summer,Super Lig,2015,78,87,65,78,90,78,80,75,65,79,76,72,70,80,72,92,65,61,75,85,65,35,80,78,83,,32,38,38,9,8,15,8,8
181,85,Turkey,77,77,Right,3,3,3,2017,28,Centre-Forward,CF,3300000,summer,Ger Bundesliga,2015,68,79,77,74,71,75,69,74,63,75,77,75,71,74,74,76,81,76,77,66,65,41,79,74,77,,32,45,39,11,13,13,5,6
183,70,Italy,76,87,Left,1,3,3,2015,20,Right Winger,RW,20000000,summer,Serie A,2015,66,75,61,71,71,82,71,67,57,80,83,85,81,72,73,71,64,75,58,72,71,25,75,68,80,,21,29,27,4,5,4,4,5
183,70,Italy,76,87,Left,1,3,3,2015,20,Right Winger,RW,10000000,summer,Serie A,2015,66,75,61,71,71,82,71,67,57,80,83,85,81,72,73,71,64,75,58,72,71,25,75,68,80,,21,29,27,4,5,4,4,5
182,73,France,76,85,Left,1,3,3,2018,22,Left-Back,LB,25000000,summer,Ligue 1,2015,81,65,66,78,58,72,66,52,68,77,82,77,75,77,74,68,74,78,70,56,73,75,65,67,59,,76,75,77,13,9,6,8,14
186,82,Netherlands,76,84,Right,1,4,3,2015,23,Central Midfield,CM,1300000,winter,Eredivisie,2015,71,72,68,77,73,74,66,62,76,79,75,78,74,78,68,68,77,87,70,70,65,67,77,77,64,,55,66,57,6,10,12,12,13
186,82,Netherlands,76,84,Right,1,4,3,2015,22,Central Midfield,CM,1300000,summer,Premier League,2015,71,72,68,77,73,74,66,62,76,79,75,78,74,78,68,68,77,87,70,70,65,67,77,77,64,,55,66,57,6,10,12,12,13
186,82,Netherlands,76,84,Right,1,4,3,2015,23,Central Midfield,CM,1300000,winter,Premier League,2015,71,72,68,77,73,74,66,62,76,79,75,78,74,78,68,68,77,87,70,70,65,67,77,77,64,,55,66,57,6,10,12,12,13
174,69,Belgium,76,84,Right,1,3,3,2015,22,Left Winger,LW,8000000,summer,Ger Bundesliga,2015,75,72,37,76,74,76,73,72,75,77,71,75,77,76,76,73,64,75,57,76,61,38,75,81,72,,27,33,31,5,8,6,6,7
174,69,Belgium,76,84,Right,1,3,3,2015,22,Left Winger,LW,6000000,summer,Premier League,2015,75,72,37,76,74,76,73,72,75,77,71,75,77,76,76,73,64,75,57,76,61,38,75,81,72,,27,33,31,5,8,6,6,7
178,74,France,76,83,Left,2,3,3,2018,22,Left-Back,LB,2500000,summer,Serie A,2015,78,46,66,76,24,69,67,36,66,76,79,80,72,75,66,66,75,82,68,57,76,74,64,71,27,,73,75,77,5,11,8,5,12
182,74,Serbia,76,82,Right,1,4,3,2017,23,Attacking Midfield,AM,1750000,summer,Serie A,2015,68,72,49,74,73,82,79,79,70,83,82,79,82,69,69,75,68,68,64,76,45,37,73,72,77,,22,39,39,5,13,6,5,11
191,77,England,76,82,Right,2,2,2,2018,23,Centre-Back,CB,1700000,summer,Premier League,2015,44,31,78,68,25,55,58,24,65,65,69,80,64,73,57,41,74,77,84,22,66,76,24,42,49,,76,80,76,13,14,6,6,14
181,81,Germany,76,82,Right,1,4,2,2017,21,Defensive Midfield,DM,10500000,summer,Ger Bundesliga,2015,76,50,67,77,65,70,81,74,81,76,65,65,72,76,78,85,83,82,76,77,72,74,71,76,64,,74,76,68,14,14,13,15,7
169,68,Netherlands,76,81,Right,1,4,2,2018,24,Defensive Midfield,DM,15000000,summer,Premier League,2015,64,55,40,80,72,70,77,69,78,80,68,68,75,77,90,76,66,83,65,70,77,76,66,80,63,,62,71,60,10,10,13,9,6
183,79,Switzerland,76,80,Right,1,3,3,2019,24,Second Striker,SS,8000000,summer,Ger Bundesliga,2015,66,77,59,75,70,81,72,61,63,78,73,76,81,75,77,78,60,76,73,73,67,41,77,73,68,,28,39,35,12,13,7,14,15
180,80,France,76,80,Right,1,3,2,2019,24,Defensive Midfield,DM,8600000,summer,Ligue 1,2015,44,58,64,76,39,64,46,58,74,75,68,64,79,74,64,64,71,83,73,62,76,76,69,72,49,,76,77,72,7,12,10,14,14
194,88,Germany,76,79,Right,2,4,2,2015,26,Centre-Back,CB,3800000,summer,Premier League,2015,29,39,86,65,33,32,28,22,55,47,50,52,46,76,34,56,59,62,87,25,78,75,37,48,41,,76,81,75,10,6,5,10,12
188,77,England,76,76,Right,2,4,2,2016,33,Centre-Forward,CF,4200000,summer,Premier League,2015,66,81,85,65,71,64,76,80,71,76,49,52,57,76,59,85,71,71,86,73,75,31,79,76,95,,29,25,25,12,14,6,15,10
191,88,Germany,76,76,Right,2,3,2,2016,30,Centre-Back,CB,4200000,summer,Premier League,2015,30,45,83,60,55,30,29,60,67,53,48,53,26,70,42,74,54,76,93,53,87,75,33,31,53,,75,80,75,8,15,9,14,8
170,73,England,76,76,Right,2,5,3,2017,29,Left Winger,LW,3400000,winter,Premier League,2015,85,66,52,73,61,80,81,56,68,74,88,86,78,72,93,71,62,74,42,67,59,55,68,71,65,,32,36,34,8,7,7,7,5
180,75,Belgium,75,87,Left,1,4,4,2018,20,Right Winger,RW,4000000,summer,Ger Bundesliga,2015,69,65,22,74,66,83,69,64,72,80,86,79,83,68,81,57,61,55,54,66,30,20,67,76,59,,25,21,21,14,9,10,11,6
180,75,Belgium,75,87,Left,1,4,4,2018,20,Right Winger,RW,4000000,winter,Premier League,2015,69,65,22,74,66,83,69,64,72,80,86,79,83,68,81,57,61,55,54,66,30,20,67,76,59,,25,21,21,14,9,10,11,6
178,67,Netherlands,75,84,Right,1,4,4,2016,21,Attacking Midfield,AM,2000000,summer,Super League,2015,66,72,35,68,64,83,80,57,74,81,91,86,91,70,72,69,53,69,41,75,44,22,63,67,62,,27,25,24,14,11,8,10,8
187,82,Italy,75,83,Left,1,3,3,2019,24,Centre-Forward,CF,18000000,summer,Serie A,2015,49,78,74,65,71,76,65,55,44,78,76,80,75,74,70,76,91,69,70,63,68,24,78,61,71,,25,29,27,6,12,8,6,8
176,63,Belgium,75,82,Left,1,4,3,2017,23,Left Winger,LW,1000000,summer,Eredivisie,2015,69,74,46,74,66,76,71,72,70,72,87,86,84,78,85,70,73,91,47,72,70,34,72,74,67,,28,31,38,8,14,11,10,6
174,60,England,75,81,Left,1,3,3,2015,25,Central Midfield,CM,11500000,summer,Premier League,2015,55,62,42,79,58,82,73,47,75,76,79,79,89,71,86,79,72,89,55,74,87,75,62,67,64,,52,74,70,9,8,13,10,5
182,82,Italy,75,81,Right,1,4,3,2015,26,Centre-Forward,CF,8800000,winter,Premier League,2015,51,83,76,65,76,64,66,46,34,76,78,76,78,76,74,72,89,78,78,40,82,20,84,55,79,,25,25,25,14,14,9,12,4
171,62,Germany,75,81,Right,1,4,4,2017,21,Attacking Midfield,AM,2500000,summer,Ger Bundesliga,2015,70,64,44,75,64,79,75,68,69,74,89,78,92,73,88,71,74,78,52,63,77,50,66,69,60,,55,52,53,14,10,5,13,15
180,73,France,75,81,Right,1,3,3,2017,25,Centre-Forward,CF,1500000,summer,Ligue 1,2015,72,78,70,74,74,74,73,74,59,78,76,76,91,75,70,75,71,83,59,73,58,43,76,73,76,,21,20,25,13,6,10,8,13
178,70,France,75,80,Left,1,3,4,2017,26,Left-Back,LB,4900000,summer,Premier League,2015,76,62,57,76,67,74,73,68,74,75,80,75,77,72,65,82,74,77,67,74,67,61,68,75,72,,61,63,70,14,12,13,10,5
193,79,England,75,80,Right,1,2,1,2018,25,Goalkeeper,GK,4900000,summer,Premier League,2015,25,25,25,32,25,25,25,25,34,25,58,56,35,64,43,25,68,35,63,25,34,21,25,25,40,,25,25,25,78,74,60,73,80
182,76,Tunisia,75,80,Right,1,4,3,2018,24,Centre-Forward,CF,11800000,winter,Premier League,2015,77,73,46,77,56,79,77,82,61,77,76,76,78,73,67,72,48,66,68,71,68,39,74,75,71,,25,29,29,5,6,10,10,5
188,80,France,75,80,Left,1,2,2,2018,22,Defensive Midfield,DM,36000000,summer,Serie A,2015,53,45,66,79,45,71,62,59,75,75,66,66,43,68,53,82,75,84,91,53,68,78,58,70,44,,57,82,74,14,9,9,7,9
177,85,Nigeria,75,79,Right,2,4,4,2015,25,Right Midfield,RM,2000000,summer,Premier League,2015,73,69,68,66,62,83,74,60,64,78,85,83,78,68,82,74,66,79,75,67,41,44,75,70,56,,34,28,32,8,6,7,15,15
177,85,Nigeria,75,79,Right,2,4,4,2015,24,Right Midfield,RM,2000000,summer,Premier League,2015,73,69,68,66,62,83,74,60,64,78,85,83,78,68,82,74,66,79,75,67,41,44,75,70,56,,34,28,32,8,6,7,15,15
180,73,Italy,75,79,Right,1,3,3,2017,24,Left Winger,LW,10700000,summer,Premier League,2015,69,75,74,74,74,76,64,60,61,76,79,79,78,76,64,75,70,75,66,65,69,29,81,68,80,,25,25,23,10,5,7,11,5
193,84,Netherlands,75,79,Right,1,3,2,2017,24,Centre-Back,CB,15700000,summer,Premier League,2015,52,52,73,68,42,71,59,72,73,69,68,72,55,68,52,74,72,72,92,63,73,77,40,42,63,,74,76,70,12,9,12,10,10
187,83,Italy,75,78,Right,2,2,3,2016,24,Left-Back,LB,3700000,summer,Serie A,2015,77,45,68,75,56,78,73,42,71,74,75,81,68,73,49,73,74,85,75,67,75,76,62,65,56,,72,75,74,14,9,14,13,7
179,78,France,75,78,Right,1,3,3,2018,25,Right Midfield,RM,3500000,summer,Ger Bundesliga,2015,75,66,52,74,59,76,75,76,63,77,82,79,77,73,83,73,65,84,73,67,73,64,74,70,62,,60,66,65,14,6,6,9,7
181,74,Denmark,75,77,Right,2,3,2,2016,26,Central Midfield,CM,3000000,summer,Laliga,2015,76,68,68,76,67,72,72,80,71,74,76,78,73,76,69,75,70,79,68,70,77,72,73,74,58,,64,72,75,10,8,9,12,12
187,83,Switzerland,74,82,Right,1,2,1,2018,24,Goalkeeper,GK,3500000,summer,Ger Bundesliga,2015,25,25,25,37,25,25,25,25,31,27,46,60,66,64,50,39,67,26,66,25,42,25,25,20,26,,25,25,25,80,68,66,69,82
181,81,England,74,82,Left,1,4,3,2017,24,Right Winger,RW,15700000,winter,Premier League,2015,74,65,53,72,58,83,67,67,58,75,88,89,79,68,71,81,48,70,66,77,42,20,69,69,57,,35,28,26,12,10,10,10,12
190,85,Germany,74,82,Right,1,3,2,2017,22,Centre-Back,CB,4000000,summer,Serie A,2015,60,26,75,69,33,60,33,55,64,69,76,83,68,71,44,73,72,68,79,42,84,69,32,45,45,,74,75,71,13,14,9,11,7
186,82,Sweden,74,80,Right,2,3,3,2016,25,Defensive Midfield,DM,4500000,summer,Ger Bundesliga,2015,68,53,59,76,65,75,73,69,76,79,67,71,69,73,56,71,66,78,74,68,81,63,69,76,67,,53,67,63,4,4,4,4,4
184,83,England,74,80,Right,2,3,2,2017,23,Central Midfield,CM,16000000,winter,Premier League,2015,68,69,47,80,55,71,65,72,80,74,66,68,62,71,67,78,65,79,75,75,81,57,74,75,70,,48,65,56,13,10,14,7,15
173,74,Morocco,74,80,Right,1,5,4,2015,22,Attacking Midfield,AM,1600000,summer,Liga Portugal,2015,66,62,48,73,74,79,77,72,67,83,77,79,80,74,83,81,69,72,45,79,26,30,70,65,56,,23,35,27,9,9,13,14,10
172,65,Togo,74,79,Right,1,3,3,2017,27,Right Winger,RW,1300000,winter,Jupiler Pro League,2015,73,74,58,74,61,79,65,72,64,76,82,81,74,74,82,75,57,68,58,71,49,39,69,70,68,,35,29,24,12,13,11,9,10
174,70,France,74,79,Left,2,2,3,2016,27,Left Winger,LW,2000000,summer,Serie A,2015,78,66,66,76,62,75,80,76,65,62,81,82,79,77,78,72,57,78,60,68,52,38,72,73,71,,38,30,27,8,15,7,8,15
179,70,Argentina,74,79,Right,2,5,4,2018,27,Left Winger,LW,1000000,winter,Serie A,2015,75,65,56,71,59,85,75,72,68,83,85,79,80,62,75,72,64,59,57,74,50,35,65,63,60,,23,30,21,4,7,13,5,7
182,70,Italy,74,79,Right,1,3,2,2017,25,Right-Back,RB,18000000,summer,Premier League,2015,76,47,73,74,59,71,63,35,69,77,79,81,76,78,71,70,69,85,69,54,79,78,64,61,45,,76,78,79,6,7,7,12,7
177,72,Algeria,74,79,Left,2,4,4,2016,25,Attacking Midfield,AM,1700000,summer,Ligue 1,2015,75,65,44,76,67,77,76,75,73,78,78,75,82,65,74,74,48,71,50,72,52,31,69,73,82,,26,34,25,9,11,15,9,13
181,73,France,74,79,Right,1,3,3,2017,23,Attacking Midfield,AM,1300000,summer,Ligue 1,2015,72,64,46,76,67,77,72,76,69,74,74,75,81,73,71,76,51,70,62,74,52,33,69,77,74,,25,23,23,8,12,9,10,7
175,73,Senegal,74,78,Right,1,3,3,2017,25,Attacking Midfield,AM,6000000,winter,Premier League,2015,65,74,74,75,68,79,64,60,70,77,81,78,83,74,76,69,83,75,67,66,58,34,75,75,65,,32,39,26,9,7,12,14,10
182,78,France,74,78,Right,2,3,2,2016,27,Centre-Forward,CF,2000000,summer,Ligue 1,2015,63,76,75,74,74,70,68,65,59,73,67,76,73,76,68,74,73,72,68,73,48,41,77,68,73,,25,38,25,10,12,5,6,11
185,72,Netherlands,74,78,Right,1,4,3,2017,23,Central Midfield,CM,4500000,summer,Eredivisie,2015,57,69,64,74,65,73,71,70,68,78,72,69,72,77,64,72,70,75,59,73,45,60,69,76,65,,55,57,43,15,7,15,8,5
184,75,United States,74,78,Right,1,4,3,2018,24,Centre-Forward,CF,4200000,summer,Ger Bundesliga,2015,50,83,69,67,67,73,58,45,70,74,77,78,71,72,69,74,67,71,59,70,49,26,74,66,77,,25,24,20,14,14,9,12,6
180,73,Belgium,74,77,Right,1,4,3,2015,26,Centre-Forward,CF,3300000,summer,Jupiler Pro League,2015,66,79,71,71,83,63,71,69,67,71,63,66,74,80,73,73,70,85,58,78,63,47,83,73,74,,32,38,39,10,7,12,8,12
176,70,Serbia,74,77,Left,2,2,3,2018,26,Left Midfield,LM,3000000,summer,Super League,2015,73,68,46,72,69,80,83,73,64,81,78,83,77,71,72,72,55,58,61,70,31,25,73,71,74,,28,35,25,12,14,7,12,15
188,84,England,74,77,Right,1,3,2,2016,26,Centre-Forward,CF,5200000,winter,Premier League,2015,30,78,78,58,66,65,58,42,45,70,73,75,65,76,64,70,80,78,78,66,51,46,77,60,74,,25,25,25,8,10,6,8,12
193,87,Switzerland,74,77,Right,1,3,2,2017,27,Centre-Back,CB,11000000,winter,Premier League,2015,41,32,84,71,32,40,49,37,63,62,48,52,40,72,34,65,51,63,84,43,73,77,45,44,40,,75,77,70,14,9,10,14,9
180,76,Germany,74,76,Right,2,3,3,2017,28,Right-Back,RB,1750000,summer,Super Lig,2015,77,28,70,74,31,73,76,64,70,74,76,75,68,74,71,69,66,78,67,61,74,70,46,58,41,,73,75,76,10,12,11,15,15
173,68,Turkey,74,75,Right,1,3,3,2018,28,Left Winger,LW,2500000,summer,Super Lig,2015,73,58,55,72,54,80,69,60,65,76,84,80,79,68,78,68,74,71,61,63,65,33,70,67,64,,38,37,38,9,10,10,5,10
187,81,Italy,74,74,Right,2,3,2,2017,29,Centre-Back,CB,1000000,summer,Laliga,2015,26,25,75,56,27,34,30,22,53,52,63,68,59,63,55,58,85,65,80,23,74,77,37,37,38,,76,78,74,11,10,4,4,13
187,82,Italy,74,74,Right,2,3,2,2017,30,Centre-Back,CB,2500000,summer,Serie A,2015,39,38,71,52,38,39,41,40,58,47,63,65,58,63,52,64,79,60,81,59,79,79,37,38,49,,77,79,75,4,4,4,4,4
178,72,Argentina,73,83,Right,1,3,2,2015,22,Defensive Midfield,DM,1000000,summer,Premier League,2015,53,68,75,76,61,73,34,38,70,71,84,82,83,71,79,74,64,79,60,66,75,73,76,71,69,,71,74,73,11,8,11,8,12
178,72,Argentina,73,83,Right,1,3,2,2015,22,Defensive Midfield,DM,1000000,winter,Premier League,2015,53,68,75,76,61,73,34,38,70,71,84,82,83,71,79,74,64,79,60,66,75,73,76,71,69,,71,74,73,11,8,11,8,12
178,72,Argentina,73,83,Right,1,3,2,2015,22,Defensive Midfield,DM,1000000,winter,Super League 1,2015,53,68,75,76,61,73,34,38,70,71,84,82,83,71,79,74,64,79,60,66,75,73,76,71,69,,71,74,73,11,8,11,8,12
185,78,Netherlands,73,83,Left,1,4,2,2015,20,Centre-Back,CB,5000000,summer,Ligue 1,2015,42,32,71,66,32,55,32,34,71,63,75,72,66,72,61,59,84,68,79,30,75,68,40,44,40,,74,75,69,8,8,13,13,8
185,78,Netherlands,73,83,Left,1,4,2,2015,20,Centre-Back,CB,4000000,summer,Premier League,2015,42,32,71,66,32,55,32,34,71,63,75,72,66,72,61,59,84,68,79,30,75,68,40,44,40,,74,75,69,8,8,13,13,8
182,70,Italy,73,83,Right,1,3,3,2017,23,Central Midfield,CM,6000000,summer,Serie A,2015,68,54,61,78,70,73,71,72,76,77,69,75,74,71,72,70,68,74,69,69,72,63,62,76,62,,61,68,63,10,11,12,6,5
193,80,Belgium,73,81,Right,1,5,3,2016,22,Attacking Midfield,AM,4250000,summer,Jupiler Pro League,2015,67,70,72,76,71,71,67,69,69,77,66,67,60,72,55,70,57,71,76,53,33,32,77,83,65,,24,28,31,12,5,8,14,10
184,78,Netherlands,73,80,Right,2,2,3,2016,22,Centre-Forward,CF,2500000,summer,Ger Bundesliga,2015,59,73,62,73,69,72,64,48,64,66,78,84,74,68,51,80,80,75,74,70,65,35,80,67,61,,25,23,25,15,12,14,13,9
189,79,Italy,73,80,Left,1,3,2,2017,24,Centre-Back,CB,1500000,summer,Ger Bundesliga,2015,59,26,73,72,40,59,50,52,67,68,68,74,67,72,55,62,80,69,77,46,69,75,39,56,42,,73,76,72,8,9,9,5,11
178,75,Russia,73,80,Left,1,3,3,2015,24,Left Winger,LW,1000000,summer,Laliga,2015,71,68,58,74,61,71,61,60,72,76,78,77,78,68,70,61,69,75,65,69,60,59,71,73,61,,51,51,51,15,6,13,6,7
178,75,Russia,73,80,Left,1,3,3,2015,25,Left Winger,LW,1000000,winter,Laliga,2015,71,68,58,74,61,71,61,60,72,76,78,77,78,68,70,61,69,75,65,69,60,59,71,73,61,,51,51,51,15,6,13,6,7
182,84,Australia,73,79,Right,1,4,1,2016,23,Goalkeeper,GK,7000000,summer,Laliga,2015,25,25,25,39,25,25,25,25,44,33,62,58,62,77,60,25,80,36,84,25,42,25,25,25,38,,25,25,25,74,73,71,72,74
182,80,Ghana,73,78,Right,2,3,3,2018,23,Centre-Forward,CF,12000000,summer,Premier League,2015,69,72,76,75,73,76,73,70,59,75,77,78,81,76,70,75,62,64,73,74,74,32,64,70,73,,22,21,24,5,7,6,15,7
176,67,Germany,73,78,Right,1,3,3,2015,22,Right Winger,RW,13000000,summer,Ger Bundesliga,2015,70,62,39,75,60,76,68,48,58,75,81,79,83,72,83,65,61,73,51,59,42,40,68,72,49,,30,24,25,5,5,9,9,9
176,67,Germany,73,78,Right,1,3,3,2015,23,Right Winger,RW,8000000,winter,Ger Bundesliga,2015,70,62,39,75,60,76,68,48,58,75,81,79,83,72,83,65,61,73,51,59,42,40,68,72,49,,30,24,25,5,5,9,9,9
184,73,Serbia,73,77,Right,1,3,2,2017,23,Centre-Back,CB,6000000,summer,Eredivisie,2015,68,59,74,74,58,66,64,42,72,72,65,69,64,76,66,78,80,91,75,67,79,74,70,69,62,,59,72,69,7,10,7,13,11
180,70,Republic of Ireland,73,77,Left,2,2,4,2016,26,Left Midfield,LM,2100000,summer,Premier League,2015,73,63,73,68,58,79,67,65,65,74,85,84,76,71,74,74,72,76,70,64,65,50,69,69,64,,58,55,59,5,15,15,14,14
179,70,Morocco,73,76,Left,1,3,4,2016,26,Right Winger,RW,2500000,summer,Liga Portugal,2015,72,68,34,72,68,80,73,72,67,77,81,76,89,73,80,70,66,64,46,73,27,24,68,64,64,,25,27,21,7,14,13,6,11
173,64,France,73,76,Left,1,3,4,2015,24,Attacking Midfield,AM,6000000,summer,Laliga,2015,68,63,54,73,65,81,63,42,58,79,84,77,84,65,82,68,62,69,46,60,40,24,65,72,48,,22,25,23,6,11,6,13,12
173,64,France,73,76,Left,1,3,4,2015,24,Attacking Midfield,AM,1800000,summer,Premier League,2015,68,63,54,73,65,81,63,42,58,79,84,77,84,65,82,68,62,69,46,60,40,24,65,72,48,,22,25,23,6,11,6,13,12
179,82,Italy,73,76,Right,1,2,2,2017,25,Right-Back,RB,1000000,winter,Ger Bundesliga,2015,67,39,67,69,31,57,54,45,65,66,73,77,65,73,74,66,66,77,76,52,78,74,40,50,50,,75,76,76,15,14,7,8,7
191,83,Argentina,73,76,Right,1,2,2,2020,26,Centre-Back,CB,2850000,summer,Premier League,2015,61,31,77,62,24,64,32,49,65,65,71,73,53,77,55,42,41,65,81,37,64,75,28,34,48,,76,76,75,5,6,5,12,7
178,72,France,73,76,Right,1,3,3,2017,27,Central Midfield,CM,1300000,summer,Laliga,2015,68,66,48,76,65,77,74,76,71,75,73,71,79,70,73,68,53,67,64,64,58,30,71,75,71,,50,52,53,14,11,13,14,5
175,73,Scotland,73,75,Right,2,3,3,2017,28,Central Midfield,CM,4100000,summer,Premier League,2015,76,72,68,77,68,74,76,75,71,76,69,69,75,71,73,76,66,77,60,76,65,62,69,81,74,,50,63,59,6,5,10,5,10
186,84,Slovakia,73,74,Right,2,3,2,2015,28,Central Midfield,CM,4000000,summer,Serie A,2015,69,63,73,77,70,74,67,69,73,77,65,67,74,74,50,81,78,85,90,78,86,75,71,72,70,,69,78,75,13,7,8,14,7
192,93,Belgium,73,73,Right,2,4,3,2017,30,Centre-Forward,CF,1800000,summer,Super Lig,2015,53,73,78,71,67,63,56,53,53,72,71,73,56,72,45,74,74,76,84,69,66,47,76,71,67,,32,43,28,9,10,9,6,12
192,80,Netherlands,73,73,Right,1,2,2,2016,29,Centre-Back,CB,2500000,winter,Super Lig,2015,49,56,79,72,41,66,43,38,72,72,68,68,67,66,65,71,82,81,85,57,74,67,65,62,49,,70,75,67,11,11,10,6,15
189,90,England,72,83,Right,1,3,2,2015,22,Centre-Forward,CF,10000000,summer,Premier League,2015,61,74,69,60,61,73,52,68,57,72,75,74,61,74,62,78,69,72,83,68,65,25,67,59,74,,25,24,25,7,15,5,9,11
177,67,France,72,82,Right,1,3,3,2017,22,Central Midfield,CM,10000000,summer,Premier League,2015,58,63,52,75,68,66,61,64,73,74,66,63,71,75,70,71,53,69,70,73,64,68,68,73,68,,58,67,60,8,9,10,7,8
184,73,Italy,72,81,Right,1,4,3,2018,23,Attacking Midfield,AM,2000000,summer,Serie A,2015,69,55,61,77,63,77,73,64,69,81,74,78,72,59,67,71,64,68,69,64,53,25,67,74,64,,24,30,30,4,2,4,4,2
184,73,Italy,72,81,Right,1,4,3,2018,23,Attacking Midfield,AM,4000000,summer,Serie A,2015,69,55,61,77,63,77,73,64,69,81,74,78,72,59,67,71,64,68,69,64,53,25,67,74,64,,24,30,30,4,2,4,4,2
184,78,Austria,72,80,Left,1,3,2,2018,23,Centre-Back,CB,1000000,winter,Ger Bundesliga,2015,57,47,66,63,48,55,43,32,65,60,64,72,62,62,62,84,82,75,81,70,80,72,60,65,36,,68,75,76,13,13,8,12,9
196,91,Greece,72,80,Right,1,2,1,2018,21,Goalkeeper,GK,2000000,summer,Super League 1,2015,25,25,25,25,25,25,25,25,25,28,31,33,32,70,32,25,62,23,64,25,25,25,25,25,25,,25,25,25,76,67,65,71,77
179,71,England,72,78,Right,1,4,3,2017,24,Right-Back,RB,4900000,summer,Premier League,2015,74,44,66,70,43,69,71,70,67,67,84,82,79,70,76,74,70,85,71,65,65,71,58,68,38,,71,70,72,10,13,7,10,9
179,75,Italy,72,78,Left,1,3,2,2017,24,Central Midfield,CM,21000000,summer,Serie A,2015,68,67,67,74,65,73,65,63,74,75,76,73,79,70,74,72,66,76,66,75,72,64,71,72,55,,45,65,65,6,7,6,6,8
179,75,Italy,72,78,Left,1,3,2,2017,24,Central Midfield,CM,8500000,summer,Serie A,2015,68,67,67,74,65,73,65,63,74,75,76,73,79,70,74,72,66,76,66,75,72,64,71,72,55,,45,65,65,6,7,6,6,8
178,71,Wales,72,78,Right,1,2,2,2016,23,Right-Back,RB,2800000,summer,Premier League,2015,73,42,57,70,42,69,72,51,66,71,80,80,76,74,73,68,71,81,72,61,65,72,62,67,49,,72,73,72,5,14,11,5,13
184,79,Italy,72,77,Left,2,3,2,2018,28,Left-Back,LB,4500000,summer,Serie A,2015,76,58,66,68,42,71,59,39,62,71,77,78,76,72,59,65,73,79,77,50,73,71,69,69,50,,71,75,77,5,10,10,13,4
179,81,Nigeria,72,77,Right,1,4,3,2017,24,Centre-Forward,CF,4500000,summer,Ger Bundesliga,2015,47,71,75,58,63,68,48,44,49,69,76,77,74,71,68,84,91,75,82,63,59,39,69,47,68,,25,24,22,9,10,14,14,6
183,78,Sweden,72,77,Right,1,3,2,2017,23,Central Midfield,CM,2500000,summer,Serie A,2015,49,44,58,75,49,64,63,68,77,73,69,67,67,71,64,82,72,90,74,66,74,73,62,71,63,,63,71,61,5,7,14,15,11
177,69,England,72,76,Right,2,3,4,2016,26,Left Winger,LW,3500000,summer,Premier League,2015,71,69,47,64,64,82,68,74,48,76,89,88,89,61,79,72,62,82,56,54,44,44,74,65,82,,25,29,27,12,10,9,12,14
183,80,Switzerland,72,76,Right,1,4,2,2017,26,Defensive Midfield,DM,3600000,summer,Ger Bundesliga,2015,73,68,73,72,75,66,68,65,74,70,74,73,72,60,71,80,71,91,73,77,60,67,74,78,61,,65,68,66,11,14,7,10,13
182,70,Netherlands,72,76,Left,1,3,3,2017,23,Attacking Midfield,AM,6500000,summer,Premier League,2015,56,74,58,69,69,76,76,73,68,77,76,74,80,72,70,77,69,72,52,75,47,36,74,72,64,,34,35,29,8,10,6,6,14
180,76,Belgium,72,76,Right,1,3,2,2018,24,Right-Back,RB,1750000,summer,Super Lig,2015,71,50,66,71,41,77,70,50,64,75,87,92,78,68,68,68,70,84,79,69,76,74,67,54,49,,61,71,69,14,8,4,8,14
187,75,Netherlands,72,76,Right,1,3,2,2018,24,Centre-Back,CB,3000000,winter,Ger Bundesliga,2015,55,47,72,64,48,64,41,35,55,68,74,75,68,70,57,71,69,73,76,55,68,75,64,70,41,,72,74,74,12,6,15,12,6
169,69,France,72,76,Right,1,3,3,2016,24,Defensive Midfield,DM,9000000,summer,Premier League,2015,64,67,43,76,54,68,46,46,73,74,73,75,65,73,74,65,67,82,62,58,56,68,65,74,50,,67,69,58,14,11,9,6,9
186,83,Ivory Coast,72,75,Right,1,2,2,2017,26,Centre-Back,CB,6500000,winter,Premier League,2015,59,33,77,59,28,45,38,27,47,61,63,66,54,70,48,41,63,74,90,28,78,74,53,44,30,,68,75,63,5,11,14,9,12
180,79,Belgium,72,75,Right,1,4,4,2018,26,Right Winger,RW,1200000,summer,Super League,2015,72,73,46,71,76,74,69,73,70,73,85,83,77,69,77,81,82,48,68,78,32,26,68,71,70,,25,21,25,14,6,15,12,15
186,69,Netherlands,72,75,Right,1,4,3,2017,25,Defensive Midfield,DM,3500000,summer,Eredivisie,2015,62,59,67,78,64,68,78,72,77,76,55,64,76,69,67,71,59,69,60,73,48,69,68,74,60,,64,65,61,6,14,8,13,15
180,77,France,72,75,Right,1,3,2,2015,25,Centre-Back,CB,2000000,summer,Ligue 1,2015,62,38,71,73,25,66,59,28,68,69,71,76,63,71,70,52,70,74,74,47,77,72,36,66,44,,69,74,73,8,5,5,8,10
186,84,Germany,72,75,Right,1,3,2,2016,26,Centre-Forward,CF,2500000,summer,Ger Bundesliga,2015,63,74,74,68,69,68,52,46,39,69,68,71,65,72,57,74,71,78,78,60,82,41,73,57,58,,26,23,24,7,6,8,6,5
186,81,Belgium,72,72,Right,1,3,3,2015,31,Defensive Midfield,DM,2000000,winter,Ligue 1,2015,72,71,76,73,68,69,64,64,69,71,71,74,67,74,60,72,78,83,76,71,68,67,76,72,68,,66,69,76,8,13,14,11,9
174,70,Turkey,72,72,Right,1,3,4,2015,28,Attacking Midfield,AM,1500000,summer,Super Lig,2015,69,58,73,74,44,74,60,66,72,75,76,76,82,68,81,71,72,69,59,67,68,23,72,71,68,,21,23,22,10,12,14,15,5
197,86,Belgium,71,81,Left,1,3,1,2017,23,Goalkeeper,GK,8000000,summer,Ger Bundesliga,2015,25,25,25,32,25,25,25,25,32,23,44,46,50,72,43,35,57,44,70,25,32,25,25,25,27,,25,25,25,76,67,71,69,69
179,70,Ghana,71,79,Right,1,4,2,2015,23,Central Midfield,CM,3100000,summer,Serie A,2015,65,48,64,76,49,64,56,53,74,75,79,79,81,70,73,71,70,83,65,64,83,62,64,71,59,,55,67,71,10,4,9,5,6
189,80,France,71,78,Right,1,3,2,2015,23,Centre-Back,CB,2400000,summer,Eredivisie,2015,46,25,63,66,25,35,29,33,63,64,64,73,61,68,54,51,72,67,82,35,81,68,25,33,48,,72,73,68,13,5,15,8,14
175,69,Turkey,71,77,Right,1,3,3,2015,24,Centre-Forward,CF,2750000,winter,Super Lig,2015,67,75,72,65,66,70,50,48,51,61,76,75,71,66,64,72,67,75,64,70,58,31,77,74,70,,25,20,25,13,9,11,15,5
175,69,Republic of Ireland,71,77,Left,1,4,3,2016,23,Left Midfield,LM,9900000,summer,Premier League,2015,71,62,52,67,52,75,73,73,59,73,78,79,78,72,82,66,75,76,54,61,50,51,65,70,64,,49,52,41,11,7,12,6,6
171,76,Haiti,71,77,Right,1,3,3,2019,22,Attacking Midfield,AM,2000000,summer,Ligue 1,2015,62,63,52,73,62,70,62,65,65,71,92,90,87,70,93,79,60,81,66,69,59,54,58,74,60,,59,60,52,8,10,8,7,6
185,85,Tunisia,71,76,Right,1,3,2,2019,28,Centre-Back,CB,7000000,summer,Premier League,2015,62,24,67,66,48,48,51,52,64,61,68,67,62,67,63,69,79,68,84,39,78,76,46,57,38,,76,77,76,13,12,8,13,14
181,77,Russia,71,76,Right,1,2,2,2015,22,Central Midfield,CM,2000000,summer,Premier Liga,2015,61,50,59,76,44,69,48,55,68,73,72,67,79,74,66,69,75,66,73,66,50,72,63,68,59,,73,71,67,10,7,15,15,14
187,85,Austria,71,76,Left,1,3,2,2019,22,Centre-Back,CB,6000000,summer,Premier League,2015,51,20,73,70,26,62,23,27,65,64,67,76,59,66,61,39,67,65,78,24,73,66,29,53,34,,70,75,68,12,9,14,11,10
180,81,Morocco,71,75,Left,1,2,2,2016,25,Centre-Back,CB,2000000,summer,Serie A,2015,64,25,65,63,23,50,22,22,58,66,68,66,50,67,59,58,73,64,74,37,84,71,47,51,31,,70,71,75,8,10,9,7,8
189,78,Slovenia,71,74,Right,1,3,3,2016,25,Defensive Midfield,DM,1300000,summer,Laliga,2015,67,53,63,75,59,67,59,53,73,73,59,55,61,69,50,69,75,76,69,66,71,69,63,73,57,,61,71,67,9,9,9,14,4
175,75,Germany,71,74,Right,1,4,2,2015,25,Right-Back,RB,3500000,summer,Ger Bundesliga,2015,66,32,55,68,37,67,58,49,58,68,77,76,82,73,86,81,63,71,65,63,70,74,45,51,48,,73,75,76,10,9,6,7,12
181,79,Wales,71,73,Right,1,2,2,2016,26,Centre-Back,CB,11300000,summer,Premier League,2015,53,32,69,67,26,57,46,43,60,62,69,77,72,66,71,35,83,65,74,30,71,67,43,48,51,,70,73,73,10,11,11,13,12
182,81,Croatia,70,82,Right,1,5,3,2019,22,Centre-Forward,CF,8000000,summer,Serie A,2015,45,74,73,58,64,65,55,45,38,73,74,65,67,64,64,74,78,69,76,47,45,24,76,55,69,,25,21,25,14,8,11,14,11
173,73,Germany,70,82,Right,1,3,3,2018,20,Right Winger,RW,55000000,winter,Premier League,2015,67,57,46,69,44,75,53,37,61,73,85,85,79,59,80,64,64,62,66,58,57,36,64,65,65,,42,45,44,13,9,9,8,6
173,73,Germany,70,82,Right,1,3,3,2018,20,Right Winger,RW,55000000,summer,Premier League,2015,67,57,46,69,44,75,53,37,61,73,85,85,79,59,80,64,64,62,66,58,57,36,64,65,65,,42,45,44,13,9,9,8,6
186,78,Italy,70,81,Right,1,3,2,2019,20,Defensive Midfield,DM,20000000,winter,Serie A,2015,61,40,59,77,49,71,63,63,73,77,59,64,62,59,54,71,58,68,76,74,65,67,59,72,57,,54,68,68,2,4,2,2,4
188,78,Italy,70,81,Left,1,3,2,2015,20,Centre-Back,CB,25000000,summer,Serie A,2015,39,29,69,58,29,49,35,27,54,59,66,66,56,70,55,59,72,73,72,50,74,73,31,39,37,,72,70,70,8,13,11,7,8
188,78,Italy,70,81,Left,1,3,2,2015,20,Centre-Back,CB,18000000,summer,Serie A,2015,39,29,69,58,29,49,35,27,54,59,66,66,56,70,55,59,72,73,72,50,74,73,31,39,37,,72,70,70,8,13,11,7,8
183,72,England,70,80,Right,1,3,2,2016,22,Left-Back,LB,4800000,winter,Premier League,2015,67,60,71,68,42,69,54,32,64,72,79,77,73,72,68,68,74,71,68,59,65,67,62,68,49,,68,69,70,9,8,14,15,12
182,82,France,70,78,Right,1,3,3,2019,23,Centre-Forward,CF,2000000,summer,Ligue 1,2015,61,75,60,58,72,74,36,54,48,72,78,73,79,57,58,69,53,86,79,64,67,22,74,58,63,,25,25,23,9,13,9,7,10
180,78,Germany,70,78,Left,1,2,2,2016,22,Left-Back,LB,4000000,summer,Ger Bundesliga,2015,65,43,57,70,48,70,45,41,64,68,88,87,76,65,72,66,58,77,73,40,72,64,63,64,48,,65,68,71,12,8,14,6,13
182,69,France,70,78,Right,1,3,2,2017,23,Central Midfield,CM,12000000,winter,Laliga,2015,48,71,65,74,62,71,28,30,67,73,69,69,56,62,64,70,71,74,72,69,69,67,57,78,44,,58,68,62,14,11,11,14,13
182,69,France,70,78,Right,1,3,2,2017,23,Central Midfield,CM,10600000,winter,Premier League,2015,48,71,65,74,62,71,28,30,67,73,69,69,56,62,64,70,71,74,72,69,69,67,57,78,44,,58,68,62,14,11,11,14,13
185,77,Italy,70,77,Left,1,2,2,2017,25,Left-Back,LB,1500000,winter,Serie A,2015,63,31,64,60,24,54,43,32,57,62,70,71,69,73,60,67,72,73,75,26,67,76,45,39,42,,67,76,73,7,7,10,13,9
183,80,Italy,70,77,Left,1,3,3,2016,22,Defensive Midfield,DM,1800000,summer,Serie A,2015,61,32,67,79,57,65,60,59,73,77,59,66,64,64,68,66,72,78,78,67,55,69,51,72,59,,49,69,59,3,3,3,3,3
180,79,Germany,70,75,Right,1,3,3,2017,22,Right Winger,RW,3000000,summer,Ger Bundesliga,2015,66,65,44,70,60,74,59,52,57,70,87,84,79,70,78,76,66,67,66,61,59,33,71,65,61,,29,32,28,6,5,12,5,7
186,78,Italy,70,75,Right,1,3,2,2015,26,Centre-Forward,CF,3000000,summer,Serie A,2015,32,74,74,59,67,63,53,27,35,67,68,67,68,69,59,68,82,71,80,55,35,23,74,47,65,,25,20,25,14,5,11,13,8
186,78,Italy,70,75,Right,1,3,2,2015,26,Centre-Forward,CF,1000000,summer,Serie A,2015,32,74,74,59,67,63,53,27,35,67,68,67,68,69,59,68,82,71,80,55,35,23,74,47,65,,25,20,25,14,5,11,13,8
168,67,Ivory Coast,70,74,Right,1,3,2,2016,23,Defensive Midfield,DM,1000000,summer,Ligue 1,2015,48,44,59,74,41,73,51,43,72,72,76,78,75,69,91,77,77,78,54,68,70,59,61,69,40,,58,64,62,13,12,8,9,11
174,66,France,70,72,Right,1,3,3,2017,27,Centre-Forward,CF,5000000,winter,Laliga,2015,68,69,58,69,74,73,60,58,52,69,91,92,83,66,80,62,73,69,62,60,53,22,68,67,67,,39,44,20,15,14,7,14,12
174,66,France,70,72,Right,1,3,3,2017,27,Centre-Forward,CF,6000000,summer,Ligue 1,2015,68,69,58,69,74,73,60,58,52,69,91,92,83,66,80,62,73,69,62,60,53,22,68,67,67,,39,44,20,15,14,7,14,12
184,79,Russia,70,72,Left,1,3,2,2015,26,Attacking Midfield,AM,1500000,summer,Premier Liga,2015,72,60,53,71,70,71,57,63,68,72,73,72,70,70,61,77,58,61,61,77,32,24,59,72,69,,28,36,27,6,7,5,8,15
185,84,England,70,70,Right,1,3,2,2015,31,Centre-Forward,CF,5400000,summer,Premier League,2015,47,77,75,66,64,62,56,32,53,70,64,66,59,65,72,72,74,63,72,66,68,44,72,71,74,,23,28,22,14,15,13,6,9
186,78,Poland,69,81,Left,1,3,2,2015,21,Centre-Forward,CF,2800000,summer,Eredivisie,2015,60,70,74,65,56,52,72,61,48,66,75,74,64,70,63,73,76,72,76,63,67,35,71,64,65,,32,31,34,8,15,15,14,5
186,78,Poland,69,81,Left,1,3,2,2015,21,Centre-Forward,CF,8000000,summer,Ger Bundesliga,2015,60,70,74,65,56,52,72,61,48,66,75,74,64,70,63,73,76,72,76,63,67,35,71,64,65,,32,31,34,8,15,15,14,5
181,76,France,69,81,Right,1,4,3,2018,19,Centre-Forward,CF,60000000,summer,Premier League,2015,37,68,65,56,64,68,43,53,41,69,85,88,81,67,70,70,74,55,71,61,29,25,71,43,68,,20,25,25,8,7,7,14,10
178,65,Ghana,69,81,Right,1,3,3,2018,20,Attacking Midfield,AM,6000000,summer,Laliga,2015,58,64,67,71,49,75,57,45,67,73,71,68,66,69,65,72,60,73,60,68,71,54,68,64,68,,50,56,55,14,12,11,9,10
178,65,Ghana,69,81,Right,1,3,3,2018,20,Attacking Midfield,AM,2400000,summer,Laliga,2015,58,64,67,71,49,75,57,45,67,73,71,68,66,69,65,72,60,73,60,68,71,54,68,64,68,,50,56,55,14,12,11,9,10
183,78,Italy,69,79,Left,1,4,2,2015,22,Left-Back,LB,5000000,summer,Laliga,2015,67,39,67,61,49,61,64,49,61,61,79,83,70,69,55,79,69,79,79,68,71,67,44,53,47,,63,71,71,11,5,13,9,6
183,78,Italy,69,79,Left,1,4,2,2015,22,Left-Back,LB,5000000,summer,Serie A,2015,67,39,67,61,49,61,64,49,61,61,79,83,70,69,55,79,69,79,79,68,71,67,44,53,47,,63,71,71,11,5,13,9,6
177,74,Greece,69,78,Left,1,3,2,2015,21,Left-Back,LB,1000000,summer,Ger Bundesliga,2015,75,43,44,72,60,70,66,59,75,73,86,90,72,73,87,60,62,62,42,64,75,64,40,30,45,,68,69,69,10,6,14,9,13
177,74,Greece,69,78,Left,1,3,2,2015,21,Left-Back,LB,2500000,summer,Ger Bundesliga,2015,75,43,44,72,60,70,66,59,75,73,86,90,72,73,87,60,62,62,42,64,75,64,40,30,45,,68,69,69,10,6,14,9,13
186,78,England,69,77,Right,1,3,2,2015,22,Right-Back,RB,1800000,summer,Premier League,2015,45,23,71,73,31,54,33,25,67,65,68,68,54,67,64,33,76,69,79,27,73,70,58,55,42,,76,77,69,6,14,7,10,11
172,61,France,69,77,Right,1,4,3,2017,24,Left Winger,LW,1200000,summer,Ligue 1,2015,64,65,62,69,48,71,58,42,57,73,92,88,91,57,93,59,62,60,41,56,31,27,63,61,62,,26,21,25,6,11,11,12,13
187,75,Argentina,69,77,Right,1,3,3,2017,24,Centre-Forward,CF,1000000,summer,Ligue 1,2015,53,71,69,64,58,65,43,40,42,72,68,78,81,69,55,66,61,74,75,63,68,37,73,59,65,,24,25,25,6,10,6,8,6
177,64,Germany,69,76,Right,1,3,3,2016,23,Centre-Forward,CF,1500000,summer,Ger Bundesliga,2015,61,70,58,67,68,74,66,45,44,69,83,77,84,67,79,75,81,64,48,66,29,22,68,53,67,,21,20,23,11,11,6,7,7
175,75,Netherlands,69,75,Right,1,3,3,2017,22,Attacking Midfield,AM,1450000,summer,Eredivisie,2015,67,65,56,73,56,72,60,45,64,69,73,75,75,66,74,64,69,74,59,61,59,62,70,70,63,,63,64,60,7,11,14,14,6
180,75,Italy,69,75,Right,1,4,3,2015,23,Defensive Midfield,DM,4000000,summer,Serie A,2015,65,47,59,72,59,65,69,73,73,70,63,65,69,69,62,75,66,70,74,77,67,63,55,73,67,,51,61,61,4,12,13,7,12
185,77,Italy,69,74,Right,1,3,2,2018,28,Right-Back,RB,1000000,summer,Serie A,2015,68,26,66,64,46,62,59,39,59,63,69,73,70,70,61,65,71,79,74,49,76,70,61,47,54,,66,71,69,11,6,14,6,12
183,78,England,69,72,Right,1,3,3,2017,27,Centre-Forward,CF,9350000,winter,Premier League,2015,61,74,64,62,58,65,63,59,42,63,81,82,82,66,64,68,74,76,71,62,42,21,74,44,75,,25,26,23,9,14,11,11,10
170,64,Netherlands,69,72,Right,1,3,3,2016,24,Centre-Forward,CF,1300000,summer,Eredivisie,2015,53,75,45,61,68,71,72,70,42,71,84,78,77,66,84,80,73,73,54,71,69,40,74,66,65,,40,42,34,6,15,5,10,10
182,79,Netherlands,69,72,Right,1,3,2,2016,25,Central Midfield,CM,1500000,summer,Eredivisie,2015,44,52,67,67,47,67,42,51,63,72,55,65,64,70,64,60,76,75,74,53,67,68,63,72,55,,66,69,66,15,10,12,11,15
198,88,Denmark,69,72,Right,1,2,1,2015,25,Goalkeeper,GK,1500000,summer,Super League 1,2015,25,25,25,24,25,25,25,25,25,25,28,40,33,59,27,25,36,42,74,25,21,25,25,25,29,,25,25,25,73,71,55,68,69
198,88,Denmark,69,72,Right,1,2,1,2015,26,Goalkeeper,GK,1500000,winter,Superliga,2015,25,25,25,24,25,25,25,25,25,25,28,40,33,59,27,25,36,42,74,25,21,25,25,25,29,,25,25,25,73,71,55,68,69
190,89,Croatia,69,72,Right,1,4,2,2016,26,Centre-Forward,CF,1600000,summer,Jupiler Pro League,2015,28,72,74,63,68,57,36,45,35,65,60,67,52,68,42,77,64,74,89,62,74,23,68,54,71,,25,38,21,9,8,10,10,14
183,75,Mali,69,72,Right,1,3,2,2017,23,Defensive Midfield,DM,1800000,summer,Ligue 1,2015,59,35,50,71,36,60,54,45,68,69,62,52,54,70,61,59,67,76,74,59,74,72,25,53,52,,66,71,69,11,10,8,5,8
188,84,France,69,69,Left,2,3,1,2017,32,Goalkeeper,GK,1000000,winter,Jupiler Pro League,2015,25,25,25,30,25,25,25,25,22,25,49,53,40,75,28,26,79,31,77,25,39,24,25,25,21,,25,25,25,73,67,58,64,72
185,75,England,68,83,Right,1,3,2,2018,20,Defensive Midfield,DM,1800000,summer,Serie A,2015,41,36,65,72,28,67,50,37,66,73,74,75,76,72,58,70,69,71,71,65,67,71,51,72,48,,64,67,65,11,8,14,7,7
186,74,France,68,83,Right,1,3,1,2015,21,Goalkeeper,GK,3000000,summer,Ligue 1,2015,25,25,25,34,25,25,25,25,24,24,54,43,35,68,52,25,61,20,54,25,23,25,25,25,25,,25,25,25,74,65,61,62,72
192,90,Germany,68,83,Right,1,3,2,2015,19,Centre-Back,CB,7500000,summer,Ger Bundesliga,2015,32,25,70,59,22,44,26,20,50,58,55,67,47,64,48,41,69,55,86,20,57,62,26,39,32,,69,71,65,10,7,6,8,13
192,90,Germany,68,83,Right,1,3,2,2015,19,Centre-Back,CB,20000000,summer,Ger Bundesliga,2015,32,25,70,59,22,44,26,20,50,58,55,67,47,64,48,41,69,55,86,20,57,62,26,39,32,,69,71,65,10,7,6,8,13
185,75,Turkey,68,83,Right,1,4,4,2016,18,Centre-Forward,CF,25000000,summer,Jupiler Pro League,2015,58,69,63,64,67,68,68,72,47,68,72,75,75,67,68,69,64,62,62,63,42,28,67,56,68,,22,32,23,7,13,7,12,12
185,75,Turkey,68,83,Right,1,4,4,2016,18,Centre-Forward,CF,4400000,summer,Premier League,2015,58,69,63,64,67,68,68,72,47,68,72,75,75,67,68,69,64,62,62,63,42,28,67,56,68,,22,32,23,7,13,7,12,12
185,75,Turkey,68,83,Right,1,4,4,2016,18,Centre-Forward,CF,25000000,winter,Premier League,2015,58,69,63,64,67,68,68,72,47,68,72,75,75,67,68,69,64,62,62,63,42,28,67,56,68,,22,32,23,7,13,7,12,12
173,73,United States,68,82,Right,1,3,3,2015,22,Right-Back,RB,2000000,summer,Premier League,2015,68,39,60,69,59,70,69,27,52,65,94,93,86,64,83,72,94,90,70,59,74,61,70,65,37,,56,66,65,6,14,6,10,10
181,72,Italy,68,80,Right,1,2,3,2020,21,Centre-Forward,CF,8400000,summer,Serie A,2015,32,68,73,63,58,66,65,54,37,68,72,74,63,61,62,71,72,63,74,70,54,25,67,54,55,,25,24,25,12,6,11,13,6
187,80,France,68,79,Right,1,3,2,2017,21,Central Midfield,CM,3500000,winter,Jupiler Pro League,2015,46,37,57,73,36,65,42,47,67,71,73,69,66,68,52,67,65,75,79,78,71,64,63,69,50,,59,62,57,12,6,6,12,10
190,81,Germany,68,79,Right,1,3,2,2018,20,Centre-Back,CB,3000000,summer,Ger Bundesliga,2015,43,46,65,73,47,59,42,46,67,73,68,65,62,65,62,65,55,79,71,58,74,68,49,62,38,,61,66,65,6,14,9,14,12
181,77,France,68,78,Left,1,3,2,2015,22,Left-Back,LB,3000000,summer,Ligue 1,2015,67,22,60,65,25,62,54,31,60,66,75,78,76,68,74,27,65,77,57,22,70,67,40,46,39,,64,66,68,8,6,12,7,14
163,62,Scotland,68,77,Right,1,4,3,2016,22,Left Winger,LW,4000000,summer,Premier League,2015,68,50,24,66,42,67,69,66,51,67,88,93,92,61,92,62,54,70,47,52,64,34,64,64,55,,52,42,36,14,13,14,6,9
185,77,Turkey,68,76,Right,1,4,5,2016,23,Centre-Forward,CF,2090000,summer,Scottish Premiership,2015,43,69,66,57,58,75,57,60,30,74,81,84,80,55,71,80,63,58,90,63,51,26,53,65,59,,31,36,34,12,7,7,8,5
183,76,France,68,76,Right,1,3,3,2019,24,Centre-Forward,CF,7500000,summer,Laliga,2015,60,69,71,59,63,67,53,47,40,68,81,84,79,61,72,73,71,59,64,52,44,38,69,52,69,,25,20,25,5,12,5,13,5
190,85,Germany,68,76,Left,1,3,2,2016,21,Centre-Back,CB,1500000,summer,Ger Bundesliga,2015,37,22,71,67,30,42,25,35,58,57,63,65,53,64,53,48,64,67,82,27,67,62,32,39,40,,67,68,66,13,14,6,8,14
177,73,Greece,68,76,Left,1,2,3,2017,23,Centre-Forward,CF,2500000,winter,Jupiler Pro League,2015,64,67,42,64,55,74,60,52,57,72,78,77,73,56,84,78,62,68,78,61,70,26,66,61,66,,24,30,35,8,7,11,12,6
187,80,Russia,68,75,Right,1,3,3,2015,25,Centre-Forward,CF,3000000,summer,Premier Liga,2015,55,65,57,63,67,63,49,63,60,74,74,73,70,69,63,69,64,70,71,68,66,22,73,63,74,,25,25,25,15,8,15,14,9
180,82,England,68,75,Right,1,4,4,2017,25,Centre-Forward,CF,9500000,summer,Premier League,2015,66,67,65,59,63,71,64,59,58,65,92,90,82,68,71,71,74,69,71,68,64,29,69,62,60,,36,38,35,11,12,7,13,9
178,72,Morocco,68,75,Right,1,4,4,2017,22,Left Winger,LW,1200000,summer,Laliga,2015,63,63,50,61,55,75,74,57,54,72,77,77,77,64,67,74,72,68,58,59,42,25,60,65,69,,29,36,23,10,5,10,11,7
179,70,Ghana,68,75,Left,1,3,3,2018,21,Left-Back,LB,26000000,summer,Premier League,2015,75,49,61,66,40,72,47,22,59,70,80,82,65,65,68,55,58,73,71,44,69,58,53,39,41,,68,71,70,11,10,5,10,9
184,76,France,68,74,Left,1,2,2,2015,24,Left-Back,LB,1000000,summer,Ger Bundesliga,2015,73,53,66,68,25,55,65,65,70,66,67,73,67,63,61,65,71,74,77,61,64,66,56,62,43,,69,66,70,14,8,14,13,9
188,83,Italy,68,74,Right,1,2,2,2019,21,Centre-Back,CB,3000000,summer,Serie A,2015,38,24,70,55,26,53,30,27,49,47,66,72,58,61,41,52,71,70,84,47,58,72,35,39,49,,70,72,66,12,9,8,8,10
185,76,Netherlands,68,74,Right,1,3,2,2015,24,Defensive Midfield,DM,1300000,summer,Serie A,2015,61,52,68,66,49,67,48,45,62,72,65,68,60,69,66,70,88,86,74,55,76,67,65,72,58,,58,65,63,13,14,6,11,11
177,72,Turkey,68,74,Left,1,4,3,2016,22,Right Midfield,RM,2400000,summer,Super Lig,2015,58,60,41,73,59,70,69,67,74,72,76,73,75,65,76,75,58,70,65,72,70,57,55,75,51,,50,57,54,9,10,15,10,12
182,70,Italy,68,74,Right,1,2,2,2020,23,Right Midfield,RM,4300000,summer,Serie A,2015,68,59,61,69,63,66,65,48,67,68,70,73,68,69,68,65,67,75,62,67,74,66,65,61,50,,65,68,66,10,8,7,5,10
179,71,Russia,68,73,Right,1,3,2,2015,25,Central Midfield,CM,1000000,summer,Premier Liga,2015,65,59,66,74,54,66,59,48,70,73,70,77,69,68,71,56,44,59,63,72,59,73,46,71,56,,64,59,60,7,7,11,15,14
172,73,France,68,72,Right,1,3,3,2016,21,Left Winger,LW,1000000,summer,Ligue 1,2015,65,62,57,67,63,68,45,47,52,71,76,83,82,67,82,64,43,63,53,58,35,25,64,54,62,,25,25,25,11,14,9,6,12
193,86,Benin,68,71,Right,1,3,2,2017,26,Centre-Forward,CF,8500000,summer,Premier League,2015,36,67,79,56,57,60,45,59,39,66,68,76,57,63,48,74,80,68,82,67,59,30,68,41,60,,25,25,25,5,12,13,7,6
180,75,Finland,68,71,Right,1,4,3,2015,25,Centre-Forward,CF,1500000,summer,Scottish Premiership,2015,51,67,64,68,62,70,72,39,34,71,75,80,76,68,69,68,69,67,64,66,52,26,69,41,61,,25,20,25,12,7,7,8,6
180,75,Finland,68,71,Right,1,4,3,2015,25,Centre-Forward,CF,1500000,summer,Superliga,2015,51,67,64,68,62,70,72,39,34,71,75,80,76,68,69,68,69,67,64,66,52,26,69,41,61,,25,20,25,12,7,7,8,6
173,72,Turkey,68,71,Right,1,3,3,2017,24,Left Winger,LW,2000000,winter,Super Lig,2015,59,55,48,72,48,72,45,41,46,74,91,83,72,48,82,48,63,67,65,51,28,30,62,71,49,,35,39,26,8,9,5,12,14
173,72,Turkey,68,71,Right,1,3,3,2017,23,Left Winger,LW,2000000,summer,Super Lig,2015,59,55,48,72,48,72,45,41,46,74,91,83,72,48,82,48,63,67,65,51,28,30,62,71,49,,35,39,26,8,9,5,12,14
185,70,Italy,68,68,Right,1,3,2,2016,29,Defensive Midfield,DM,5500000,summer,Serie A,2015,65,48,65,76,58,61,63,61,72,65,64,69,60,71,55,69,60,79,65,68,77,63,53,71,51,,55,63,61,12,5,9,9,9
178,71,France,67,83,Right,1,3,3,2019,19,Left Winger,LW,7000000,summer,Ger Bundesliga,2015,58,59,55,60,65,76,60,53,45,76,89,91,85,50,80,71,70,69,59,65,33,25,50,49,56,,21,27,27,4,2,4,2,4
167,58,England,67,83,Left,1,2,3,2016,18,Right Winger,RW,7200000,summer,Premier League,2015,56,54,45,71,51,74,55,48,61,73,85,71,91,61,90,57,49,53,26,53,37,20,57,66,61,,21,25,25,11,6,7,6,11
167,58,England,67,83,Left,1,2,3,2016,18,Right Winger,RW,3200000,winter,Scottish Premiership,2015,56,54,45,71,51,74,55,48,61,73,85,71,91,61,90,57,49,53,26,53,37,20,57,66,61,,21,25,25,11,6,7,6,11
185,84,Turkey,67,82,Right,1,4,2,2017,21,Centre-Back,CB,3700000,winter,Ger Bundesliga,2015,58,46,56,68,35,65,81,75,62,63,66,69,63,70,65,82,83,64,74,66,64,71,52,62,46,,67,70,65,15,9,7,13,9
180,75,Netherlands,67,82,Left,1,3,2,2018,21,Centre-Back,CB,42000000,summer,Premier League,2015,56,40,58,74,51,62,62,58,68,68,77,77,66,72,63,62,71,64,67,55,63,68,41,49,47,,63,71,67,9,6,6,15,9
180,75,Netherlands,67,82,Left,1,3,2,2018,20,Centre-Back,CB,42000000,summer,Premier League,2015,56,40,58,74,51,62,62,58,68,68,77,77,66,72,63,62,71,64,67,55,63,68,41,49,47,,63,71,67,9,6,6,15,9
185,85,Denmark,67,82,Right,1,4,3,2016,19,Defensive Midfield,DM,32000000,summer,Ger Bundesliga,2015,53,50,59,72,51,73,68,69,68,72,68,67,73,65,71,71,59,69,74,58,62,59,58,67,54,,52,58,50,8,6,11,10,10
185,85,Denmark,67,82,Right,1,4,3,2016,20,Defensive Midfield,DM,1000000,summer,Ger Bundesliga,2015,53,50,59,72,51,73,68,69,68,72,68,67,73,65,71,71,59,69,74,58,62,59,58,67,54,,52,58,50,8,6,11,10,10
188,78,Italy,67,81,Right,1,3,2,2020,20,Centre-Back,CB,2000000,summer,Serie A,2015,37,35,67,49,29,39,45,29,55,48,54,60,55,54,35,49,69,65,73,40,69,71,29,32,33,,71,73,67,4,9,4,4,4
172,70,United States,67,80,Right,1,4,3,2015,20,Central Midfield,CM,1000000,summer,Ger Bundesliga,2015,60,68,49,64,67,70,51,46,57,65,79,77,78,66,79,62,61,54,49,59,30,25,65,57,64,,20,24,23,13,8,7,9,11
181,62,Italy,67,78,Right,1,4,3,2015,21,Central Midfield,CM,1500000,summer,Serie A,2015,63,46,45,69,58,67,60,64,67,73,78,75,64,58,74,65,54,69,34,69,42,36,66,68,63,,32,41,40,5,11,10,7,13
181,62,Italy,67,78,Right,1,4,3,2015,22,Central Midfield,CM,1500000,winter,Serie A,2015,63,46,45,69,58,67,60,64,67,73,78,75,64,58,74,65,54,69,34,69,42,36,66,68,63,,32,41,40,5,11,10,7,13
168,67,Germany,67,78,Right,1,4,3,2015,21,Left Winger,LW,2500000,summer,Eredivisie,2015,56,61,46,68,57,78,74,58,51,74,85,77,93,64,91,65,75,59,39,58,68,25,64,67,57,,24,25,25,14,10,8,14,14
183,75,Ghana,67,78,Right,1,3,2,2019,21,Centre-Back,CB,6600000,winter,Premier League,2015,58,32,61,68,45,58,43,31,65,55,77,84,71,68,72,58,91,77,86,56,76,63,35,45,31,,57,68,60,12,12,12,7,14
185,82,Denmark,67,77,Right,1,3,2,2017,24,Centre-Back,CB,2500000,winter,Scottish Premiership,2015,28,26,72,64,29,55,24,27,69,65,54,69,59,59,70,42,73,65,78,45,58,66,32,43,27,,60,70,67,13,14,6,10,15
182,70,Albania,67,77,Left,1,3,2,2016,21,Right-Back,RB,5000000,summer,Serie A,2015,68,44,59,63,34,65,31,29,61,67,75,77,64,71,64,65,68,78,71,40,73,62,51,40,39,,63,67,67,11,5,13,8,10
171,68,Italy,67,77,Left,1,2,3,2015,21,Right Winger,RW,15000000,summer,Serie A,2015,66,46,40,62,53,69,67,65,47,68,85,80,90,65,84,71,32,72,38,66,42,21,58,52,45,,25,21,25,10,11,5,7,10
184,80,Switzerland,67,76,Left,1,3,2,,23,Centre-Back,CB,3000000,summer,Super League,2015,67,40,50,63,33,61,55,40,48,64,77,79,69,71,73,60,75,84,70,52,62,70,57,62,55,,65,64,66,14,14,15,7,6
191,90,Italy,67,75,Left,1,2,1,2015,24,Goalkeeper,GK,1000000,summer,Serie A,2015,25,25,25,31,25,25,25,25,30,21,49,46,46,70,34,44,57,27,69,25,25,25,25,25,25,,25,25,25,65,68,61,66,68
177,72,Norway,67,75,Right,1,3,2,2016,24,Right-Back,RB,2000000,winter,Super Lig,2015,66,54,55,62,46,68,64,37,48,65,84,82,80,65,80,60,66,77,55,53,60,70,57,58,40,,67,64,71,12,9,5,10,15
175,70,Austria,67,75,Left,1,3,3,2015,21,Attacking Midfield,AM,3000000,summer,Ger Bundesliga,2015,65,57,44,71,53,73,65,64,60,73,74,68,81,60,78,64,59,52,47,60,55,28,58,65,47,,21,24,33,14,11,12,9,11
184,76,France,67,75,Right,1,2,2,2018,21,Defensive Midfield,DM,10000000,summer,Serie A,2015,56,46,56,73,33,67,48,51,69,73,75,68,65,72,63,59,64,74,59,53,66,63,55,64,54,,61,67,69,11,8,14,7,15
180,74,Norway,67,74,Right,1,2,3,2015,23,Centre-Forward,CF,4100000,summer,Premier League,2015,62,61,52,67,66,78,68,41,40,66,90,92,77,62,71,73,71,70,57,54,35,35,59,55,61,,21,26,25,11,8,10,11,6
172,72,France,67,74,Right,1,3,3,2015,23,Left Winger,LW,4000000,summer,Jupiler Pro League,2015,66,64,56,67,62,68,67,63,61,69,75,74,74,64,85,65,74,66,68,63,55,37,70,66,62,,24,26,20,14,11,15,14,14
185,68,Germany,67,73,Left,1,4,3,2015,23,Centre-Forward,CF,2200000,summer,Ger Bundesliga,2015,48,67,73,66,61,68,53,52,60,67,74,69,71,65,62,70,80,67,64,52,60,36,70,64,64,,23,27,23,8,10,7,8,10
184,80,Mali,67,73,Right,1,2,2,2015,24,Defensive Midfield,DM,1500000,summer,Ligue 1,2015,43,41,59,72,30,58,55,37,58,72,72,75,77,74,68,64,66,92,84,54,77,65,64,58,54,,57,76,64,6,7,10,15,9
192,85,Russia,67,73,Right,1,2,1,2017,25,Goalkeeper,GK,1200000,winter,Premier Liga,2015,25,25,25,30,25,25,25,25,20,22,49,47,36,60,41,21,69,37,67,25,26,25,25,25,27,,25,25,25,68,71,60,65,66
182,75,Iceland,67,72,Right,1,4,2,2015,27,Central Midfield,CM,2000000,summer,Super League,2015,61,54,70,71,63,63,57,21,66,69,72,75,72,69,74,70,81,82,63,61,63,64,72,61,41,,54,63,62,12,5,8,11,9
190,82,Mali,67,72,Left,1,3,3,2015,26,Central Midfield,CM,2500000,winter,Ger Bundesliga,2015,59,60,56,70,46,68,58,57,67,68,69,70,63,62,51,68,66,79,75,61,80,68,69,71,63,,54,53,53,5,5,9,8,12
184,80,Netherlands,67,72,Right,1,2,2,2015,23,Centre-Back,CB,1500000,summer,Eredivisie,2015,39,33,66,70,23,48,52,32,62,56,65,59,59,62,63,47,57,65,73,34,74,64,52,66,55,,68,68,65,7,10,14,15,8
180,74,England,67,70,Right,1,3,2,2017,26,Second Striker,SS,4300000,summer,Premier League,2015,55,69,52,66,56,72,54,66,63,68,73,75,69,54,69,75,59,67,72,68,74,42,68,65,70,,28,27,32,8,11,12,11,10
195,80,Netherlands,67,69,Right,1,3,2,2016,26,Centre-Forward,CF,1500000,summer,Eredivisie,2015,57,71,71,63,59,59,43,31,56,66,66,74,59,65,44,63,77,52,81,58,38,32,68,57,62,,28,31,33,11,12,13,15,9
179,70,Turkey,66,82,Right,1,3,2,2018,20,Attacking Midfield,AM,7000000,summer,Super Lig,2015,67,59,58,72,54,68,67,48,70,69,73,68,69,65,70,71,71,65,65,65,59,63,64,64,39,,62,66,60,5,13,7,6,14
179,71,France,66,80,Right,1,4,4,2016,20,Attacking Midfield,AM,1000000,summer,Ligue 1,2015,58,68,50,72,60,75,73,70,60,74,75,74,76,60,69,63,70,66,55,69,42,43,72,69,71,,33,30,28,5,8,13,12,8
185,74,Sweden,66,78,Left,1,2,3,2015,20,Central Midfield,CM,1500000,summer,Eredivisie,2015,57,60,43,72,63,69,65,63,70,75,72,68,81,62,72,72,58,68,61,66,57,52,52,71,39,,48,56,54,6,6,6,10,12
172,61,Belgium,66,77,Right,1,3,3,2016,21,Centre-Forward,CF,1500000,winter,Jupiler Pro League,2015,56,67,62,51,61,66,63,66,46,63,91,92,87,67,84,65,80,58,38,63,25,22,64,58,58,,25,25,25,12,7,15,9,7
176,67,Germany,66,77,Right,1,4,4,2015,21,Right-Back,RB,6000000,summer,Ger Bundesliga,2015,65,58,46,64,54,72,60,51,55,72,85,83,81,53,76,51,67,64,34,44,43,47,57,52,48,,39,46,49,12,14,9,12,8
175,67,Uruguay,66,76,Right,1,3,3,2016,22,Defensive Midfield,DM,2000000,summer,Serie A,2015,62,57,50,73,55,68,66,69,71,69,73,67,76,67,75,66,52,72,59,58,34,48,64,72,66,,25,49,28,9,14,9,7,10
171,61,Italy,66,75,Left,1,5,4,2015,23,Attacking Midfield,AM,2700000,summer,Laliga,2015,63,57,38,67,58,70,60,54,61,70,89,84,92,64,92,60,44,69,35,63,29,32,60,58,49,,25,28,27,11,9,6,14,8
171,61,Italy,66,75,Left,1,5,4,2015,22,Attacking Midfield,AM,2700000,summer,Serie A,2015,63,57,38,67,58,70,60,54,61,70,89,84,92,64,92,60,44,69,35,63,29,32,60,58,49,,25,28,27,11,9,6,14,8
171,61,Italy,66,75,Left,1,5,4,2015,23,Attacking Midfield,AM,2700000,winter,Serie A,2015,63,57,38,67,58,70,60,54,61,70,89,84,92,64,92,60,44,69,35,63,29,32,60,58,49,,25,28,27,11,9,6,14,8
178,80,Morocco,66,75,Left,1,4,4,2016,21,Attacking Midfield,AM,2500000,winter,Ligue 1,2015,57,59,47,68,57,74,77,70,54,75,74,76,69,58,70,80,63,54,73,65,74,25,61,52,55,,35,26,27,8,5,6,10,9
175,68,Greece,66,75,Right,1,3,4,2015,21,Attacking Midfield,AM,2700000,summer,Super League 1,2015,63,59,36,64,35,70,39,63,61,66,74,86,72,63,76,50,48,67,44,30,28,20,62,64,45,,20,23,25,10,14,10,9,15
183,75,Germany,66,74,Right,1,3,2,2015,21,Defensive Midfield,DM,3500000,summer,Ger Bundesliga,2015,39,57,71,72,44,63,50,45,71,70,65,66,67,59,66,59,82,68,66,62,73,66,44,54,46,,57,73,64,5,10,8,9,6
183,75,Germany,66,74,Right,1,3,2,2015,21,Defensive Midfield,DM,1400000,summer,Ger Bundesliga,2015,39,57,71,72,44,63,50,45,71,70,65,66,67,59,66,59,82,68,66,62,73,66,44,54,46,,57,73,64,5,10,8,9,6
180,88,England,66,73,Left,1,4,3,2015,22,Goalkeeper,GK,5000000,winter,Premier League,2015,64,64,57,64,63,71,59,62,60,64,77,78,64,63,68,76,57,63,64,70,53,21,64,62,66,,39,34,31,12,10,14,10,7
180,88,England,66,73,Left,1,4,3,2015,22,Goalkeeper,GK,5000000,summer,Scottish Premiership,2015,64,64,57,64,63,71,59,62,60,64,77,78,64,63,68,76,57,63,64,70,53,21,64,62,66,,39,34,31,12,10,14,10,7
191,88,Wales,57,65,Right,1,3,1,2015,22,Goalkeeper,GK,5000000,winter,Premier League,2015,25,25,25,29,25,25,25,25,25,26,44,42,32,60,60,24,55,45,62,25,24,21,25,25,33,,25,25,25,60,55,58,52,61
191,88,Wales,57,65,Right,1,3,1,2015,22,Goalkeeper,GK,5000000,summer,Scottish Premiership,2015,25,25,25,29,25,25,25,25,25,26,44,42,32,60,60,24,55,45,62,25,24,21,25,25,33,,25,25,25,60,55,58,52,61
194,85,France,66,73,Right,1,2,2,2015,21,Centre-Back,CB,2000000,summer,Ligue 1,2015,46,27,69,67,29,42,38,34,61,53,49,66,57,56,38,47,51,65,72,28,67,66,24,33,44,,69,72,61,5,10,9,14,14
193,90,Netherlands,66,72,Left,1,3,2,2016,22,Left-Back,LB,1000000,summer,Eredivisie,2015,40,29,51,55,42,67,48,46,50,71,64,72,58,72,34,60,32,74,85,35,69,70,53,58,43,,67,71,68,10,8,11,12,12
188,77,Italy,66,72,Left,1,2,2,2020,22,Centre-Back,CB,1000000,winter,Ger Bundesliga,2015,39,30,65,49,36,39,29,33,49,49,44,55,45,67,34,45,60,55,69,30,75,63,31,34,39,,69,71,69,6,10,11,12,7
180,75,Italy,66,72,Right,1,3,3,2015,22,Left Winger,LW,12000000,summer,Ger Bundesliga,2015,58,56,46,72,54,72,58,57,59,70,68,66,73,65,68,60,48,60,59,49,45,44,65,66,52,,22,30,29,9,11,7,7,13
180,70,Guinea,66,72,Left,1,3,3,2017,21,Left-Back,LB,2500000,summer,Ligue 1,2015,68,60,58,64,64,69,67,39,56,68,77,77,65,55,65,63,68,80,69,43,60,59,63,60,46,,60,63,63,12,12,9,7,11
172,70,France,66,71,Right,1,3,2,2015,24,Right Winger,RW,2000000,summer,Jupiler Pro League,2015,65,67,65,68,63,65,51,48,62,63,84,88,73,69,79,61,50,75,61,54,50,42,58,66,62,,42,43,45,11,13,7,6,8
177,68,Italy,66,70,Right,1,2,3,2015,24,Defensive Midfield,DM,1000000,summer,Serie A,2015,52,55,53,69,39,65,54,57,63,73,75,75,72,64,75,63,74,72,63,60,67,53,59,64,59,,42,56,53,10,10,4,10,11
177,68,Italy,66,70,Right,1,2,3,2015,24,Defensive Midfield,DM,1500000,summer,Serie A,2015,52,55,53,69,39,65,54,57,63,73,75,75,72,64,75,63,74,72,63,60,67,53,59,64,59,,42,56,53,10,10,4,10,11
177,68,Italy,66,70,Right,1,2,3,2015,23,Defensive Midfield,DM,1000000,summer,Serie A,2015,52,55,53,69,39,65,54,57,63,73,75,75,72,64,75,63,74,72,63,60,67,53,59,64,59,,42,56,53,10,10,4,10,11
177,65,France,66,69,Right,1,3,3,2016,23,Right-Back,RB,2000000,summer,Ligue 1,2015,65,48,52,69,43,67,54,36,62,66,70,74,67,57,75,65,33,72,60,61,41,28,64,58,62,,31,36,27,8,14,13,7,11
181,78,France,65,84,Right,1,4,4,2017,20,Attacking Midfield,AM,3500000,summer,Ligue 1,2015,56,55,64,64,48,80,52,43,52,73,76,78,77,54,73,75,65,52,78,39,36,25,64,59,66,,28,30,22,6,9,10,7,7
164,60,France,65,79,Right,1,3,3,2016,21,Right Midfield,RM,1800000,winter,Ligue 1,2015,64,61,37,60,53,71,56,49,53,64,91,90,82,64,92,47,63,61,32,51,31,26,46,53,54,,26,22,28,13,11,7,13,13
190,88,France,65,78,Right,1,3,3,2017,21,Centre-Forward,CF,25000000,summer,Eredivisie,2015,39,68,73,49,46,55,41,35,34,55,80,75,78,55,56,68,79,64,71,59,40,20,68,54,63,,25,25,25,5,6,13,6,5
189,84,England,65,78,Left,1,3,2,2015,22,Centre-Forward,CF,7000000,summer,Premier League,2015,55,72,56,58,49,62,50,32,51,65,71,72,59,65,64,66,59,67,63,57,55,53,64,55,68,,25,22,25,8,6,10,5,15
189,84,England,65,78,Left,1,3,2,2015,22,Centre-Forward,CF,7000000,winter,Premier League,2015,55,72,56,58,49,62,50,32,51,65,71,72,59,65,64,66,59,67,63,57,55,53,64,55,68,,25,22,25,8,6,10,5,15
189,84,England,65,78,Left,1,3,2,2015,21,Centre-Forward,CF,7000000,summer,Premier League,2015,55,72,56,58,49,62,50,32,51,65,71,72,59,65,64,66,59,67,63,57,55,53,64,55,68,,25,22,25,8,6,10,5,15
181,61,Belgium,65,78,Right,1,4,2,2016,19,Central Midfield,CM,2000000,winter,Jupiler Pro League,2015,59,68,54,65,61,73,53,46,59,71,78,76,77,70,73,58,79,48,44,60,27,25,62,69,62,,21,23,24,7,5,5,13,13
174,72,Germany,65,78,Right,1,4,3,2015,20,Attacking Midfield,AM,12000000,summer,Austria Bundesliga,2015,49,61,39,67,53,69,48,45,51,73,73,75,88,59,85,57,55,54,48,52,35,42,56,66,47,,29,39,42,14,9,8,8,11
178,71,Belgium,65,78,Right,1,3,3,2015,20,Left Winger,LW,2500000,summer,Jupiler Pro League,2015,60,55,53,60,56,72,53,45,52,59,79,78,75,67,72,71,65,82,57,66,32,25,60,63,60,,25,25,25,12,9,6,12,8
188,75,Germany,65,77,Right,1,4,3,2015,21,Centre-Forward,CF,7500000,summer,Ger Bundesliga,2015,37,66,67,60,65,61,39,30,46,65,68,77,67,63,63,71,71,51,68,54,33,26,61,49,56,,25,30,21,5,11,6,11,15
188,86,Switzerland,65,77,Right,1,3,2,2018,21,Centre-Forward,CF,1500000,winter,Super League,2015,44,68,69,64,51,60,39,34,60,68,69,75,68,61,71,67,71,60,77,52,28,25,74,64,61,,21,25,25,9,13,6,15,13
186,82,Italy,65,76,Left,1,4,3,2015,23,Centre-Forward,CF,2800000,winter,Serie A,2015,30,67,68,51,58,50,47,48,36,57,66,68,73,73,59,66,70,68,75,53,50,35,68,57,56,,35,31,36,10,14,9,8,15
171,62,England,65,76,Right,1,4,3,2015,23,Attacking Midfield,AM,1800000,summer,Premier League,2015,62,57,43,67,50,73,71,74,58,66,77,73,71,47,85,63,58,75,33,59,66,36,55,61,65,,40,39,42,12,12,13,9,7
171,62,England,65,76,Right,1,4,3,2015,22,Attacking Midfield,AM,1800000,winter,Premier League,2015,62,57,43,67,50,73,71,74,58,66,77,73,71,47,85,63,58,75,33,59,66,36,55,61,65,,40,39,42,12,12,13,9,7
170,65,France,65,76,Right,1,3,2,2016,19,Centre-Forward,CF,4000000,summer,Ligue 1,2015,39,67,59,59,67,64,59,53,41,63,84,83,90,64,82,63,33,45,43,59,29,21,64,54,57,,25,25,25,11,6,13,9,14
170,65,France,65,76,Right,1,3,2,2016,19,Centre-Forward,CF,1000000,summer,Ligue 1,2015,39,67,59,59,67,64,59,53,41,63,84,83,90,64,82,63,33,45,43,59,29,21,64,54,57,,25,25,25,11,6,13,9,14
180,73,Norway,65,76,Right,1,3,2,2017,19,Central Midfield,CM,2000000,winter,Ger Bundesliga,2015,49,63,57,69,37,65,51,38,63,68,76,69,62,69,73,53,67,82,57,42,53,64,67,55,41,,47,62,57,5,5,6,14,12
185,85,Sweden,65,76,Left,1,2,2,2017,19,Right Winger,RW,2300000,winter,Allsvenskan,2015,49,62,60,58,64,61,41,30,45,63,80,84,73,59,56,76,73,52,82,53,32,25,60,58,56,,25,25,25,8,11,8,14,12
185,85,Sweden,65,76,Left,1,2,2,2017,19,Right Winger,RW,2300000,winter,Premier Liga,2015,49,62,60,58,64,61,41,30,45,63,80,84,73,59,56,76,73,52,82,53,32,25,60,58,56,,25,25,25,8,11,8,14,12
185,85,Sweden,65,76,Left,1,2,2,2017,19,Right Winger,RW,2300000,summer,Premier Liga,2015,49,62,60,58,64,61,41,30,45,63,80,84,73,59,56,76,73,52,82,53,32,25,60,58,56,,25,25,25,8,11,8,14,12
178,66,France,65,74,Right,1,3,3,2016,21,Centre-Forward,CF,1500000,summer,Ligue 1,2015,55,54,48,67,53,69,56,52,57,70,73,76,74,56,67,56,52,60,42,53,49,23,62,67,51,,36,32,21,7,6,12,7,7
187,74,Italy,65,73,Left,1,3,1,2015,23,Goalkeeper,GK,2350000,summer,Serie A,2015,25,25,25,25,25,25,25,25,21,22,31,33,22,59,32,24,58,34,42,25,25,25,25,25,21,,25,25,25,69,59,49,64,74
187,74,Italy,65,73,Left,1,3,1,2015,23,Goalkeeper,GK,1800000,summer,Serie A,2015,25,25,25,25,25,25,25,25,21,22,31,33,22,59,32,24,58,34,42,25,25,25,25,25,21,,25,25,25,69,59,49,64,74
180,79,Algeria,65,72,Right,1,3,3,2016,23,Central Midfield,CM,2000000,summer,Super League 1,2015,55,61,43,68,46,70,61,47,65,71,74,70,68,64,74,74,58,72,75,69,74,50,64,63,61,,56,60,48,13,13,7,14,9
183,73,Senegal,65,72,Right,1,3,2,2016,25,Centre-Back,CB,1500000,summer,Ligue 1,2015,29,25,51,55,25,31,24,41,59,58,66,74,57,65,60,43,86,72,82,25,73,61,43,43,38,,62,69,59,14,7,7,9,5
178,74,France,65,71,Right,1,3,2,2017,26,Right Winger,RW,2000000,winter,Super League,2015,60,55,50,67,41,65,51,41,52,62,73,74,73,73,73,60,50,61,70,56,33,39,71,68,47,,35,32,34,9,9,11,14,13
193,83,Egypt,65,71,Right,1,2,2,2016,24,Centre-Back,CB,2500000,summer,Serie A,2015,22,26,67,49,27,37,35,33,31,48,34,49,48,50,35,26,55,55,79,25,59,58,24,34,34,,66,71,70,13,13,4,9,7
180,63,Belgium,65,71,Right,1,3,2,2016,20,Central Midfield,CM,2000000,winter,Jupiler Pro League,2015,48,46,49,71,63,52,36,39,70,69,56,51,71,67,72,51,57,72,59,46,57,66,64,62,41,,57,60,59,11,9,9,8,12
181,77,Russia,65,70,Left,1,2,3,2015,28,Centre-Back,CB,2000000,winter,Premier Liga,2015,57,40,58,57,38,57,46,40,52,68,69,72,74,71,64,42,70,72,73,39,70,67,44,55,45,,66,63,58,15,10,10,11,7
184,74,Denmark,65,70,Right,1,3,2,2018,26,Centre-Back,CB,1500000,summer,Superliga,2015,40,27,66,63,33,34,38,28,60,45,74,69,55,66,62,50,73,71,72,39,65,55,26,38,29,,65,68,67,15,7,15,6,12
188,81,France,65,70,Right,1,3,2,2019,24,Centre-Back,CB,4000000,summer,Premier League,2015,38,41,61,58,41,40,46,40,66,59,44,57,50,66,47,54,56,73,91,45,74,57,45,31,42,,66,63,59,10,14,14,11,6
178,65,Italy,65,69,Right,1,3,2,2015,25,Central Midfield,CM,1000000,summer,Serie A,2015,57,41,43,69,38,59,49,59,69,67,75,73,71,68,75,61,80,84,59,59,69,61,55,63,54,,53,63,61,8,8,11,13,14
188,85,Germany,65,69,Left,1,4,3,2015,24,Centre-Forward,CF,2000000,summer,Ger Bundesliga,2015,39,66,70,57,59,60,50,41,36,66,60,64,54,58,61,72,51,63,81,61,52,25,61,46,60,,25,25,25,14,6,5,15,15
171,69,France,64,82,Right,1,3,3,2017,18,Centre-Forward,CF,10000000,summer,Ligue 1,2015,57,64,40,54,58,70,53,48,49,66,87,83,87,63,90,61,60,51,45,52,32,25,77,54,66,,28,33,32,10,11,6,7,13
188,85,Italy,64,79,Left,1,2,2,2015,20,Centre-Forward,CF,7500000,summer,Serie A,2015,25,67,71,59,61,59,45,29,33,64,60,64,54,55,58,72,68,74,86,37,51,25,66,31,67,,25,25,25,2,2,2,4,2
188,85,Italy,64,79,Left,1,2,2,2015,20,Centre-Forward,CF,7500000,winter,Serie A,2015,25,67,71,59,61,59,45,29,33,64,60,64,54,55,58,72,68,74,86,37,51,25,66,31,67,,25,25,25,2,2,2,4,2
188,85,Italy,64,79,Left,1,2,2,2015,20,Centre-Forward,CF,1000000,winter,Serie A,2015,25,67,71,59,61,59,45,29,33,64,60,64,54,55,58,72,68,74,86,37,51,25,66,31,67,,25,25,25,2,2,2,4,2
181,78,France,64,77,Left,1,3,2,2015,21,Centre-Forward,CF,16000000,summer,Ligue 1,2015,61,65,63,59,67,64,53,48,49,62,75,75,78,61,60,63,78,72,75,57,64,25,60,55,65,,37,28,25,13,14,8,13,8
184,70,Belgium,64,77,Right,1,3,2,2015,20,Centre-Back,CB,4000000,summer,Premier League,2015,31,41,65,66,34,62,34,28,55,64,75,76,62,55,59,50,68,67,81,35,63,60,35,45,36,,61,64,62,6,9,14,14,14
184,70,Belgium,64,77,Right,1,3,2,2015,20,Centre-Back,CB,4000000,summer,Super Lig,2015,31,41,65,66,34,62,34,28,55,64,75,76,62,55,59,50,68,67,81,35,63,60,35,45,36,,61,64,62,6,9,14,14,14
193,87,Austria,64,76,Left,1,3,3,2015,21,Centre-Forward,CF,3000000,summer,Ger Bundesliga,2015,61,59,68,65,57,66,48,27,63,69,64,73,61,60,39,59,40,63,67,49,55,32,65,62,59,,31,32,30,9,5,8,15,5
193,87,Austria,64,76,Left,1,3,3,2015,21,Centre-Forward,CF,8000000,summer,Ger Bundesliga,2015,61,59,68,65,57,66,48,27,63,69,64,73,61,60,39,59,40,63,67,49,55,32,65,62,59,,31,32,30,9,5,8,15,5
181,73,Italy,64,75,Right,1,3,2,2015,21,Attacking Midfield,AM,1400000,summer,Serie A,2015,59,45,52,67,50,64,62,59,67,71,67,71,66,58,70,71,63,63,69,63,60,62,58,67,54,,39,60,54,4,12,8,7,10
193,82,England,64,73,Right,1,3,2,2016,23,Centre-Back,CB,5400000,summer,Premier League,2015,33,39,58,59,22,54,23,25,53,57,68,74,57,58,46,67,62,69,78,50,76,61,48,50,43,,62,66,63,12,11,10,11,12
183,77,England,64,73,Right,1,2,3,2015,22,Centre-Forward,CF,13300000,winter,Premier League,2015,48,66,57,59,62,64,62,56,49,66,83,79,67,62,63,63,74,62,72,61,48,21,55,61,66,,25,25,25,6,5,8,9,6
188,87,England,64,73,Left,1,3,2,2020,22,Left-Back,LB,1000000,summer,Premier League,2015,64,23,63,71,33,46,64,64,63,61,67,76,47,65,38,55,64,64,73,57,71,63,32,37,44,,59,64,61,14,10,14,7,13
188,87,England,64,73,Left,1,3,2,2020,21,Left-Back,LB,1000000,summer,Scottish Premiership,2015,64,23,63,71,33,46,64,64,63,61,67,76,47,65,38,55,64,64,73,57,71,63,32,37,44,,59,64,61,14,10,14,7,13
179,70,Italy,64,73,Right,1,3,2,2020,23,Right-Back,RB,1200000,winter,Serie A,2015,58,34,57,54,36,49,45,39,48,54,75,75,65,64,75,34,65,75,65,49,64,64,49,44,41,,60,68,68,9,8,9,6,10
174,68,France,64,73,Right,1,3,2,2015,22,Right-Back,RB,5000000,summer,Ligue 1,2015,64,32,51,66,36,61,52,37,55,64,69,69,64,65,75,42,62,72,56,33,59,61,55,42,42,,63,67,65,8,10,7,14,10
176,70,France,64,73,Left,1,2,2,2017,21,Left-Back,LB,11000000,summer,Premier League,2015,64,51,41,60,61,69,60,46,53,63,80,84,77,63,72,67,80,72,64,41,62,61,61,50,65,,62,64,69,10,9,10,13,11
194,88,Denmark,64,72,Right,1,4,2,2017,22,Centre-Forward,CF,2500000,winter,Ger Bundesliga,2015,31,65,73,44,58,57,58,59,32,58,62,66,58,59,56,69,73,62,81,60,56,22,63,51,58,,25,23,21,14,5,12,6,9
190,76,Morocco,64,70,Left,1,3,2,2015,25,Centre-Back,CB,4000000,summer,Ligue 1,2015,45,25,70,67,31,44,41,34,60,58,72,69,63,60,46,48,63,82,76,33,75,61,38,40,46,,66,70,56,9,15,5,10,6
178,69,Denmark,64,69,Right,1,3,2,2016,25,Central Midfield,CM,1500000,winter,Allsvenskan,2015,55,55,42,67,59,67,61,63,62,66,64,69,72,63,82,61,62,71,43,54,71,55,67,62,62,,58,61,53,15,5,7,5,8
167,64,Mali,64,69,Right,1,3,2,2016,23,Right-Back,RB,10000000,summer,Ligue 1,2015,63,21,54,62,28,67,26,33,46,66,73,71,77,52,83,27,64,78,56,32,55,58,42,47,46,,66,67,68,9,13,8,6,15
184,80,France,64,68,Right,1,3,2,2016,25,Centre-Forward,CF,1500000,summer,Ligue 1,2015,55,67,56,54,57,66,49,45,53,65,69,75,70,68,64,59,80,75,69,54,62,55,65,51,48,,38,39,38,12,15,7,7,12
181,74,Switzerland,64,68,Right,1,3,3,2017,23,Central Midfield,CM,3450000,winter,Serie A,2015,59,62,38,67,42,58,48,65,66,66,64,68,70,66,59,72,58,84,64,62,62,54,73,59,60,,57,52,55,11,7,8,13,12
173,67,France,63,80,Right,1,3,3,2017,18,Left Winger,LW,24000000,summer,Ger Bundesliga,2015,48,58,52,59,56,71,45,32,51,69,79,81,75,60,74,52,58,50,42,46,32,25,56,55,46,,22,25,21,9,8,11,6,6
173,67,France,63,80,Right,1,3,3,2017,18,Left Winger,LW,5000000,summer,Ligue 1,2015,48,58,52,59,56,71,45,32,51,69,79,81,75,60,74,52,58,50,42,46,32,25,56,55,46,,22,25,21,9,8,11,6,6
186,70,Germany,63,79,Right,1,3,2,2017,19,Defensive Midfield,DM,2500000,summer,Ger Bundesliga,2015,53,46,47,69,49,58,43,47,61,66,73,72,61,61,54,52,56,73,64,57,61,63,51,61,48,,57,63,66,5,13,15,10,6
176,70,Germany,63,78,Right,1,3,3,2015,20,Defensive Midfield,DM,8500000,summer,Ger Bundesliga,2015,56,49,37,66,48,68,66,53,63,66,73,66,79,59,74,58,71,72,54,50,70,61,58,67,47,,58,58,54,7,14,6,14,14
176,70,Germany,63,78,Right,1,3,3,2015,20,Defensive Midfield,DM,1500000,summer,Ger Bundesliga,2015,56,49,37,66,48,68,66,53,63,66,73,66,79,59,74,58,71,72,54,50,70,61,58,67,47,,58,58,54,7,14,6,14,14
178,66,England,63,78,Right,1,3,3,2016,19,Left Winger,LW,5100000,winter,Premier League,2015,50,60,35,52,40,69,46,41,51,66,86,85,85,56,73,55,55,67,38,62,32,22,49,52,45,,20,21,25,5,10,10,12,9
187,86,Slovenia,63,75,Left,1,2,2,2015,20,Centre-Back,CB,5000000,summer,Serie A,2015,27,34,64,53,27,39,35,30,49,44,66,65,57,47,62,43,70,65,66,29,63,61,32,31,48,,64,71,68,7,8,10,14,9
193,75,England,63,75,Right,1,2,2,2018,20,Centre-Forward,CF,2800000,winter,Premier League,2015,30,66,67,53,54,59,42,29,32,62,64,65,59,54,46,69,61,63,76,51,57,25,61,50,60,,29,27,28,11,10,15,12,7
181,81,Australia,55,59,Left,1,3,2,2015,20,Centre-Forward,CF,2800000,winter,Premier League,2015,55,30,58,45,27,45,40,32,54,42,50,64,58,42,61,48,67,73,71,35,58,56,33,43,45,,52,55,53,13,6,5,11,15
178,68,England,63,74,Right,1,3,2,2018,21,Central Midfield,CM,1200000,winter,Premier League,2015,53,51,59,68,44,60,48,32,64,66,72,71,78,56,64,66,57,66,64,49,56,22,62,63,50,,38,41,43,10,10,7,10,6
173,70,Austria,63,73,Left,1,3,2,2018,21,Right Winger,RW,1000000,winter,Austria Bundesliga,2015,55,55,33,58,63,74,66,62,56,72,83,80,81,49,80,60,77,50,44,60,34,21,52,65,58,,28,30,26,13,11,11,13,5
191,82,Netherlands,63,73,Right,1,3,2,2015,21,Centre-Back,CB,2500000,summer,Eredivisie,2015,29,22,69,49,25,23,24,25,50,47,63,72,40,49,60,35,70,63,85,22,65,58,29,32,39,,62,64,60,5,14,9,8,6
191,82,Netherlands,63,73,Right,1,3,2,2015,21,Centre-Back,CB,2500000,summer,Jupiler Pro League,2015,29,22,69,49,25,23,24,25,50,47,63,72,40,49,60,35,70,63,85,22,65,58,29,32,39,,62,64,60,5,14,9,8,6
183,76,Germany,63,73,Left,1,3,2,2015,20,Left Midfield,LM,15000000,summer,Eredivisie,2015,42,32,56,65,39,58,67,65,67,66,66,66,64,60,62,70,63,74,65,64,68,62,53,60,51,,53,61,63,6,15,14,15,9
186,75,Italy,63,72,Right,1,4,3,2015,22,Left-Back,LB,10000000,summer,Serie A,2015,59,62,61,62,58,68,67,40,57,68,76,79,75,53,61,59,73,63,70,65,45,35,62,53,58,,25,22,25,10,12,11,14,13
181,79,Sweden,63,72,Right,1,3,2,2016,21,Right-Back,RB,3000000,summer,Serie A,2015,63,34,49,63,45,61,63,51,59,64,75,82,70,65,70,60,61,80,62,49,64,60,48,55,35,,51,59,64,7,12,14,13,6
175,70,Netherlands,63,70,Right,1,4,2,2016,22,Attacking Midfield,AM,1200000,winter,Eredivisie,2015,60,59,51,68,52,64,53,48,67,66,65,64,62,62,75,62,59,58,52,57,64,56,63,65,58,,58,56,55,9,11,12,10,9
178,73,Ivory Coast,63,69,Left,1,2,2,2015,20,Attacking Midfield,AM,14000000,summer,Ligue 1,2015,69,51,52,65,58,61,64,33,62,67,87,85,73,45,62,65,81,70,68,61,50,65,65,58,52,,64,66,62,10,14,5,10,11
178,73,Ivory Coast,63,69,Left,1,2,2,2015,19,Right Winger,RW,10000000,summer,Premier League,2015,69,51,52,65,58,61,64,33,62,67,87,85,73,45,62,65,81,70,68,61,50,65,65,58,52,,64,66,62,10,14,5,10,11
174,72,France,62,76,Left,1,3,3,2020,20,Central Midfield,CM,1000000,winter,Ligue 1,2015,57,53,44,69,47,59,55,49,62,65,66,69,78,61,75,61,60,72,60,52,61,58,47,67,53,,58,62,59,13,6,11,7,15
193,80,Italy,62,76,Right,1,4,2,2018,21,Centre-Back,CB,1500000,summer,Serie A,2015,26,25,62,36,21,47,25,20,24,50,52,65,45,57,34,36,81,56,81,21,63,58,22,26,23,,58,64,59,8,11,6,14,14
178,75,Austria,62,75,Right,1,4,2,2017,21,Attacking Midfield,AM,5000000,winter,Ger Bundesliga,2015,50,50,47,66,58,66,62,59,62,64,74,67,87,55,69,55,52,52,50,46,36,28,50,66,60,,25,28,23,12,5,12,10,9
183,77,Italy,62,74,Right,1,2,2,2019,22,Centre-Back,CB,1500000,summer,Laliga,2015,63,25,59,55,26,57,28,36,45,57,69,66,65,54,52,20,55,68,73,25,49,63,54,37,26,,64,64,66,7,8,4,6,10
172,68,Italy,62,74,Right,1,2,3,2016,21,Defensive Midfield,DM,1600000,summer,Serie A,2015,58,41,38,64,41,60,49,54,60,62,74,72,66,61,76,55,59,68,49,51,43,33,68,66,60,,33,27,27,14,7,14,8,7
194,86,England,62,72,Right,1,2,1,2017,22,Goalkeeper,GK,10000000,winter,Premier League,2015,25,25,25,26,25,25,25,25,34,25,33,36,37,53,27,23,45,21,60,25,23,25,25,25,41,,25,25,25,68,54,52,58,71
185,80,Turkey,62,71,Left,1,3,3,2015,21,Central Midfield,CM,6000000,summer,Ger Bundesliga,2015,48,45,40,70,40,70,58,65,65,71,55,55,68,66,59,63,53,54,64,51,49,47,54,65,45,,44,52,46,13,14,10,13,13
192,82,Netherlands,62,70,Left,1,3,2,2015,21,Centre-Back,CB,2000000,summer,Serie A,2015,45,29,54,61,26,54,30,35,62,62,54,53,43,55,47,47,66,41,76,39,62,62,23,32,36,,59,64,59,14,9,12,7,10
191,82,Senegal,62,70,Right,1,3,2,2021,23,Centre-Forward,CF,2000000,summer,Serie A,2015,32,68,78,48,55,49,42,31,32,61,55,55,44,54,33,64,54,62,90,53,52,25,61,57,62,,30,24,28,6,9,9,9,7
185,77,England,62,69,Left,1,3,1,2015,21,Goalkeeper,GK,22000000,winter,Premier League,2015,25,25,25,27,25,25,25,25,25,20,48,41,33,56,67,21,59,44,50,25,22,23,25,25,40,,25,25,25,67,51,69,64,65
182,76,Argentina,62,69,Right,1,3,3,2015,22,Central Midfield,CM,2000000,summer,Laliga,2015,61,44,43,62,58,61,62,51,55,63,70,70,64,60,65,66,56,77,69,52,48,55,56,60,63,,54,52,54,9,11,6,11,10
182,76,Argentina,62,69,Right,1,3,3,2015,22,Central Midfield,CM,1000000,winter,Laliga,2015,61,44,43,62,58,61,62,51,55,63,70,70,64,60,65,66,56,77,69,52,48,55,56,60,63,,54,52,54,9,11,6,11,10
175,70,Ghana,61,80,Right,1,2,2,2019,19,Central Midfield,CM,2000000,summer,Serie A,2015,49,38,55,67,45,63,51,49,65,73,77,77,75,55,80,67,70,69,69,60,67,49,54,49,49,,47,65,65,13,11,6,6,11
171,65,France,61,77,Right,1,2,3,2015,20,Centre-Forward,CF,2000000,summer,Ligue 1,2015,46,62,59,64,58,69,44,27,56,64,76,75,67,58,72,64,52,48,45,53,52,20,63,43,59,,25,25,25,10,8,11,11,13
168,67,France,61,73,Right,1,3,3,2021,21,Left-Back,LB,8000000,summer,Ligue 1,2015,55,52,35,62,43,61,48,40,56,62,80,74,79,52,83,60,51,63,47,50,52,32,61,59,45,,42,30,40,7,8,15,8,12
170,58,France,61,71,Left,1,2,2,2016,19,Attacking Midfield,AM,4000000,summer,Ligue 1,2015,54,47,51,66,49,63,39,38,62,66,67,64,59,57,85,56,68,63,38,51,59,64,48,62,44,,62,61,64,10,14,12,6,13
182,75,Switzerland,61,68,Right,1,3,2,2016,18,Centre-Forward,CF,1000000,winter,Ger Bundesliga,2015,45,62,64,44,45,63,37,32,40,59,73,75,63,55,62,60,81,70,64,55,28,25,63,58,55,,25,25,25,12,8,5,11,15
180,75,Senegal,61,67,Right,1,3,2,2016,26,Defensive Midfield,DM,2770000,winter,Jupiler Pro League,2015,48,46,66,67,39,61,48,42,63,68,69,68,59,59,60,76,51,54,90,64,78,65,49,48,45,,69,66,57,15,12,8,11,12
172,69,England,60,80,Right,1,3,2,2015,19,Centre-Forward,CF,14000000,summer,Premier League,2015,44,62,58,58,55,58,67,56,54,62,75,70,75,51,85,64,63,71,57,62,31,35,54,51,67,,25,25,20,9,12,12,11,6
192,79,Italy,60,80,Left,1,3,2,2016,18,Centre-Forward,CF,4000000,summer,Serie A,2015,29,67,72,48,53,50,46,52,35,59,41,55,50,58,44,55,69,60,84,56,47,25,56,45,67,,24,21,28,7,12,9,7,6
186,78,France,60,79,Right,1,3,2,2016,20,Centre-Back,CB,3500000,summer,Jupiler Pro League,2015,51,25,59,57,31,37,48,22,54,50,84,85,60,51,48,49,82,75,70,25,50,60,28,27,35,,61,60,57,11,13,13,13,8
186,78,France,60,79,Right,1,3,2,2016,21,Centre-Back,CB,3500000,winter,Jupiler Pro League,2015,51,25,59,57,31,37,48,22,54,50,84,85,60,51,48,49,82,75,70,25,50,60,28,27,35,,61,60,57,11,13,13,13,8
185,75,Scotland,60,77,Right,1,3,2,2016,19,Centre-Back,CB,1200000,winter,Scottish Premiership,2015,29,25,60,62,24,60,29,23,58,64,75,77,65,56,58,37,50,60,63,21,54,59,24,26,33,,61,62,61,12,10,14,9,8
180,67,Italy,60,76,Left,1,3,3,2016,20,Attacking Midfield,AM,2200000,summer,Serie A,2015,60,49,48,60,49,66,64,64,46,68,69,73,70,52,70,64,55,56,45,61,41,27,54,54,57,,25,25,25,7,5,11,6,14
174,64,Germany,60,74,Right,1,3,2,2018,21,Attacking Midfield,AM,2000000,winter,Ger Bundesliga,2015,61,64,48,63,57,62,58,60,53,64,71,67,68,46,78,65,53,51,41,68,36,26,57,53,56,,31,36,30,5,10,15,7,14
185,75,Netherlands,60,72,Right,1,3,2,2015,20,Right-Back,RB,2500000,summer,Eredivisie,2015,59,35,67,65,37,55,66,69,61,61,69,75,65,55,60,75,75,60,68,72,65,61,45,61,51,,54,57,58,15,12,11,14,13
187,72,England,60,71,Right,1,3,3,2019,22,Centre-Forward,CF,1000000,winter,Premier League,2015,37,64,56,63,51,63,43,46,42,67,68,67,74,52,63,60,59,53,56,56,39,38,56,48,66,,31,27,25,9,10,14,10,5
196,88,Belgium,60,70,Left,1,3,2,2015,21,Centre-Forward,CF,1500000,summer,Jupiler Pro League,2015,47,61,64,51,53,58,43,47,36,63,51,68,42,56,32,62,66,55,88,56,58,27,57,39,58,,25,28,25,11,12,7,10,8
187,77,France,60,70,Right,1,2,2,2017,21,Defensive Midfield,DM,1200000,summer,Ligue 1,2015,45,29,59,67,32,41,36,39,65,65,48,51,50,55,41,48,50,64,78,42,58,58,34,36,41,,53,65,59,7,14,8,8,6
171,71,Italy,60,69,Left,1,3,3,2015,23,Right Winger,RW,1200000,winter,Serie A,2015,58,59,48,59,57,60,59,59,49,62,78,80,82,53,83,63,58,64,49,59,42,25,57,57,48,,25,21,25,9,8,12,10,6
177,76,France,60,69,Right,1,3,2,2021,20,Centre-Forward,CF,2500000,summer,Jupiler Pro League,2015,32,62,66,58,51,62,44,42,41,60,64,65,59,58,69,58,67,62,57,54,32,25,57,49,71,,21,22,20,5,13,11,6,10
183,81,Cameroon,60,67,Right,1,3,2,2020,22,Defensive Midfield,DM,2000000,summer,Ligue 1,2015,38,25,56,57,28,26,33,31,49,55,82,83,45,65,57,46,72,56,73,31,62,66,26,44,42,,64,68,64,5,6,10,13,13
191,84,United States,60,67,Right,1,2,2,2020,20,Centre-Back,CB,4600000,winter,Premier League,2015,26,25,54,65,27,39,28,20,43,40,65,66,60,57,45,34,63,54,73,35,59,64,26,31,32,,60,62,60,9,6,13,6,14
174,63,France,60,66,Right,1,3,2,2017,23,Right-Back,RB,1000000,summer,Ligue 1,2015,61,32,44,59,32,56,39,35,29,42,80,80,73,56,74,77,54,82,56,70,60,55,41,48,46,,58,64,60,14,11,8,12,9
191,80,England,60,66,Right,1,3,2,2015,22,Centre-Back,CB,11300000,summer,Premier League,2015,50,28,56,44,29,60,44,36,40,62,74,76,66,63,60,27,49,71,64,26,45,59,44,49,31,,59,63,60,6,9,12,6,14
179,70,Australia,60,65,Right,1,2,2,2015,22,Central Midfield,CM,1500000,summer,Scottish Premiership,2015,48,37,50,66,44,63,43,44,53,62,62,63,57,60,67,62,61,62,57,54,57,55,52,65,49,,43,55,50,6,12,10,8,10
178,70,England,59,77,Right,1,5,3,2019,20,Central Midfield,CM,2500000,summer,Eredivisie,2015,50,67,34,63,49,56,66,72,61,56,69,68,63,59,76,60,50,69,67,65,34,33,48,62,75,,28,37,34,7,14,11,7,5
183,70,England,59,75,Right,1,3,2,2015,20,Centre-Forward,CF,12000000,summer,Premier League,2015,47,61,62,61,46,62,41,36,44,56,88,86,77,48,55,55,60,55,75,51,32,25,51,48,61,,25,25,25,7,14,9,5,12
180,75,Italy,59,73,Right,1,2,2,2016,21,Centre-Back,CB,2000000,summer,Serie A,2015,29,22,60,43,30,30,34,33,41,44,60,66,56,48,66,46,65,56,67,27,58,59,25,36,44,,61,64,60,13,8,5,8,4
178,70,Scotland,59,72,Left,1,2,3,2016,20,Attacking Midfield,AM,10000000,summer,Scottish Premiership,2015,40,52,50,65,44,61,43,38,63,64,67,71,57,58,71,59,64,65,56,56,57,42,58,56,43,,33,48,48,12,8,11,6,7
178,70,Scotland,59,72,Left,1,2,3,2016,20,Attacking Midfield,AM,10000000,winter,Scottish Premiership,2015,40,52,50,65,44,61,43,38,63,64,67,71,57,58,71,59,64,65,56,56,57,42,58,56,43,,33,48,48,12,8,11,6,7
197,84,Sweden,59,70,Right,1,3,2,2016,21,Centre-Back,CB,1200000,winter,Allsvenskan,2015,29,25,64,54,25,31,26,27,53,49,55,57,46,48,31,52,39,48,83,25,66,51,31,36,45,,56,60,55,11,9,9,8,11
178,77,Italy,59,69,Right,1,2,2,2016,22,Right-Back,RB,1200000,winter,Serie A,2015,61,38,41,57,32,55,51,38,57,55,69,70,59,60,69,50,75,76,73,46,67,54,44,40,46,,54,59,59,13,14,11,6,14
177,70,Poland,59,68,Right,1,3,2,2015,19,Centre-Forward,CF,1200000,summer,Pko Bp Ekstraklasa,2015,41,59,57,55,55,54,51,48,48,58,73,69,67,59,63,61,87,65,40,62,33,26,61,38,45,,25,25,25,6,14,14,10,8
170,65,France,59,68,Right,1,3,2,2015,22,Defensive Midfield,DM,3000000,summer,Ligue 1,2015,61,31,38,52,33,61,41,38,43,49,68,59,67,67,81,34,64,65,51,28,74,60,53,38,41,,54,65,62,6,13,14,7,6
186,80,Gambia,59,68,Right,1,2,2,2020,21,Centre-Forward,CF,2500000,summer,Serie A,2015,47,59,64,62,42,56,38,38,57,59,80,77,66,53,54,66,62,54,79,57,55,25,64,43,57,,25,25,25,6,12,5,10,5
186,80,Gambia,59,68,Right,1,2,2,2020,21,Centre-Forward,CF,2500000,winter,Serie A,2015,47,59,64,62,42,56,38,38,57,59,80,77,66,53,54,66,62,54,79,57,55,25,64,43,57,,25,25,25,6,12,5,10,5
185,79,Sweden,59,68,Right,1,3,2,2016,19,Centre-Back,CB,2000000,winter,Allsvenskan,2015,37,37,64,50,37,38,34,29,54,48,64,75,48,53,62,44,67,64,73,35,50,55,26,34,38,,59,57,60,7,9,13,10,6
175,70,Austria,59,66,Right,1,3,2,2016,22,Right-Back,RB,3000000,summer,Austria Bundesliga,2015,53,30,55,52,42,54,52,28,49,57,75,81,57,58,75,42,59,62,47,46,54,61,37,47,42,,63,61,57,9,13,6,7,6
182,75,France,59,65,Right,1,3,2,2020,21,Attacking Midfield,AM,6000000,summer,Ligue 1,2015,50,51,62,68,42,66,49,53,63,61,65,69,70,58,72,62,70,55,63,41,64,55,39,61,56,,45,54,50,13,8,14,8,12
187,83,France,59,64,Right,1,2,2,2021,21,Centre-Back,CB,10000000,summer,Jupiler Pro League,2015,28,25,56,49,24,48,33,32,39,55,57,61,60,53,65,41,77,58,75,26,52,57,38,33,35,,51,59,62,10,14,12,9,9
183,77,France,58,80,Right,1,3,3,2016,20,Central Midfield,CM,24000000,summer,Ligue 1,2015,48,59,55,64,38,57,45,41,58,60,68,76,65,59,59,63,59,66,69,58,62,56,53,50,55,,54,58,55,8,7,8,10,9
178,75,England,58,77,Right,1,2,2,2016,20,Centre-Forward,CF,3000000,winter,Premier League,2015,32,58,48,38,56,64,36,23,25,48,75,75,70,55,60,61,60,60,57,48,58,24,60,36,60,,25,25,25,13,6,9,13,14
173,67,England,58,72,Right,1,3,3,2017,21,Right Winger,RW,15000000,summer,Premier League,2015,56,59,30,58,39,67,39,34,42,58,79,79,71,35,73,60,51,67,50,37,30,25,58,46,52,,26,31,33,12,15,12,9,5
180,75,Italy,58,71,Right,1,3,2,2016,20,Defensive Midfield,DM,8000000,winter,Serie A,2015,55,28,53,68,54,58,57,49,64,62,59,56,65,55,66,58,55,65,55,61,48,30,54,58,62,,34,50,50,11,5,14,7,7
194,90,Norway,58,70,Right,1,3,2,2015,20,Centre-Forward,CF,14000000,winter,Eredivisie,2015,47,57,55,55,57,56,52,42,48,56,73,71,42,54,43,55,62,61,80,59,44,25,54,44,50,,25,20,20,14,11,7,14,7
176,72,Sweden,58,68,Right,1,2,2,2021,20,Left Winger,LW,1950000,winter,Eredivisie,2015,54,44,25,49,63,66,62,27,52,61,78,77,75,44,82,36,71,54,34,34,33,22,51,51,36,,33,31,31,9,7,9,6,13
188,74,Denmark,58,67,Right,1,3,2,2016,19,Centre-Back,CB,40000000,summer,Ger Bundesliga,2015,24,21,63,61,24,32,21,21,58,47,55,54,48,52,57,30,71,64,63,25,64,62,29,38,39,,48,61,54,9,11,7,5,7
181,72,England,58,66,Right,1,1,2,2017,19,Centre-Forward,CF,35000000,summer,Premier League,2015,36,55,65,43,56,55,34,26,34,51,80,81,90,62,78,46,91,74,64,42,74,51,59,40,59,,25,53,48,15,7,7,6,7
181,72,England,58,66,Right,1,1,2,2017,20,Centre-Forward,CF,35000000,summer,Premier League,2015,36,55,65,43,56,55,34,26,34,51,80,81,90,62,78,46,91,74,64,42,74,51,59,40,59,,25,53,48,15,7,7,6,7
181,72,England,58,66,Right,1,1,2,2017,19,Centre-Forward,CF,35000000,winter,Premier League,2015,36,55,65,43,56,55,34,26,34,51,80,81,90,62,78,46,91,74,64,42,74,51,59,40,59,,25,53,48,15,7,7,6,7
189,77,Belgium,58,66,Right,1,3,2,2016,20,Centre-Forward,CF,4000000,summer,Ligue 1,2015,31,60,66,44,57,58,35,28,32,50,50,50,57,48,56,65,65,55,61,57,35,25,59,42,58,,25,25,25,12,9,7,11,6
185,84,England,58,64,Right,1,3,2,2015,22,Centre-Back,CB,3000000,summer,Premier League,2015,46,30,51,54,27,52,26,31,44,53,67,68,57,46,59,38,62,61,68,21,49,61,20,28,41,,59,61,60,12,9,10,12,9
185,84,England,58,64,Right,1,3,2,2015,21,Centre-Back,CB,3000000,winter,Premier League,2015,46,30,51,54,27,52,26,31,44,53,67,68,57,46,59,38,62,61,68,21,49,61,20,28,41,,59,61,60,12,9,10,12,9
180,72,North Macedonia,58,63,Right,1,3,2,2017,23,Right-Back,RB,2000000,summer,Supersport Hnl,2015,58,21,51,56,23,59,35,31,52,58,77,78,75,59,71,28,67,70,65,26,62,59,43,38,40,,57,63,61,5,11,5,8,7
175,75,Wales,58,63,Right,1,3,2,2018,22,Left Winger,LW,3500000,summer,Premier League,2015,54,61,55,62,42,59,36,34,48,57,71,58,50,57,65,70,63,64,48,52,31,25,62,56,61,,36,34,32,9,6,12,12,6
175,75,Wales,58,63,Right,1,3,2,2018,22,Left Winger,LW,3500000,winter,Premier League,2015,54,61,55,62,42,59,36,34,48,57,71,58,50,57,65,70,63,64,48,52,31,25,62,56,61,,36,34,32,9,6,12,12,6
179,75,Russia,58,63,Left,1,1,2,2016,22,Left Winger,LW,1000000,summer,Premier Liga,2015,59,32,51,67,39,57,46,43,62,48,58,63,59,59,68,66,56,58,56,40,56,46,57,51,57,,41,46,60,9,7,11,8,10
185,83,Switzerland,57,71,Right,1,4,2,2015,21,Centre-Forward,CF,1500000,summer,Serie A,2015,25,57,61,43,51,58,41,27,32,63,52,52,60,47,61,66,70,61,78,49,68,25,57,45,57,,25,25,25,6,4,8,9,7
184,77,Serbia,57,70,Right,1,3,2,2015,20,Centre-Back,CB,4500000,winter,Ger Bundesliga,2015,30,22,53,51,29,32,30,23,30,42,54,63,41,51,56,41,59,62,62,25,51,53,31,29,36,,53,68,62,14,6,14,10,10
185,80,Scotland,57,69,Right,1,3,2,2015,20,Centre-Forward,CF,1300000,summer,Scottish Premiership,2015,43,58,54,46,52,61,50,46,40,60,70,72,71,45,63,58,55,58,70,53,68,25,55,51,35,,25,22,25,12,14,13,9,10
178,75,Germany,57,68,Left,1,3,2,2017,21,Left-Back,LB,3800000,summer,Ger Bundesliga,2015,63,36,45,62,39,51,50,35,52,59,68,66,67,64,72,56,65,53,64,38,53,52,38,44,40,,54,63,51,14,11,10,7,10
185,85,England,57,67,Right,1,3,2,2015,19,Centre-Forward,CF,10000000,summer,Scottish Premiership,2015,31,56,58,49,48,52,43,30,44,60,70,69,58,47,60,58,68,62,71,54,59,38,55,49,63,,25,24,27,6,13,11,13,11
186,77,England,57,63,Right,1,3,1,2014,18,Goalkeeper,GK,5000000,summer,Premier League,2015,25,25,25,25,25,25,25,25,25,25,42,46,38,60,37,24,48,30,46,25,22,25,25,25,27,,25,20,25,61,52,56,52,64
164,60,Austria,56,75,Right,1,3,2,2020,18,Central Midfield,CM,1800000,summer,Austria Bundesliga,2015,52,49,32,59,46,71,49,46,50,73,72,71,83,58,89,56,59,58,33,56,59,48,47,53,46,,39,41,47,7,14,12,10,15
187,80,France,56,74,Right,1,3,1,2016,20,Goalkeeper,GK,1000000,summer,Ligue 1,2015,25,25,25,32,25,21,25,25,25,23,44,43,33,57,55,25,58,24,72,25,25,23,25,25,33,,25,25,25,64,57,52,48,55
179,73,England,56,74,Right,1,3,2,2021,19,Attacking Midfield,AM,70000000,summer,Premier League,2015,34,60,29,59,51,62,49,61,56,61,77,74,75,49,67,54,58,61,39,58,59,28,62,55,68,,25,32,29,10,13,13,11,13
179,73,England,56,74,Right,1,3,2,2021,19,Attacking Midfield,AM,2650000,winter,Premier League,2015,34,60,29,59,51,62,49,61,56,61,77,74,75,49,67,54,58,61,39,58,59,28,62,55,68,,25,32,29,10,13,13,11,13
173,67,Scotland,56,73,Right,1,3,2,2017,19,Central Midfield,CM,2000000,summer,Scottish Premiership,2015,43,45,43,64,42,62,41,47,62,61,65,67,59,52,71,59,58,45,59,44,50,46,46,60,49,,37,46,47,12,13,11,9,15
173,67,Scotland,56,73,Right,1,3,2,2017,20,Central Midfield,CM,2000000,summer,Scottish Premiership,2015,43,45,43,64,42,62,41,47,62,61,65,67,59,52,71,59,58,45,59,44,50,46,46,60,49,,37,46,47,12,13,11,9,15
181,75,Italy,56,72,Right,1,3,3,2015,21,Centre-Forward,CF,2000000,summer,Serie A,2015,40,61,45,49,49,63,66,63,48,56,72,65,64,57,61,57,59,56,58,53,28,25,43,57,58,,25,25,25,12,11,6,14,5
173,72,England,56,70,Right,1,3,2,2020,21,Attacking Midfield,AM,1000000,winter,Premier League,2015,55,40,48,64,38,55,55,51,62,63,71,66,55,48,69,57,55,47,64,38,45,25,49,62,52,,43,46,54,10,14,15,9,7
180,73,Italy,56,69,Right,1,3,2,2021,19,Centre-Forward,CF,1400000,summer,Serie A,2015,37,60,59,49,42,55,49,33,34,57,55,55,55,49,67,54,67,50,53,56,29,25,62,47,55,,25,25,25,14,14,11,5,9
175,69,Sweden,56,68,Left,1,2,2,2017,19,Left-Back,LB,1000000,winter,Allsvenskan,2015,48,32,31,63,50,53,66,61,65,62,62,61,71,50,71,53,63,56,40,55,44,45,34,62,49,,36,49,42,7,6,8,14,6
190,83,Switzerland,56,66,Right,1,1,2,2016,22,Centre-Back,CB,10000000,winter,Serie A,2015,44,25,57,56,31,28,29,29,50,54,40,50,48,40,34,44,31,63,78,29,64,52,46,33,37,,53,59,51,9,5,12,9,9
180,75,Italy,56,66,Right,1,2,2,2017,21,Central Midfield,CM,4000000,summer,Serie A,2015,33,39,43,61,32,64,32,38,58,66,64,65,57,53,60,53,55,65,55,52,59,45,51,49,40,,35,39,47,11,5,7,6,8
180,75,Italy,56,66,Right,1,2,2,2017,21,Central Midfield,CM,4000000,winter,Serie A,2015,33,39,43,61,32,64,32,38,58,66,64,65,57,53,60,53,55,65,55,52,59,45,51,49,40,,35,39,47,11,5,7,6,8
184,74,Italy,56,64,Right,1,2,1,2021,21,Goalkeeper,GK,12000000,summer,Serie A,2015,20,25,25,28,25,25,25,25,22,25,44,41,34,55,61,25,53,23,56,25,22,21,25,25,27,,25,21,20,64,48,53,54,58
170,68,Switzerland,56,62,Left,1,3,3,2015,24,Right Winger,RW,1200000,winter,Super League,2015,52,33,39,44,46,61,39,37,48,53,68,69,73,37,83,50,43,74,32,34,35,25,75,53,54,,25,31,34,15,12,11,7,5
184,84,Italy,56,61,Left,1,3,3,2021,23,Centre-Forward,CF,1200000,summer,Serie A,2015,32,61,58,50,34,40,35,30,40,53,63,61,62,45,54,62,74,73,81,54,39,25,61,29,58,,25,25,25,9,8,4,12,7
190,82,Italy,55,75,Right,1,2,2,2020,19,Centre-Forward,CF,2000000,summer,Serie A,2015,25,65,59,44,31,54,39,25,29,59,55,55,51,50,47,46,60,56,70,36,39,25,61,45,59,,25,25,25,5,12,7,9,13
189,77,Poland,55,67,Right,1,3,2,2017,19,Centre-Back,CB,12000000,summer,Pko Bp Ekstraklasa,2015,28,25,55,35,25,21,22,25,30,32,65,73,59,52,54,24,69,51,68,22,52,57,21,23,31,,53,59,58,10,12,15,6,8
177,68,Italy,55,66,Right,1,4,3,2016,19,Left Winger,LW,1400000,winter,Serie A,2015,46,51,33,54,47,60,48,40,51,59,61,62,57,48,67,49,50,52,39,43,33,29,55,58,47,,31,26,24,6,12,13,14,6
183,83,Argentina,55,61,Right,1,2,2,2021,21,Centre-Forward,CF,3000000,summer,Laliga,2015,58,40,53,59,45,53,47,43,56,50,63,65,54,52,53,57,63,64,61,44,50,37,49,40,51,,40,48,50,14,7,10,15,5
183,83,Argentina,55,61,Right,1,2,2,2021,21,Centre-Forward,CF,3000000,summer,Serie A,2015,58,40,53,59,45,53,47,43,56,50,63,65,54,52,53,57,63,64,61,44,50,37,49,40,51,,40,48,50,14,7,10,15,5
183,83,Argentina,55,61,Right,1,2,2,2021,22,Centre-Forward,CF,3000000,winter,Serie A,2015,58,40,53,59,45,53,47,43,56,50,63,65,54,52,53,57,63,64,61,44,50,37,49,40,51,,40,48,50,14,7,10,15,5
183,76,Italy,54,75,Left,1,2,2,2021,18,Defensive Midfield,DM,10000000,winter,Serie A,2015,42,37,47,65,41,56,49,33,62,56,56,55,55,60,65,52,57,35,55,38,57,50,33,60,31,,43,52,49,12,13,8,13,15
183,76,Italy,54,75,Left,1,2,2,2021,18,Defensive Midfield,DM,9000000,winter,Serie A,2015,42,37,47,65,41,56,49,33,62,56,56,55,55,60,65,52,57,35,55,38,57,50,33,60,31,,43,52,49,12,13,8,13,15
196,82,France,54,67,Right,1,2,2,2017,21,Centre-Forward,CF,9000000,summer,Ligue 1,2015,30,66,61,44,37,45,40,29,29,45,54,55,63,50,31,48,62,52,82,49,29,25,48,47,68,,25,25,25,7,12,13,13,6
187,75,Bosnia Herzegovina,54,67,Right,1,3,2,2015,20,Centre-Forward,CF,1200000,summer,Austria Bundesliga,2015,31,57,50,47,49,54,42,30,31,55,68,64,70,44,63,58,66,53,57,51,53,25,48,40,48,,25,25,25,14,10,10,11,10
176,65,Italy,53,72,Right,1,2,2,2018,20,Right-Back,RB,2000000,summer,Serie A,2015,47,33,55,43,33,50,44,35,34,45,65,72,60,51,71,27,59,64,41,34,55,51,55,40,41,,49,56,54,7,5,7,7,11
185,76,Scotland,53,64,Left,1,4,2,2015,20,Left-Back,LB,1300000,summer,Premier League,2015,42,25,40,31,27,56,32,31,22,52,66,53,53,49,57,22,56,59,56,23,62,55,41,39,41,,60,59,60,8,5,7,10,12
187,77,Poland,53,63,Right,1,2,2,2017,19,Centre-Back,CB,4000000,winter,Pko Bp Ekstraklasa,2015,30,24,47,32,31,31,26,23,25,38,59,69,35,46,54,37,67,62,61,25,50,50,27,32,36,,55,58,59,14,11,12,15,8
186,73,Denmark,53,60,Right,1,3,2,2015,21,Centre-Forward,CF,1700000,summer,Superliga,2015,33,55,44,40,41,56,33,34,33,54,75,78,57,49,71,54,59,58,52,44,32,25,45,42,58,,25,25,25,13,10,5,12,8
185,75,Germany,52,62,Right,1,3,1,2015,18,Goalkeeper,GK,8000000,summer,Ger Bundesliga,2015,25,25,25,28,25,25,25,25,25,25,49,42,34,60,58,25,51,39,57,25,22,25,25,25,27,,25,25,25,51,50,50,52,54
180,75,Switzerland,51,58,Right,1,3,2,2016,20,Second Striker,SS,4000000,winter,Premier League,2015,29,56,55,44,36,41,39,29,32,53,58,54,55,49,65,47,61,55,59,46,35,25,51,45,67,,25,25,25,8,14,10,6,12
178,74,Argentina,51,55,Right,1,2,2,2021,23,Left-Back,LB,1500000,summer,Liga Portugal,2015,33,54,50,44,32,46,33,26,28,41,67,59,73,52,73,48,59,75,68,46,34,25,51,36,54,,25,25,25,7,13,13,14,8
188,74,Switzerland,50,62,Right,1,3,2,2021,18,Centre-Back,CB,4000000,summer,Ger Bundesliga,2015,42,25,45,53,26,30,32,22,25,60,68,73,41,51,66,42,73,57,40,25,46,52,27,29,34,,47,52,50,8,14,9,11,8
182,72,Italy,48,57,Right,1,3,2,2017,19,Central Midfield,CM,7700000,summer,Serie A,2015,45,39,45,47,32,48,46,38,43,45,61,64,52,45,62,47,59,55,52,34,51,42,54,41,41,,30,42,40,5,4,7,8,6
181,63,England,47,53,Right,1,3,2,2015,18,Centre-Back,CB,1400000,summer,Premier League,2015,31,34,45,47,38,44,38,34,49,47,66,65,56,53,56,49,55,56,52,39,56,44,49,43,39,,35,45,45,12,11,8,7,15
