height_cm,weight_kg,nationality,overall,potential,preferred_foot,contract_valid_until,attacking_crossing,attacking_finishing,attacking_heading_accuracy,attacking_short_passing,attacking_volleys,skill_dribbling,skill_curve,skill_fk_accuracy,skill_long_passing,skill_ball_control,movement_acceleration,movement_sprint_speed,movement_agility,movement_reactions,movement_balance,power_shot_power,power_jumping,power_stamina,power_strength,power_long_shots,mentality_aggression,mentality_interceptions,mentality_positioning,mentality_vision,mentality_penalties,mentality_composure,defending_marking,defending_standing_tackle,defending_sliding_tackle,goalkeeping_diving,goalkeeping_handling,goalkeeping_kicking,goalkeeping_positioning,goalkeeping_reflexes,age_y,position,fee,window,league,season
185,78,Hungary,68,76,Right,,53,36,68,49,30,32,28,50,48,54,63,68,59,59,67,52,73,62,70,43,66,68,26,26,56,,75,71,70,6,9,13,9,16,23,Centre-Back,1000000,summer,Ligue 1,2016
177,81,Montenegro,69,74,Right,2017.0,65,65,57,64,64,73,58,48,63,72,74,82,63,64,70,71,70,75,74,71,67,47,69,66,58,,36,42,39,8,9,7,10,10,23,Left-Back,2000000,summer,Jupiler Pro League,2016
182,74,Serbia,79,84,Right,2016.0,73,77,47,77,74,82,80,82,74,84,82,79,82,70,76,79,68,68,64,81,44,33,76,80,78,,23,35,35,6,14,7,6,12,24,Attacking Midfield,9000000,summer,Serie A,2016
173,73,Brazil,79,79,Left,2017.0,81,59,66,79,53,82,84,69,77,82,78,74,79,83,78,88,74,75,68,85,79,78,77,69,59,,76,78,83,13,15,10,15,14,31,Left-Back,2300000,summer,Super Lig,2016
173,68,Libya,69,75,Right,2016.0,59,66,33,73,44,72,58,62,72,75,74,70,85,66,90,61,60,73,57,64,51,50,67,71,59,,26,48,56,8,8,5,9,13,24,Central Midfield,1000000,summer,Serie A,2016
168,69,Nigeria,76,82,Right,2019.0,65,78,65,72,75,82,60,48,53,80,95,92,90,77,88,78,82,80,45,73,33,24,79,66,69,,20,28,24,7,12,13,15,14,23,Left Winger,19500000,summer,Premier League,2016
184,78,Algeria,79,82,Right,2017.0,78,41,81,77,36,64,67,49,74,74,69,73,69,79,69,52,79,73,69,49,77,79,67,71,35,,82,82,85,15,16,9,10,14,24,Centre-Back,2800000,summer,Laliga,2016
183,75,Argentina,70,77,Left,2016.0,69,56,65,73,46,75,73,64,71,76,68,66,71,64,72,80,55,76,69,76,42,25,62,68,66,,29,33,31,7,7,16,13,16,22,Attacking Midfield,4840000,summer,Liga Portugal,2016
182,82,Italy,77,81,Right,2019.0,52,83,77,66,77,69,71,47,35,77,78,76,82,77,71,73,89,78,78,41,83,21,86,59,79,,12,16,16,15,15,10,13,5,26,Centre-Forward,6700000,summer,Serie A,2016
186,79,Austria,78,84,Right,,49,41,76,69,37,62,32,61,62,68,70,74,67,75,64,69,80,73,80,53,69,85,67,71,65,,80,84,77,10,7,11,13,8,25,Centre-Back,21000000,summer,1 Bundesliga,2016
170,65,Croatia,76,90,Left,2016.0,68,62,24,80,59,79,80,69,71,77,83,81,79,74,91,61,63,59,47,72,40,55,68,81,75,,41,53,55,15,11,11,13,10,20,Attacking Midfield,5000000,summer,1 Bundesliga,2016
183,80,Italy,77,77,Right,2016.0,50,80,80,67,78,71,70,46,45,75,79,79,73,72,65,78,85,75,75,56,50,25,84,60,78,,22,28,24,4,4,4,5,4,31,Centre-Forward,1800000,summer,Serie A,2016
193,79,England,75,80,Right,2019.0,11,17,16,33,12,17,15,18,35,17,58,56,35,69,43,20,68,35,63,14,35,22,16,50,41,,13,13,12,79,73,61,74,81,26,Goalkeeper,4700000,summer,Premier League,2016
181,71,Brazil,76,81,Left,2016.0,74,50,66,71,65,77,78,71,66,76,85,84,82,77,73,72,80,82,58,70,67,79,73,69,67,,74,73,72,13,8,12,11,14,23,Left-Back,7350000,summer,Liga Portugal,2016
183,85,Germany,72,77,Right,2017.0,67,68,67,71,68,73,68,54,62,74,90,91,67,74,64,86,81,68,77,69,74,28,70,59,60,,18,20,27,7,16,10,12,11,26,Left Winger,2500000,summer,1 Bundesliga,2016
188,81,England,60,68,Right,2018.0,23,41,60,46,36,36,22,24,37,39,53,54,50,56,51,43,63,52,78,16,57,58,25,26,32,,61,62,61,14,12,12,14,10,22,Centre-Back,5900000,summer,Premier League,2016
178,78,Ghana,70,78,Left,2016.0,74,45,63,75,46,71,69,50,71,75,72,74,73,67,70,73,78,72,73,70,80,65,61,64,44,,56,71,67,9,8,8,6,8,23,Central Midfield,6000000,summer,Serie A,2016
180,80,Ghana,69,76,Right,2016.0,44,32,69,66,41,63,47,37,69,66,67,63,61,67,57,73,83,78,78,71,81,75,55,57,36,,66,67,65,15,12,12,12,8,25,Defensive Midfield,1000000,winter,Ligue 1,2016
180,75,Guinea,57,72,Right,2020.0,45,42,60,65,47,59,42,42,63,49,62,60,56,63,65,61,58,63,55,44,62,51,62,51,51,,42,63,63,11,14,5,11,11,19,Defensive Midfield,14500000,summer,Serie A,2016
189,85,Nigeria,70,80,Right,2018.0,37,33,66,71,41,64,41,34,64,66,50,52,53,60,41,71,71,74,89,57,89,74,46,51,55,,62,77,65,10,10,9,14,13,22,Defensive Midfield,1500000,summer,Jupiler Pro League,2016
176,72,Ghana,79,82,Left,2019.0,80,73,80,78,65,80,74,57,71,81,78,78,86,75,81,75,92,88,68,75,78,63,75,73,71,,54,62,75,10,6,12,7,15,26,Left Winger,24100000,summer,Premier League,2016
188,83,Portugal,80,87,Right,2020.0,59,64,69,86,63,86,70,68,80,84,64,70,64,76,50,76,65,77,84,73,80,70,73,82,55,,65,75,58,12,9,6,14,8,22,Central Midfield,37000000,summer,Laliga,2016
184,74,Germany,80,83,Right,2019.0,76,77,61,79,80,84,77,70,63,79,92,86,84,82,78,85,72,74,64,83,64,43,78,75,81,,23,32,39,7,11,12,9,12,25,Left Winger,30000000,summer,1 Bundesliga,2016
180,70,Croatia,73,77,Right,2018.0,68,75,60,64,73,80,67,71,50,78,78,69,78,78,74,76,67,73,58,75,68,19,77,59,79,,20,20,26,8,14,14,7,15,25,Centre-Forward,11000000,summer,1 Bundesliga,2016
177,71,Denmark,64,75,Right,2017.0,58,55,38,66,49,67,52,56,63,67,78,77,71,63,72,54,74,64,51,48,48,32,56,57,48,,35,34,36,9,15,14,9,9,22,Attacking Midfield,1200000,winter,Laliga,2016
189,80,Russia,60,66,Right,2021.0,16,14,17,23,21,15,18,17,21,17,46,48,36,56,50,24,60,27,67,13,26,18,11,24,15,,15,20,12,65,57,60,60,61,25,Goalkeeper,3500000,winter,Premier Liga,2016
181,81,England,75,81,Left,2017.0,75,66,54,73,59,84,68,68,59,76,89,89,78,69,71,82,48,70,66,78,46,21,70,71,83,,36,29,27,13,11,11,11,13,24,Right Winger,15600000,summer,Premier League,2016
190,75,Croatia,66,72,Left,2016.0,41,67,70,54,65,64,44,31,30,68,53,67,58,65,49,69,42,65,73,63,55,24,66,39,59,,20,35,27,11,14,8,16,15,24,Centre-Forward,1000000,summer,Serie A,2016
177,72,Belgium,69,76,Right,2017.0,72,63,36,65,70,73,72,62,59,70,86,81,89,64,83,75,83,66,48,65,26,27,57,51,46,,15,20,15,13,13,6,12,8,22,Left Winger,2300000,summer,Jupiler Pro League,2016
183,78,Italy,71,75,Right,2018.0,65,61,59,67,70,74,63,51,56,75,85,91,82,68,74,68,66,75,66,69,57,36,66,61,58,,17,40,26,15,10,10,13,8,26,Left Winger,1790000,summer,Serie A,2016
181,72,Italy,83,83,Right,2019.0,90,75,55,81,79,86,83,79,75,87,87,85,79,82,76,90,57,93,69,87,66,49,77,82,88,,41,44,44,10,4,14,4,14,29,Right Midfield,22000000,summer,Serie A,2016
190,85,Germany,76,85,Right,2016.0,60,27,76,70,34,59,34,56,65,71,76,83,63,72,50,70,72,65,81,40,86,69,33,57,40,,77,79,74,14,15,10,12,8,23,Centre-Back,9000000,summer,Serie A,2016
180,70,Paraguay,71,84,Right,2016.0,67,72,70,68,56,76,44,35,56,81,77,79,82,62,77,74,67,60,63,63,32,21,64,65,69,,21,20,15,8,14,9,14,13,20,Centre-Forward,7500000,summer,Laliga,2016
189,86,Netherlands,77,85,Right,2019.0,80,70,75,66,72,84,74,69,54,77,79,86,74,75,52,84,57,74,79,77,55,28,78,67,63,,20,28,15,13,9,7,14,11,21,Right Winger,7000000,winter,Ligue 1,2016
186,78,Poland,77,84,Left,2019.0,58,83,73,62,75,71,71,74,62,71,73,75,69,74,63,84,62,77,74,78,67,36,75,60,75,,29,34,32,9,16,16,15,6,22,Centre-Forward,32000000,summer,Serie A,2016
178,68,France,59,65,Left,2017.0,57,44,59,65,39,51,40,46,62,63,54,52,66,62,63,53,57,62,59,41,48,44,49,67,49,,47,56,43,15,10,8,13,11,24,Right-Back,1250000,summer,Ligue 1,2016
182,75,Iceland,68,73,Right,2017.0,69,48,41,66,69,70,71,66,62,73,80,67,75,68,73,78,47,72,60,73,64,40,59,68,57,,22,28,18,11,12,15,9,8,23,Central Midfield,2300000,summer,Bundesliga,2016
184,73,Moldova,73,77,Right,2017.0,67,63,68,77,55,73,69,65,75,77,68,68,68,69,70,73,81,79,75,71,75,73,69,69,65,,74,69,73,6,14,10,12,11,25,Central Midfield,4500000,summer,Serie A,2016
170,67,England,75,78,Right,2020.0,81,47,44,83,48,59,69,75,80,79,70,65,71,80,79,60,63,79,63,57,49,71,55,82,55,,63,67,64,10,13,13,7,8,26,Defensive Midfield,5800000,winter,Premier League,2016
182,91,Wales,81,81,Right,2018.0,32,37,82,70,34,57,34,23,74,69,68,74,58,77,59,64,86,73,86,40,83,83,28,53,45,,76,85,79,7,10,16,7,10,31,Centre-Back,14000000,summer,Premier League,2016
178,73,Netherlands,67,77,Right,2017.0,54,54,54,69,64,74,63,52,66,69,77,79,75,63,72,59,50,55,46,51,48,45,58,66,58,,51,54,56,7,10,15,12,12,20,Attacking Midfield,4750000,summer,Eredivisie,2016
188,74,Poland,71,86,Right,2019.0,19,12,13,35,12,20,12,20,32,18,46,42,33,72,54,18,57,34,56,18,19,21,15,52,21,,18,16,16,68,68,71,72,77,18,Goalkeeper,2500000,summer,Serie A,2016
182,72,Poland,70,76,Right,2016.0,66,57,59,69,59,68,58,50,59,66,85,82,78,68,72,63,70,82,67,57,76,65,65,72,59,,69,67,65,9,8,16,7,15,24,Right-Back,1800000,winter,Serie A,2016
179,67,Poland,62,75,Right,2016.0,62,52,56,66,46,61,58,49,65,64,83,78,76,66,75,62,72,64,50,61,38,41,59,70,55,,53,43,50,6,10,9,12,14,19,Defensive Midfield,5000000,summer,Premier League,2016
196,85,Netherlands,79,80,Right,2017.0,38,86,89,63,81,49,35,32,37,68,54,65,37,84,35,84,55,64,84,73,67,39,87,51,76,,29,40,22,6,12,15,11,8,27,Centre-Forward,11850000,summer,Liga Portugal,2016
184,75,Angola,69,73,Right,2016.0,36,30,61,47,31,36,35,28,43,49,65,74,62,59,51,49,71,69,73,28,66,69,31,28,48,,75,76,74,13,8,11,12,12,25,Centre-Back,5000000,summer,Serie A,2016
185,75,France,76,80,Left,2017.0,74,33,64,74,20,75,32,29,68,73,76,78,66,68,69,65,68,84,78,63,77,76,68,31,40,,77,79,76,7,7,9,15,9,21,Left-Back,13000000,summer,Ligue 1,2016
180,82,France,77,81,Right,2020.0,45,59,65,77,40,67,47,59,74,76,66,64,79,75,64,65,71,83,73,63,81,77,70,73,50,,77,78,73,8,13,11,15,15,26,Defensive Midfield,8000000,summer,1 Bundesliga,2016
179,73,Switzerland,72,72,Right,2016.0,67,56,64,75,75,71,68,74,73,73,67,69,68,74,68,85,70,77,69,79,73,73,71,68,68,,65,68,66,13,7,11,6,14,30,Central Midfield,1300000,summer,Serie A,2016
180,83,United States,67,73,Right,2018.0,57,64,62,63,63,68,65,61,51,66,87,85,78,63,76,69,83,68,70,62,58,33,68,40,62,,13,22,13,12,8,15,16,12,23,Centre-Forward,4000000,summer,1 Bundesliga,2016
191,82,Spain,72,80,Right,2016.0,38,81,73,55,75,66,68,46,44,71,58,68,57,75,41,68,58,60,79,63,61,23,77,56,72,,14,32,24,6,9,10,9,13,23,Centre-Forward,18000000,summer,Premier League,2016
183,77,Nigeria,63,70,Right,2017.0,47,57,63,54,57,64,43,39,39,63,84,86,73,54,63,63,81,90,66,56,48,21,62,56,58,,19,23,24,9,11,11,14,12,22,Centre-Forward,1200000,winter,Super Lig,2016
172,65,Costa Rica,71,75,Left,2016.0,72,61,48,68,58,75,59,63,64,73,79,73,79,72,79,66,82,79,58,59,72,69,66,66,56,,73,72,70,11,12,8,10,16,26,Left-Back,2000000,winter,Premier League,2016
183,84,Portugal,68,76,Right,2018.0,50,68,63,72,70,70,54,46,65,74,66,64,55,65,64,77,59,76,78,74,74,60,62,62,52,,64,70,65,11,9,13,12,11,23,Central Midfield,2000000,summer,Ligue 1,2016
187,90,Sweden,70,80,Left,2015.0,50,70,73,59,64,66,42,31,46,75,78,80,73,60,56,75,73,52,90,59,33,13,62,59,57,,17,26,16,9,12,9,15,13,20,Right Winger,1500000,winter,Jupiler Pro League,2016
185,83,Peru,77,79,Right,2020.0,51,41,76,73,36,61,36,33,68,69,65,68,65,76,59,67,82,73,78,54,91,70,44,45,44,,78,80,78,14,12,13,12,14,26,Centre-Back,3500000,summer,Premier Liga,2016
190,83,Belgium,82,86,Right,2020.0,58,82,85,72,74,75,60,67,48,81,75,79,74,75,48,85,82,77,92,76,76,29,81,73,77,,25,30,18,14,5,12,8,5,25,Centre-Forward,31200000,summer,Premier League,2016
179,80,Germany,74,78,Right,2016.0,70,66,68,74,61,74,76,69,67,74,85,85,73,73,71,77,69,68,67,73,60,39,73,71,55,,32,45,37,16,6,12,15,6,25,Right Winger,2750000,winter,1 Bundesliga,2016
187,84,Belgium,73,76,Right,2018.0,47,37,74,54,40,59,24,27,57,64,77,78,71,69,64,59,77,68,83,44,77,67,35,36,35,,74,74,79,14,11,6,14,16,25,Centre-Back,6950000,summer,Premier League,2016
191,80,Germany,79,84,Right,2019.0,61,41,58,78,49,74,54,51,73,77,66,67,66,82,52,53,51,95,69,40,79,82,70,70,47,,79,81,76,8,13,9,6,8,25,Defensive Midfield,15000000,summer,1 Bundesliga,2016
195,82,France,65,73,Right,2016.0,37,24,68,53,28,42,29,36,45,58,61,66,48,61,32,46,34,71,79,32,64,65,23,26,55,,65,68,64,8,14,12,11,8,23,Centre-Back,2800000,summer,Ligue 1,2016
181,85,Italy,79,82,Right,2016.0,55,83,74,71,80,75,75,51,49,77,71,76,75,84,64,85,78,68,74,76,73,40,80,59,75,,21,33,33,6,8,15,12,6,26,Centre-Forward,9450000,summer,Serie A,2016
184,80,Chile,83,83,Right,2018.0,12,13,18,32,11,13,25,60,31,15,58,54,64,80,64,22,81,44,70,21,40,23,15,63,23,,11,18,19,83,82,87,78,86,33,Goalkeeper,18000000,summer,Premier League,2016
187,80,France,67,81,Right,2018.0,31,23,66,65,24,62,25,27,53,59,51,54,42,68,54,44,74,62,71,28,74,70,22,32,43,,70,67,59,10,10,9,12,7,21,Centre-Back,5400000,winter,Laliga,2016
176,72,Spain,80,80,Right,2018.0,80,62,83,76,43,72,70,36,66,79,75,78,77,86,59,70,74,82,70,60,74,77,62,60,74,,76,82,80,10,9,13,6,16,29,Right-Back,4000000,summer,1 Bundesliga,2016
181,76,Argentina,79,79,Left,2016.0,76,57,70,75,51,72,62,45,72,73,82,86,79,81,66,60,70,92,63,66,77,75,65,71,52,,79,77,83,15,15,11,8,8,29,Left-Back,4000000,summer,Serie A,2016
172,69,Argentina,60,71,Right,2016.0,62,57,46,54,58,71,52,61,51,67,77,80,75,56,76,67,57,70,42,62,25,21,58,54,54,,11,16,15,16,8,12,7,8,21,Right Winger,7200000,summer,Laliga,2016
175,67,Costa Rica,74,77,Right,2017.0,69,44,57,68,62,69,67,54,66,73,89,88,78,78,82,78,83,84,64,48,80,71,65,60,54,,73,71,69,12,10,13,7,14,26,Right-Back,1200000,summer,Scottish Premiership,2016
183,78,Italy,73,79,Left,2016.0,67,40,63,66,48,63,65,50,62,66,77,79,73,71,71,81,69,78,71,67,74,77,56,52,48,,78,76,75,12,6,14,10,7,23,Left-Back,5000000,summer,Serie A,2016
181,74,Brazil,66,74,Left,2018.0,67,48,42,67,46,67,62,47,56,65,74,78,65,54,64,62,56,70,62,45,62,62,67,58,42,,68,70,67,7,11,7,9,9,22,Left-Back,2000000,summer,Ligue 1,2016
182,79,Italy,78,80,Right,2017.0,77,69,53,77,68,84,78,61,64,80,84,82,79,78,79,76,73,75,66,70,59,47,77,76,80,,20,24,25,12,10,13,6,14,29,Right Winger,2500000,winter,1 Bundesliga,2016
185,80,Netherlands,77,81,Right,2020.0,73,55,70,70,67,74,64,56,68,76,74,75,72,79,66,76,71,92,75,64,84,74,73,72,62,,78,79,78,15,10,7,11,7,27,Right-Back,8900000,summer,Premier League,2016
185,83,Spain,77,81,Right,2019.0,60,57,70,79,56,69,53,51,74,77,63,65,50,76,67,78,59,86,83,74,78,79,63,64,50,,71,80,75,9,12,7,11,15,26,Centre-Back,4000000,summer,Laliga,2016
189,84,Brazil,83,84,Right,2019.0,68,56,83,78,67,70,70,76,76,79,72,73,74,79,56,74,82,71,77,71,84,80,54,68,75,,81,85,84,11,12,10,7,14,29,Centre-Back,35000000,summer,Premier League,2016
190,83,Scotland,75,75,Right,2018.0,11,19,14,21,15,14,19,14,30,21,48,50,33,73,41,22,63,34,63,12,41,24,13,38,11,,13,14,13,78,72,67,75,79,31,Goalkeeper,4100000,summer,Premier League,2016
188,80,Italy,79,79,Left,2016.0,34,25,76,59,27,43,33,17,63,58,67,69,58,75,54,65,84,69,82,36,80,83,29,29,27,,84,83,82,4,4,4,4,4,29,Centre-Back,3500000,summer,Serie A,2016
180,75,Italy,55,62,Right,2018.0,34,31,54,63,30,49,37,38,54,56,62,52,53,57,64,50,63,46,60,28,60,47,34,42,32,,54,58,53,15,9,16,7,12,22,Right-Back,1600000,summer,Serie A,2016
185,82,Italy,73,75,Left,2017.0,70,38,72,65,43,53,69,76,59,61,68,68,62,71,67,83,76,77,79,80,81,74,42,36,45,,76,79,78,13,6,10,7,7,28,Left-Back,4000000,summer,Serie A,2016
178,75,Russia,78,84,Left,2017.0,80,74,54,76,66,79,64,61,68,78,82,84,80,75,70,77,75,80,68,68,68,61,72,81,64,,52,57,54,16,7,14,7,8,25,Left Winger,7000000,summer,Laliga,2016
179,68,France,70,75,Right,2018.0,66,33,65,68,34,57,47,44,62,60,71,73,62,62,64,41,92,80,70,38,75,68,49,52,47,,73,72,74,9,8,11,13,9,24,Right-Back,3000000,summer,Jupiler Pro League,2016
181,78,Belgium,77,84,Right,2017.0,77,61,62,82,70,75,75,67,75,79,77,74,75,76,72,72,67,77,62,74,64,58,79,80,56,,40,58,61,6,6,10,14,10,22,Central Midfield,8000000,summer,Serie A,2016
179,75,Gabon,67,74,Right,2019.0,47,49,67,73,47,66,37,42,69,71,70,69,67,64,75,69,60,56,64,53,81,67,62,66,51,,64,69,62,10,13,16,7,15,22,Central Midfield,20000000,summer,Premier League,2016
184,79,Brazil,66,73,Right,2016.0,35,26,68,52,29,41,29,27,46,45,59,63,52,54,57,43,82,59,73,27,67,64,33,31,41,,67,69,68,7,10,14,7,11,23,Centre-Back,1300000,summer,Ligue 1,2016
178,66,Uruguay,70,78,Left,2016.0,64,60,45,76,49,76,64,60,72,78,79,79,81,66,72,70,65,76,65,66,70,50,60,66,49,,48,60,60,10,12,10,9,8,23,Left-Back,5800000,summer,Serie A,2016
179,70,Argentina,79,82,Right,2018.0,79,66,57,78,60,86,77,73,73,85,85,79,80,75,79,73,64,73,57,75,51,36,74,75,70,,24,31,22,5,8,14,6,8,27,Left Winger,9000000,summer,Serie A,2016
181,75,Spain,68,75,Left,2017.0,64,34,71,62,43,58,71,56,45,61,67,71,66,62,70,76,62,82,71,72,62,64,54,40,43,,70,72,68,10,9,15,11,10,23,Left-Back,1000000,summer,Laliga,2016
170,60,DR Congo,70,73,Right,2017.0,73,52,40,65,64,75,68,57,54,72,89,83,84,68,89,60,86,78,42,54,49,38,64,66,54,,18,29,24,11,10,9,10,15,25,Right Winger,1500000,winter,Jupiler Pro League,2016
175,77,France,81,81,Right,2020.0,83,73,59,82,79,83,81,79,84,81,79,75,78,76,76,77,48,71,74,83,54,44,77,83,76,,29,51,48,11,15,9,14,12,29,Attacking Midfield,29300000,winter,Ligue 1,2016
168,64,Portugal,77,83,Right,2016.0,78,41,60,73,47,72,63,43,63,77,83,80,84,73,90,74,83,79,64,77,80,78,63,57,48,,76,78,80,13,12,16,7,16,25,Right-Back,1500000,summer,Super League 1,2016
178,70,Portugal,70,83,Right,2020.0,53,67,64,68,58,78,72,31,63,75,74,80,75,71,70,73,58,67,60,65,59,26,73,69,61,,26,40,33,7,12,15,9,11,19,Left Winger,7000000,summer,Laliga,2016
182,73,France,75,80,Right,2019.0,75,41,67,73,32,73,62,24,67,72,74,76,66,75,60,57,82,74,72,49,74,74,69,63,43,,77,76,79,10,16,9,12,7,23,Right-Back,15000000,summer,Ligue 1,2016
177,69,Brazil,73,78,Left,2016.0,78,46,59,75,51,78,78,63,66,78,77,76,77,71,81,72,73,75,62,61,78,67,67,65,46,,68,72,70,15,8,13,10,9,24,Left-Back,7800000,summer,Serie A,2016
178,74,Italy,79,79,Right,2017.0,71,78,63,78,74,81,78,76,55,81,87,84,84,75,82,81,53,72,57,76,61,23,78,78,77,,18,20,26,8,12,11,10,9,29,Centre-Forward,9800000,summer,Serie A,2016
190,70,Switzerland,66,82,Right,2019.0,54,68,43,72,52,65,57,48,66,69,76,79,70,58,57,66,60,72,63,59,46,35,56,65,55,,54,42,54,12,7,13,15,13,20,Centre-Back,6400000,summer,Premier League,2016
177,71,Brazil,66,71,Right,2016.0,43,65,69,45,61,62,59,59,54,62,77,76,71,73,73,66,70,55,67,56,55,38,69,58,68,,11,19,13,7,7,14,8,11,31,Central Midfield,2500000,summer,Liga Portugal,2016
183,73,Argentina,66,79,Right,2021.0,45,28,61,53,36,60,36,34,47,58,71,69,57,62,61,40,70,56,69,25,64,64,45,31,42,,73,68,67,6,11,12,14,8,20,Centre-Back,8500000,summer,Ligue 1,2016
167,60,Italy,76,76,Right,2016.0,77,61,59,80,73,80,79,61,74,80,74,70,88,74,90,73,54,75,54,77,75,65,73,75,65,,53,61,64,14,11,14,14,7,31,Left Midfield,1500000,summer,Serie A,2016
195,90,Italy,78,78,Left,2016.0,12,17,13,28,13,18,14,16,33,22,30,33,35,77,32,21,66,29,58,18,18,10,10,46,21,,19,10,12,80,77,68,77,83,30,Goalkeeper,2300000,summer,Serie A,2016
183,73,Argentina,75,77,Left,2017.0,66,52,69,71,48,73,58,45,67,71,81,79,70,74,66,72,76,87,76,65,74,75,70,60,57,,71,73,78,7,7,15,14,16,27,Left-Back,1500000,winter,Super Lig,2016
191,92,Switzerland,72,74,Right,2017.0,64,73,75,69,72,68,52,64,63,69,49,53,58,74,56,78,65,50,90,72,43,26,73,71,67,,12,31,18,6,14,9,7,12,28,Centre-Forward,4000000,summer,Super Lig,2016
194,82,United States,60,70,Right,2015.0,11,17,13,27,14,14,16,17,22,22,40,38,30,56,32,21,54,33,59,19,17,15,11,59,11,,12,9,8,66,61,57,55,63,21,Goalkeeper,1000000,winter,Jupiler Pro League,2016
179,72,Brazil,76,76,Right,2018.0,76,69,62,80,72,79,69,75,77,80,69,66,78,79,74,78,64,73,58,77,58,62,77,81,82,,40,50,34,10,6,9,10,15,30,Attacking Midfield,2500000,winter,Premier League,2016
188,80,Argentina,83,84,Right,2019.0,62,48,86,72,46,62,55,74,75,73,50,54,57,77,38,76,71,70,85,60,74,87,49,63,66,,88,87,82,14,6,13,13,14,29,Centre-Back,24000000,summer,Laliga,2016
172,65,Brazil,74,77,Right,2016.0,71,45,56,73,59,75,57,60,71,75,85,78,83,71,84,72,72,80,57,58,76,73,62,66,60,,73,75,74,12,10,11,15,6,26,Right-Back,2300000,summer,Premier League,2016
180,79,Italy,79,79,Right,2017.0,66,83,60,71,85,75,81,78,71,81,77,69,79,78,75,89,69,69,78,89,44,26,83,71,81,,15,21,15,6,7,5,4,4,33,Centre-Forward,2750000,summer,Serie A,2016
185,80,Senegal,74,78,Right,2017.0,53,34,72,70,40,66,44,45,66,69,68,72,70,74,67,59,91,63,74,41,72,74,36,53,49,,75,77,73,11,15,6,12,11,26,Centre-Back,1500000,summer,1 Bundesliga,2016
192,79,Senegal,68,72,Right,2016.0,33,78,77,44,47,65,42,33,32,60,47,50,59,56,46,75,50,53,81,53,28,14,78,48,64,,14,18,12,7,10,15,11,12,23,Centre-Forward,1600000,summer,Ligue 1,2016
181,78,France,70,80,Right,2020.0,62,58,61,71,54,76,60,55,65,76,74,76,78,63,70,76,65,52,78,51,55,49,66,71,66,,39,49,44,7,10,11,8,8,21,Attacking Midfield,3500000,winter,Ligue 1,2016
178,71,Italy,56,64,Right,2018.0,56,43,36,54,46,60,42,36,43,61,75,71,71,53,74,51,49,55,51,45,35,23,44,42,43,,10,17,16,11,10,6,10,5,22,Left Winger,1400000,summer,Serie A,2016
193,90,Brazil,74,74,Left,2016.0,43,24,77,69,26,52,33,31,65,63,62,65,53,70,46,78,71,50,86,62,81,69,26,38,52,,73,76,72,13,16,14,12,15,27,Centre-Back,8200000,summer,Liga Portugal,2016
170,64,Chile,75,79,Left,2017.0,78,66,51,79,71,77,79,72,77,80,71,69,77,77,83,74,52,75,48,69,70,69,72,73,70,,55,65,46,11,6,8,13,14,25,Central Midfield,3500000,summer,Laliga,2016
178,84,Colombia,78,82,Right,2017.0,77,76,67,69,71,80,84,52,66,80,88,84,77,76,70,83,67,75,80,73,80,27,79,66,67,,17,24,18,16,10,6,14,7,25,Right Winger,1500000,summer,Super League 1,2016
185,76,Brazil,78,78,Right,2018.0,60,54,70,75,41,63,65,53,73,72,66,68,79,79,57,76,72,84,81,68,87,83,59,63,54,,82,80,82,1,1,1,1,1,24,Defensive Midfield,12500000,summer,Premier Liga,2016
184,82,Serbia,77,83,Left,2019.0,84,72,48,73,68,82,77,66,59,79,90,90,75,71,72,77,66,74,74,71,65,32,71,72,67,,35,44,43,13,14,12,12,13,23,Left Midfield,14000000,summer,1 Bundesliga,2016
182,78,Brazil,73,80,Left,2016.0,56,46,60,75,53,71,59,52,71,79,67,74,73,70,66,76,62,84,68,65,72,71,64,73,54,,60,70,61,8,10,8,12,14,23,Defensive Midfield,2000000,winter,Liga Portugal,2016
175,70,Austria,71,78,Right,2017.0,68,64,52,64,55,71,62,58,63,74,85,87,92,67,82,64,71,72,57,65,37,24,63,70,58,,32,31,25,11,7,10,15,13,23,Left Winger,3500000,summer,1 Bundesliga,2016
188,81,France,73,78,Right,2016.0,51,42,75,68,42,47,47,41,67,62,49,56,50,67,47,77,55,74,91,66,77,72,46,32,43,,74,75,69,11,15,15,12,7,25,Centre-Back,1500000,summer,Laliga,2016
182,78,Romania,72,80,Right,2017.0,55,72,65,58,61,66,50,47,44,68,75,78,79,79,69,81,76,80,75,60,63,16,78,53,60,,17,12,18,8,6,11,15,6,23,Centre-Forward,5700000,summer,Laliga,2016
173,67,Italy,72,73,Left,2016.0,70,50,52,66,48,64,68,65,62,65,79,85,73,72,84,68,75,90,67,51,79,67,42,54,46,,68,70,71,8,9,5,12,10,28,Left-Back,1200000,summer,Serie A,2016
182,75,Guinea,71,85,Right,2018.0,73,71,49,61,65,80,57,55,55,70,90,90,79,62,78,74,52,58,56,63,51,24,71,65,62,,33,30,29,13,12,11,13,10,20,Left Winger,2500000,summer,Ligue 1,2016
186,79,Nigeria,62,70,Right,2016.0,44,66,52,49,49,63,36,32,30,62,76,75,77,54,68,57,74,55,77,56,46,23,65,47,61,,17,14,15,15,15,9,13,11,21,Centre-Forward,1500000,summer,Eredivisie,2016
181,84,Argentina,73,73,Right,2018.0,61,52,75,65,25,53,56,54,64,66,77,77,55,69,52,63,76,80,82,55,83,72,60,60,49,,76,76,76,12,16,10,12,6,29,Centre-Back,2500000,summer,Laliga,2016
168,71,Romania,73,77,Right,2016.0,73,65,62,67,66,76,78,79,63,72,83,82,84,78,91,75,71,71,45,66,66,35,80,60,73,,29,38,35,14,9,15,11,12,26,Right Winger,1000000,summer,Premier Liga,2016
175,74,Netherlands,80,84,Right,2020.0,65,76,72,79,73,86,76,71,66,84,79,85,82,82,80,77,82,86,64,69,61,65,78,76,74,,52,55,42,16,6,14,12,6,25,Central Midfield,27500000,summer,Premier League,2016
183,79,Russia,61,65,Right,2018.0,58,31,48,39,26,63,39,38,38,46,68,69,53,57,60,29,61,64,72,29,57,65,50,46,45,,61,70,68,12,14,13,12,12,23,Centre-Back,2350000,winter,Premier Liga,2016
189,80,Argentina,79,86,Right,2020.0,12,15,12,32,16,15,19,20,23,15,54,48,57,76,50,24,68,42,70,17,26,21,12,49,24,,16,13,17,82,77,70,78,83,24,Goalkeeper,7000000,winter,Laliga,2016
186,75,Brazil,68,74,Right,2018.0,36,33,70,66,46,60,29,32,64,68,62,67,67,58,58,57,71,72,83,47,69,65,37,59,41,,66,64,68,16,15,13,10,9,19,Central Midfield,18500000,summer,Serie A,2016
172,71,Italy,69,77,Right,2016.0,64,60,45,63,64,71,62,65,50,72,84,85,88,67,93,67,33,74,47,61,30,15,63,58,56,,15,13,12,9,8,14,6,11,22,Second Striker,8250000,summer,Serie A,2016
190,77,Italy,60,68,Right,2016.0,35,25,56,44,36,36,38,34,36,41,55,58,42,54,55,51,71,58,55,29,47,64,33,38,47,,61,74,67,13,12,8,6,8,20,Centre-Back,1900000,winter,Serie A,2016
170,68,Argentina,53,64,Left,2017.0,52,42,32,56,34,56,42,41,55,56,65,65,68,43,71,49,57,57,41,50,30,23,39,45,43,,19,22,23,10,7,10,15,14,20,Attacking Midfield,10000000,summer,Ligue 1,2016
179,76,Argentina,67,78,Right,2016.0,39,67,65,60,54,64,49,33,48,68,77,78,67,60,63,69,80,75,73,62,44,23,65,49,71,,23,24,22,12,15,9,14,11,21,Centre-Forward,5100000,summer,Serie A,2016
175,70,Ghana,69,85,Right,2016.0,60,46,56,76,46,72,62,60,74,76,80,81,76,68,84,76,79,82,77,66,72,56,62,56,60,,57,66,66,14,12,7,7,12,20,Central Midfield,5000000,summer,Serie A,2016
179,73,Portugal,70,88,Right,2021.0,62,64,59,67,59,73,62,66,57,76,78,83,78,70,75,75,65,65,62,72,38,25,65,68,67,,22,32,37,9,12,11,9,9,20,Left Winger,30000000,winter,Ligue 1,2016
184,82,Argentina,84,86,Right,2018.0,72,89,77,70,83,82,72,62,55,84,79,81,72,83,60,84,73,69,80,77,50,19,88,70,74,,15,15,10,5,12,7,5,10,28,Centre-Forward,90000000,summer,Serie A,2016
185,82,Switzerland,81,85,Left,2019.0,68,49,59,84,50,68,68,70,88,79,48,54,58,84,62,88,33,79,75,84,89,74,78,86,59,,70,73,66,7,8,11,7,13,23,Defensive Midfield,45000000,summer,Premier League,2016
183,76,France,76,79,Right,2017.0,72,64,67,81,53,73,72,73,78,77,66,72,67,75,65,84,69,74,72,78,76,73,73,80,71,,73,75,71,11,14,6,8,6,27,Defensive Midfield,1500000,winter,Ligue 1,2016
186,85,Poland,82,86,Right,2018.0,59,42,83,81,40,63,46,62,85,77,67,74,59,80,52,81,75,80,92,70,89,85,52,73,78,,75,87,72,15,14,8,6,7,26,Defensive Midfield,27500000,summer,Ligue 1,2016
187,80,Austria,71,73,Right,2017.0,67,70,62,70,71,77,63,50,60,70,74,78,74,66,63,76,73,81,80,70,78,29,67,64,61,,15,26,20,12,7,14,10,9,27,Centre-Forward,1500000,winter,1 Bundesliga,2016
177,74,Colombia,67,76,Right,2020.0,41,52,67,72,27,61,33,31,71,67,63,64,66,67,70,57,61,79,66,34,77,53,59,59,37,,73,67,64,13,9,11,7,7,23,Defensive Midfield,2300000,summer,Liga Portugal,2016
185,85,Paraguay,70,79,Right,2021.0,32,29,77,48,45,31,26,27,36,45,49,55,48,67,45,49,78,65,84,25,77,67,46,34,32,,70,74,68,12,12,11,10,9,23,Centre-Back,9560000,summer,Serie A,2016
185,80,Norway,70,74,Left,2019.0,67,31,57,65,40,68,62,49,60,69,68,79,70,71,58,61,57,83,73,43,70,70,47,69,41,,70,74,67,12,15,11,10,7,25,Left-Back,1380000,summer,Serie A,2016
187,74,Netherlands,67,74,Right,2017.0,66,26,68,64,35,54,30,30,60,65,67,77,62,59,64,70,74,70,76,50,72,64,36,29,47,,67,69,69,11,6,8,14,15,23,Right Midfield,1040000,winter,Serie A,2016
177,75,Armenia,81,83,Right,2017.0,70,64,53,76,84,87,83,64,75,86,88,84,90,83,81,87,73,82,66,74,68,68,82,82,72,,49,53,55,5,11,14,5,7,27,Central Midfield,42000000,summer,Premier League,2016
172,66,Japan,76,78,Right,2018.0,83,62,35,80,69,78,85,86,81,80,76,68,87,81,84,73,68,65,46,73,28,35,67,80,66,,23,24,27,15,10,12,7,10,26,Attacking Midfield,6500000,summer,Laliga,2016
181,72,Colombia,71,71,Right,2017.0,69,68,71,67,72,72,69,68,60,72,75,78,78,66,69,79,90,80,70,72,54,44,72,69,74,,28,32,33,6,8,8,8,9,31,Centre-Forward,1600000,winter,Super Lig,2016
174,69,Spain,79,83,Left,2016.0,76,76,43,76,64,85,84,74,71,85,82,79,87,75,82,61,41,73,52,73,48,26,76,72,70,,35,33,31,15,5,14,13,7,27,Right Winger,6000000,winter,Serie A,2016
176,60,Guinea,73,76,Right,2018.0,68,44,40,68,53,81,59,57,66,78,88,86,92,69,83,57,85,83,43,52,62,48,68,62,54,,38,44,39,9,6,16,13,10,25,Attacking Midfield,1000000,summer,Jupiler Pro League,2016
174,72,Senegal,75,78,Right,2019.0,59,47,66,78,31,73,33,43,73,76,73,68,75,79,80,81,76,85,71,75,80,83,67,72,54,,76,79,74,8,6,8,12,13,26,Central Midfield,8500000,summer,Premier League,2016
187,85,Poland,67,67,Right,2017.0,67,42,56,64,34,60,59,34,53,61,72,78,67,70,64,63,51,92,81,35,71,63,62,56,52,,67,69,65,15,13,15,14,16,31,Centre-Back,1000000,summer,Ligue 1,2016
191,74,Russia,70,73,Right,2019.0,34,68,78,56,58,68,48,52,50,66,75,76,61,71,53,68,91,68,79,66,68,45,74,58,64,,15,16,23,11,13,12,8,6,27,Centre-Forward,3000000,summer,Premier Liga,2016
180,80,Germany,82,86,Right,2017.0,74,65,53,88,75,85,81,73,81,85,77,74,82,84,83,77,62,74,74,73,68,78,76,85,76,,57,63,64,11,14,5,5,13,25,Central Midfield,27000000,summer,Premier League,2016
175,67,Turkey,69,79,Left,2019.0,64,67,43,71,54,73,58,62,68,74,76,75,74,58,78,69,58,68,67,51,56,36,64,68,54,,30,28,32,13,14,15,15,10,21,Right Winger,1610000,winter,Super Lig,2016
187,77,Belgium,61,74,Right,2018.0,64,59,52,62,50,63,42,60,57,64,81,81,78,45,57,54,50,48,57,42,33,21,52,50,55,,23,30,25,9,6,13,6,16,20,Right Winger,1500000,summer,Jupiler Pro League,2016
186,86,Nigeria,70,82,Right,2017.0,57,68,62,55,51,74,56,44,44,72,84,87,76,65,57,80,81,66,83,59,46,21,67,54,68,,23,33,24,8,15,14,8,10,20,Centre-Forward,15000000,summer,Premier League,2016
188,79,Algeria,78,80,Right,2020.0,46,76,90,69,79,68,65,47,49,71,69,75,65,79,57,83,87,88,85,66,84,45,86,70,73,,25,37,19,10,9,6,15,11,28,Centre-Forward,31000000,summer,Premier League,2016
190,80,Russia,65,71,Right,2019.0,30,22,62,52,35,46,29,29,31,49,62,56,42,57,52,43,81,70,75,22,54,59,32,46,47,,65,71,73,10,11,12,6,13,25,Centre-Back,1000000,summer,Premier Liga,2016
190,89,Croatia,71,72,Right,2019.0,29,75,77,66,69,58,37,46,39,64,54,57,45,72,40,79,66,67,88,67,74,24,72,61,72,,26,34,25,10,9,11,11,15,27,Centre-Forward,2500000,summer,Ligue 1,2016
184,75,Italy,72,78,Right,2016.0,75,51,64,73,70,73,71,69,71,73,76,78,72,73,73,74,69,79,75,73,83,69,69,71,65,,68,73,73,10,12,8,5,5,24,Central Midfield,2600000,summer,Serie A,2016
180,76,England,74,77,Right,2017.0,65,64,69,78,59,72,69,58,75,75,68,68,65,74,73,72,72,85,77,69,83,76,61,73,57,,70,72,66,9,15,8,10,9,27,Defensive Midfield,11500000,winter,Premier League,2016
176,77,Poland,80,80,Right,2016.0,81,69,49,80,81,82,78,67,73,81,83,82,81,81,80,77,64,75,72,70,70,64,77,79,70,,55,59,63,14,8,9,13,15,30,Right Winger,5000000,summer,1 Bundesliga,2016
191,74,England,73,74,Right,2020.0,42,29,77,59,28,44,33,31,59,58,62,59,46,73,50,40,71,75,75,29,67,71,45,50,43,,77,77,78,11,8,6,9,14,27,Centre-Back,11700000,summer,Premier League,2016
187,73,Germany,62,74,Right,2016.0,45,65,55,64,56,61,51,43,37,64,73,66,68,58,66,64,55,52,66,53,31,32,66,62,59,,19,23,21,14,16,10,15,13,22,Central Midfield,2000000,summer,1 Bundesliga,2016
199,98,Denmark,77,81,Left,2018.0,45,34,86,68,39,46,41,35,57,56,47,46,29,74,29,82,34,64,94,47,81,80,43,50,43,,75,83,73,16,11,11,15,10,23,Centre-Back,12500000,summer,1 Bundesliga,2016
187,83,Netherlands,82,85,Right,2018.0,17,10,12,47,19,12,10,10,33,32,54,50,48,79,50,35,71,40,67,15,25,25,11,60,21,,18,12,11,80,84,74,82,79,27,Goalkeeper,13000000,summer,Laliga,2016
181,76,Spain,80,80,Right,2017.0,61,54,60,77,53,62,70,62,75,74,68,66,67,84,60,72,70,86,77,64,85,85,59,69,60,,75,84,82,7,13,14,10,14,32,Defensive Midfield,1000000,summer,Laliga,2016
189,87,Netherlands,77,81,Right,2017.0,40,38,80,75,34,59,43,66,76,61,54,69,52,68,47,87,80,70,88,65,81,68,49,61,39,,75,85,76,11,16,16,12,13,24,Centre-Back,11500000,summer,1 Bundesliga,2016
178,72,Ghana,69,79,Left,2019.0,64,56,62,64,64,74,62,34,53,69,87,86,81,69,80,74,77,76,81,53,68,65,63,61,68,,64,67,61,9,7,8,10,9,24,Left Midfield,13800000,winter,Premier League,2016
182,73,France,81,81,Right,2017.0,70,81,61,76,76,86,80,70,60,87,85,87,84,77,76,73,69,68,60,70,48,34,79,71,84,,24,30,28,3,7,3,7,3,29,Centre-Forward,2850000,summer,Ligue 1,2016
184,78,France,71,71,Right,2016.0,31,78,72,57,68,60,61,36,42,61,65,65,64,79,62,73,71,67,72,71,46,24,80,54,74,,13,17,15,8,9,8,15,7,31,Centre-Forward,1000000,summer,Jupiler Pro League,2016
178,73,Spain,78,85,Right,2017.0,72,78,42,77,55,85,70,68,67,86,90,84,87,70,78,76,70,69,58,74,29,33,76,69,68,,16,23,12,13,7,6,13,15,23,Left Winger,25000000,summer,Ligue 1,2016
188,85,Colombia,73,81,Right,2016.0,55,73,70,66,74,74,60,54,54,69,76,84,71,69,65,76,73,68,86,64,57,49,71,60,73,,28,24,27,12,13,13,7,8,23,Centre-Forward,6500000,summer,1 Bundesliga,2016
180,70,Sweden,70,73,Left,2018.0,70,60,22,69,70,75,75,69,67,73,82,84,84,56,81,82,53,73,41,78,80,22,59,68,45,,21,41,30,8,14,9,12,15,27,Central Midfield,2000000,summer,Ligue 1,2016
179,78,Portugal,78,85,Right,2020.0,75,70,54,84,66,81,65,67,75,80,74,77,76,78,67,77,63,79,70,70,65,76,80,76,59,,64,74,62,6,15,8,8,8,23,Central Midfield,44780000,summer,Serie A,2016
188,77,Argentina,71,79,Right,2019.0,72,51,44,73,69,77,70,67,72,77,79,78,79,70,67,70,49,74,69,71,53,21,63,67,57,,19,23,18,11,10,7,8,8,21,Second Striker,18200000,summer,Laliga,2016
168,62,Wales,77,80,Right,2017.0,68,58,44,84,38,77,58,50,75,79,72,63,79,82,91,63,78,79,53,60,63,74,67,76,52,,60,74,66,10,13,12,6,8,26,Central Midfield,15500000,summer,Premier League,2016
178,73,England,69,69,Right,2018.0,49,72,74,56,66,63,49,43,52,64,74,77,70,65,74,68,90,71,75,62,79,36,68,55,68,,36,41,35,10,15,15,12,15,28,Centre-Forward,1730000,summer,Scottish Premiership,2016
178,77,Iceland,71,77,Left,2019.0,66,68,56,67,70,76,78,78,58,75,75,77,72,69,73,84,58,74,72,74,63,49,67,70,57,,45,50,49,7,6,14,10,8,25,Right Winger,3000000,summer,Premier League,2016
188,75,England,77,87,Right,2019.0,62,29,74,78,27,66,26,29,64,75,72,72,63,76,54,46,72,76,77,41,70,75,48,59,37,,79,80,81,7,15,11,10,8,22,Centre-Back,55600000,summer,Premier League,2016
195,89,Denmark,75,79,Right,2018.0,14,12,17,30,11,15,14,13,34,19,62,48,59,69,57,22,59,23,81,15,27,23,14,10,12,,12,13,15,75,70,70,77,80,27,Goalkeeper,2500000,summer,1 Bundesliga,2016
184,76,France,74,76,Right,2017.0,63,70,52,76,64,75,64,67,75,76,72,69,72,74,63,73,61,68,69,73,68,68,68,73,69,,69,73,65,8,8,14,15,11,26,Defensive Midfield,2600000,summer,Laliga,2016
186,77,Germany,68,74,Right,2017.0,49,42,58,71,46,59,49,48,68,65,53,64,60,66,60,58,61,78,73,49,67,67,43,62,51,,63,69,69,8,13,12,15,8,21,Defensive Midfield,1200000,summer,1 Bundesliga,2016
179,78,France,75,78,Right,2019.0,75,67,56,75,60,76,76,77,64,78,82,79,77,74,82,74,65,82,73,68,73,62,74,70,63,,57,65,62,15,7,7,10,8,26,Right Midfield,5200000,summer,1 Bundesliga,2016
190,85,Brazil,79,83,Right,2020.0,61,84,77,63,74,73,40,38,46,79,68,80,67,75,48,85,74,74,85,73,81,28,83,65,78,,24,24,32,7,8,15,10,6,27,Centre-Forward,7000000,summer,Premier Liga,2016
182,81,Ghana,76,80,Right,2020.0,70,77,77,76,74,77,77,71,60,76,77,77,81,77,72,76,70,71,74,75,75,33,74,68,74,,23,22,25,6,8,7,16,8,25,Centre-Forward,5800000,winter,Premier League,2016
183,77,Belgium,70,78,Left,2017.0,64,52,61,64,57,72,51,46,61,69,85,87,75,70,74,66,85,79,75,53,74,63,54,58,53,,66,70,70,8,7,14,15,9,21,Left-Back,4000000,summer,Serie A,2016
175,81,England,71,81,Right,2020.0,66,65,35,65,50,77,65,24,56,74,86,86,74,64,80,68,60,69,71,65,34,46,67,54,57,,45,55,53,13,15,7,13,13,20,Right Winger,18000000,summer,Premier League,2016
187,81,Portugal,81,81,Right,2017.0,36,40,77,63,34,59,33,32,54,64,55,57,62,84,56,29,73,69,83,29,84,85,40,55,43,,84,85,84,7,11,16,10,6,33,Centre-Back,9200000,winter,Premier League,2016
180,68,Spain,74,79,Right,2019.0,71,64,42,84,48,76,63,58,75,80,64,66,62,78,67,64,56,65,72,66,71,65,76,77,59,,63,61,59,9,13,9,15,7,21,Central Midfield,2150000,summer,1 Bundesliga,2016
181,77,Argentina,78,78,Right,2018.0,82,68,56,82,78,80,84,83,80,80,77,76,75,77,75,80,52,80,70,72,69,61,71,81,75,,55,67,66,11,15,13,6,9,31,Central Midfield,7500000,summer,Serie A,2016
188,77,France,78,81,Right,2016.0,52,56,78,76,49,67,42,53,75,73,66,73,54,77,58,78,76,79,80,66,79,83,63,65,50,,79,82,78,14,8,14,10,15,25,Defensive Midfield,3000000,summer,1 Bundesliga,2016
170,63,Spain,70,77,Right,2019.0,39,69,66,64,65,75,60,57,48,72,76,76,77,76,80,68,75,68,51,56,55,23,83,65,62,,25,28,25,11,6,9,12,9,23,Left Winger,5000000,summer,Laliga,2016
183,82,Austria,76,77,Right,2019.0,63,40,66,75,52,63,49,50,71,73,71,72,65,76,66,73,78,92,79,60,83,79,60,64,59,,75,79,71,9,13,10,9,14,28,Defensive Midfield,4000000,summer,1 Bundesliga,2016
172,62,Brazil,76,79,Right,2018.0,73,43,44,72,51,76,74,79,65,76,87,79,78,77,88,73,69,84,46,65,67,70,72,63,78,,78,78,78,16,12,15,14,16,27,Right-Back,3000000,winter,Super Lig,2016
190,80,Poland,82,84,Right,2017.0,29,11,88,59,17,51,35,26,59,59,59,65,33,76,55,57,79,69,88,20,86,86,24,23,39,,85,85,84,10,14,5,8,10,28,Centre-Back,11000000,summer,Ligue 1,2016
180,78,Poland,74,76,Right,2017.0,75,71,69,72,66,74,64,55,69,74,85,86,80,69,70,74,62,62,64,70,43,48,71,70,71,,15,29,20,16,10,15,14,11,28,Left Winger,9000000,winter,Premier League,2016
183,70,Cameroon,71,78,Right,2017.0,44,76,66,57,67,74,42,54,33,69,74,74,76,62,70,70,68,68,75,62,43,20,81,49,67,,13,14,18,10,12,12,8,14,23,Centre-Forward,1000000,summer,Ligue 1,2016
176,73,Poland,72,82,Right,2016.0,57,62,57,71,37,67,56,35,70,67,70,73,70,72,78,63,82,82,78,63,78,76,67,71,50,,60,74,66,13,8,11,14,6,21,Central Midfield,3100000,summer,Serie A,2016
185,80,Germany,70,76,Left,2016.0,65,57,44,74,50,71,75,69,72,75,63,67,69,71,65,71,74,69,68,68,63,64,65,71,48,,45,60,49,14,15,11,14,14,23,Central Midfield,4700000,summer,1 Bundesliga,2016
180,76,Switzerland,56,66,Right,2019.0,51,55,39,55,52,65,44,34,39,59,66,67,72,36,64,65,40,48,57,47,29,25,51,46,53,,26,25,24,7,7,9,5,10,22,Left Winger,1500000,summer,Super League,2016
183,73,Netherlands,70,80,Right,2018.0,58,23,65,67,36,64,42,30,57,67,77,78,72,64,66,58,68,72,68,49,70,77,57,31,42,,71,71,73,7,15,9,10,15,19,Centre-Back,2900000,summer,Serie A,2016
178,72,France,79,79,Right,2018.0,70,82,67,79,77,73,76,69,71,80,83,78,85,81,81,72,82,71,66,76,66,38,85,76,77,,23,34,38,6,10,8,8,6,29,Centre-Forward,32000000,summer,Laliga,2016
186,80,Italy,70,76,Left,2017.0,41,73,71,59,69,69,72,41,33,71,79,85,79,63,75,65,77,77,69,50,32,17,72,45,69,,11,15,15,8,14,13,15,15,24,Centre-Forward,5000000,winter,Serie A,2016
194,85,Germany,75,79,Right,2017.0,60,50,75,73,51,67,50,62,74,71,66,75,52,74,45,78,55,77,86,57,80,74,55,65,53,,73,79,71,6,13,8,7,14,24,Centre-Back,3000000,summer,1 Bundesliga,2016
179,82,Germany,80,85,Left,2019.0,78,81,69,79,68,81,79,76,67,81,82,81,77,81,81,84,77,90,81,80,75,44,80,79,71,,17,50,33,8,7,9,7,12,23,Centre-Forward,20000000,summer,1 Bundesliga,2016
189,84,Greece,78,78,Left,2016.0,60,80,82,66,75,81,73,71,59,82,55,66,52,76,34,81,74,64,84,78,63,21,81,68,61,,23,26,13,12,7,10,8,16,28,Centre-Forward,7000000,summer,Liga Portugal,2016
179,67,Sweden,63,74,Right,2018.0,62,55,45,68,39,66,57,59,65,69,76,75,78,55,67,56,59,72,62,52,71,43,53,69,50,,39,56,51,10,6,9,11,7,21,Central Midfield,1000000,winter,Allsvenskan,2016
180,67,Czech Republic,74,80,Left,,77,72,40,76,66,73,77,76,74,77,82,75,73,78,79,76,81,69,43,73,45,35,73,59,72,,35,38,37,15,13,12,9,9,24,Left Midfield,3800000,summer,Serie A,2016
188,96,Belgium,74,75,Right,2017.0,32,74,82,70,64,65,36,29,39,72,67,75,38,71,35,78,75,87,90,64,79,32,74,70,58,,15,46,38,7,16,6,9,12,27,Centre-Forward,7000000,summer,Liga Portugal,2016
193,83,England,66,66,Right,2017.0,19,17,14,26,15,11,17,19,24,20,56,57,63,67,48,24,71,37,69,19,42,23,14,56,20,,12,13,19,70,54,67,69,71,33,Goalkeeper,1500000,winter,Premier League,2016
181,71,Brazil,78,83,Right,2016.0,69,75,80,76,69,82,70,59,60,84,78,76,78,81,66,73,70,67,72,71,38,20,85,66,65,,17,24,19,8,14,9,6,9,23,Centre-Forward,7000000,summer,Laliga,2016
195,85,Switzerland,66,72,Right,2017.0,52,35,65,66,38,52,55,50,62,56,52,52,43,63,38,63,68,74,90,51,62,53,37,48,55,,65,68,64,9,9,15,15,11,24,Centre-Back,3000000,summer,Ligue 1,2016
181,70,Jamaica,62,81,Left,2018.0,55,59,57,63,54,66,49,31,45,68,92,91,89,64,68,51,55,48,56,53,36,21,55,66,66,,16,12,13,12,13,6,15,14,19,Left Winger,16700000,winter,1 Bundesliga,2016
178,72,Italy,61,69,Right,2016.0,51,49,49,66,41,59,59,49,61,65,64,52,62,63,70,59,56,70,57,51,61,57,53,61,51,,39,45,45,8,13,6,10,9,21,Central Midfield,1000000,summer,Serie A,2016
175,70,Italy,57,68,Right,2019.0,43,53,41,59,46,61,53,39,49,62,77,72,69,52,65,59,58,46,58,44,37,29,51,51,45,,19,26,21,6,10,6,12,7,21,Second Striker,2500000,winter,Serie A,2016
188,85,Italy,71,74,Right,2019.0,33,75,75,60,68,64,54,28,36,68,68,67,68,70,59,69,82,69,80,56,36,24,75,48,66,,20,21,17,15,6,12,14,9,28,Centre-Forward,18000000,winter,Serie A,2016
188,79,Netherlands,76,81,Right,2017.0,68,70,80,79,66,78,49,44,76,75,74,76,73,73,51,85,90,92,77,78,80,70,74,73,72,,66,72,71,9,8,14,16,14,26,Defensive Midfield,5600000,summer,Premier League,2016
183,75,Germany,70,83,Left,2019.0,63,67,70,70,56,76,80,59,59,74,84,86,78,66,72,73,64,67,58,72,52,34,63,62,53,,28,30,27,8,12,9,9,14,20,Right Winger,52000000,summer,Premier League,2016
184,80,Germany,71,85,Right,2016.0,68,60,54,77,54,75,61,56,71,77,73,76,74,70,68,65,66,64,66,58,57,62,64,70,55,,62,63,56,10,16,13,15,9,20,Left Winger,5000000,summer,1 Bundesliga,2016
174,66,England,69,81,Right,2017.0,54,50,47,71,40,74,43,56,65,75,77,73,81,67,80,57,60,76,65,53,79,66,45,67,45,,62,66,67,6,15,12,15,13,19,Central Midfield,7000000,summer,Premier League,2016
183,80,Italy,73,80,Left,2017.0,62,33,68,80,58,66,61,60,76,78,58,64,68,71,68,67,72,78,78,68,56,70,56,75,60,,50,70,60,4,4,4,4,4,23,Defensive Midfield,2700000,summer,Serie A,2016
186,84,Italy,77,80,Right,2016.0,78,40,79,69,60,71,64,62,66,73,79,84,72,75,58,74,78,85,79,75,75,75,66,49,52,,73,77,77,15,11,10,14,14,28,Right-Back,3500000,summer,Serie A,2016
183,78,Italy,77,79,Right,2017.0,41,25,79,56,33,46,38,17,61,56,75,62,56,75,72,52,78,60,76,25,81,81,23,30,35,,81,81,79,13,11,13,11,6,26,Centre-Back,10000000,summer,Serie A,2016
190,87,Germany,78,84,Right,2018.0,14,18,14,35,14,16,12,14,37,23,48,50,51,78,39,20,73,30,39,16,18,13,8,41,19,,13,11,13,80,74,74,77,84,23,Goalkeeper,6200000,summer,Premier League,2016
188,78,Netherlands,75,80,Right,2018.0,52,77,66,72,71,71,67,49,65,71,77,82,74,73,65,81,78,75,76,69,71,36,77,68,62,,18,24,14,16,13,15,14,10,23,Centre-Forward,2500000,summer,Liga Portugal,2016
175,72,Italy,78,78,Right,2018.0,77,58,48,86,70,75,79,79,84,82,69,65,77,79,78,73,52,75,59,76,77,70,54,83,73,,52,65,57,11,9,7,12,11,30,Defensive Midfield,3500000,summer,Serie A,2016
188,80,Italy,67,75,Right,2016.0,57,46,42,71,50,70,56,49,68,71,69,75,68,61,58,70,55,76,76,66,67,60,64,63,63,,30,58,46,6,14,6,8,7,24,Central Midfield,6000000,summer,Serie A,2016
187,82,Italy,75,75,Right,2018.0,35,29,72,53,34,40,42,36,59,48,63,65,58,64,52,65,79,60,81,60,77,80,33,29,45,,76,80,78,5,5,5,5,5,31,Centre-Back,1980000,summer,Serie A,2016
178,74,France,76,81,Left,2016.0,76,47,67,77,25,70,65,37,67,77,74,75,71,76,66,67,75,76,68,58,77,74,65,72,28,,77,78,81,6,12,9,6,13,22,Left-Back,16500000,summer,Laliga,2016
180,78,Spain,78,79,Left,2019.0,72,77,56,78,72,78,79,77,74,80,76,78,74,74,76,78,63,67,71,79,71,38,82,79,73,,24,24,26,14,8,8,10,10,27,Centre-Forward,20000000,summer,Premier League,2016
175,75,Netherlands,77,80,Right,2017.0,76,66,40,75,62,80,69,59,42,76,93,93,82,75,77,65,34,74,65,54,28,20,73,73,58,,19,28,22,10,8,14,8,6,26,Attacking Midfield,4600000,winter,Premier League,2016
182,74,Spain,74,78,Right,2016.0,76,37,66,72,53,59,58,42,70,72,74,74,68,73,67,70,78,85,73,55,63,78,55,55,54,,77,76,80,8,7,11,8,9,27,Centre-Back,2000000,winter,Laliga,2016
180,76,Belgium,75,82,Right,2019.0,70,51,64,67,42,78,71,51,64,75,90,92,78,70,72,69,70,83,79,68,73,75,68,50,50,,65,76,78,15,9,5,9,15,25,Right-Back,1800000,summer,Super Lig,2016
186,80,Serbia,73,77,Right,2019.0,59,54,69,75,42,65,53,44,73,72,59,57,58,67,57,75,58,89,74,70,83,71,64,69,60,,69,69,66,13,9,16,6,12,25,Defensive Midfield,15100000,winter,Premier League,2016
179,73,Germany,71,75,Right,2018.0,69,60,45,74,58,75,73,60,71,77,68,67,77,73,78,73,68,83,58,64,53,60,66,69,63,,59,56,58,9,8,11,16,14,25,Central Midfield,5000000,summer,1 Bundesliga,2016
187,78,Lithuania,65,74,Right,2018.0,32,69,66,59,55,59,46,23,45,64,65,68,57,55,60,69,72,65,66,53,52,32,68,52,60,,17,28,25,9,13,11,9,9,21,Centre-Forward,1610000,summer,Liga Portugal,2016
185,80,France,62,69,Right,2019.0,29,62,52,45,47,62,34,31,33,59,80,84,74,52,65,71,64,53,78,72,33,18,55,47,56,,14,15,17,12,14,13,6,16,20,Centre-Forward,6500000,summer,Premier League,2016
197,92,Netherlands,77,77,Right,2016.0,18,11,14,39,11,12,13,13,37,31,35,45,35,73,27,13,55,30,77,11,41,26,13,19,23,,18,15,14,81,75,82,76,79,33,Goalkeeper,1000000,summer,Premier League,2016
186,81,Italy,78,84,Left,2019.0,70,79,73,73,77,80,79,82,65,83,79,84,74,79,57,88,77,75,76,86,70,15,80,74,71,,22,26,22,12,11,11,5,5,25,Centre-Forward,17000000,winter,Premier League,2016
183,77,Germany,70,73,Right,2017.0,53,36,64,67,54,51,45,30,61,65,69,74,68,70,64,50,86,59,70,34,64,73,47,47,44,,71,73,70,10,10,6,16,15,25,Centre-Back,1200000,summer,1 Bundesliga,2016
170,66,Argentina,76,83,Right,2018.0,74,67,59,77,59,83,74,72,75,81,86,79,87,73,87,69,76,79,34,62,22,23,72,74,67,,13,19,16,14,9,6,7,15,23,Attacking Midfield,12000000,summer,Premier League,2016
183,74,Spain,80,85,Right,2017.0,50,43,77,79,43,62,56,45,73,78,71,72,67,76,69,58,85,64,73,36,63,83,58,43,52,,83,87,82,10,15,13,12,8,25,Centre-Back,8000000,summer,1 Bundesliga,2016
172,65,Germany,68,72,Left,2017.0,66,53,39,72,62,73,74,71,60,73,84,75,87,72,87,68,58,84,43,67,53,49,67,69,47,,25,43,30,16,15,10,16,11,26,Central Midfield,2000000,summer,Bundesliga,2016
185,68,DR Congo,71,75,Right,2016.0,70,55,70,70,54,70,70,37,70,71,73,69,65,75,65,67,70,79,69,59,77,70,68,70,56,,73,72,66,13,15,8,13,14,23,Centre-Back,3500000,summer,1 Bundesliga,2016
174,75,Brazil,83,86,Left,2020.0,85,66,69,79,54,83,80,67,76,86,78,83,79,85,84,83,77,81,75,65,86,83,67,70,59,,79,83,86,12,5,5,5,9,29,Centre-Back,2000000,summer,Super Lig,2016
181,68,Croatia,75,81,Right,2019.0,69,60,54,77,65,75,73,70,78,79,75,68,75,73,73,76,63,79,61,76,77,69,67,76,69,,60,68,66,8,8,15,11,8,23,Defensive Midfield,5000000,summer,Serie A,2016
182,83,Germany,77,80,Right,2016.0,78,65,67,79,73,77,73,61,74,79,63,65,67,80,62,82,77,87,77,75,82,81,74,74,74,,75,79,70,6,14,16,10,14,26,Defensive Midfield,1300000,summer,1 Bundesliga,2016
188,81,Spain,75,78,Left,2016.0,75,50,65,69,33,71,61,71,69,71,76,78,68,75,58,75,68,79,78,71,79,69,61,57,64,,74,79,80,9,7,13,9,12,25,Left-Back,23000000,summer,Premier League,2016
189,88,Germany,78,78,Right,2016.0,56,82,82,66,74,69,65,36,40,75,70,76,64,70,55,80,76,66,86,58,72,20,86,62,74,,20,24,20,8,8,9,7,14,31,Centre-Forward,1050000,summer,1 Bundesliga,2016
176,72,Germany,84,88,Right,2017.0,76,78,54,85,83,88,80,74,75,90,76,68,87,85,84,68,70,68,64,62,48,53,84,84,65,,16,29,26,14,7,12,6,10,24,Attacking Midfield,22000000,summer,1 Bundesliga,2016
184,76,Gabon,75,81,Right,2016.0,62,48,57,76,43,73,54,52,76,75,73,66,70,76,63,60,55,73,76,57,78,74,64,70,55,,73,74,71,12,9,15,8,16,22,Defensive Midfield,9800000,summer,Serie A,2016
192,90,Germany,67,75,Right,2017.0,11,10,12,22,9,10,11,13,16,16,25,28,34,67,38,23,55,35,74,12,19,10,11,8,18,,9,13,11,68,67,64,64,68,22,Goalkeeper,1700000,summer,1 Bundesliga,2016
183,77,Poland,63,70,Right,2018.0,51,63,65,60,54,66,45,34,48,63,69,68,76,59,63,60,70,55,57,55,50,32,70,50,62,,19,18,17,8,13,7,9,7,21,Centre-Forward,2000000,summer,Ligue 1,2016
170,64,Germany,77,78,Right,2016.0,75,65,42,82,76,83,82,78,69,82,79,73,87,68,90,59,67,56,32,73,35,25,67,82,58,,26,23,22,13,9,14,16,11,27,Attacking Midfield,3000000,summer,Super League 1,2016
187,78,Norway,73,77,Right,2017.0,65,75,63,74,68,72,47,56,65,77,67,68,73,75,57,85,84,88,72,75,77,64,68,74,43,,64,66,62,16,15,13,10,14,24,Centre-Back,5300000,winter,Premier League,2016
185,76,Netherlands,69,73,Right,2019.0,62,53,69,67,50,68,49,46,63,72,64,67,60,70,66,71,88,86,73,56,87,68,66,70,59,,59,66,64,14,15,7,12,12,25,Defensive Midfield,10500000,summer,Premier League,2016
185,86,Austria,75,83,Left,2019.0,53,48,68,62,49,56,58,63,65,63,64,74,62,63,62,83,85,75,81,71,82,74,61,62,64,,78,79,79,14,14,9,13,10,23,Centre-Back,10500000,summer,1 Bundesliga,2016
178,81,Sweden,76,76,Left,2017.0,74,55,65,70,65,72,64,53,66,74,79,86,74,73,68,75,73,90,72,64,74,69,69,66,49,,74,78,77,11,9,7,9,12,28,Left-Back,4600000,winter,Premier League,2016
191,81,Slovakia,81,81,Right,2017.0,39,35,86,65,43,46,33,27,62,59,54,68,62,73,52,46,75,75,85,35,84,78,33,28,52,,79,85,83,15,5,7,6,11,31,Centre-Back,6000000,summer,Super Lig,2016
193,78,Germany,64,77,Right,2018.0,42,29,65,62,34,35,38,25,64,54,54,66,54,62,52,45,68,62,72,26,51,63,29,52,37,,60,70,66,10,13,13,15,14,20,Centre-Back,1000000,summer,1 Bundesliga,2016
188,82,France,69,72,Right,2018.0,15,12,19,24,21,12,20,12,26,14,50,48,30,50,61,18,55,35,60,14,17,17,17,20,14,,13,12,16,69,73,66,71,72,24,Goalkeeper,1000000,summer,Ligue 1,2016
187,77,France,72,78,Right,2017.0,39,19,70,63,63,44,28,25,59,60,46,49,44,70,56,36,70,63,73,34,70,72,40,37,38,,78,77,69,13,9,11,8,7,26,Centre-Back,2000000,winter,Ligue 1,2016
191,92,Germany,86,88,Right,2017.0,64,55,90,78,60,68,65,53,84,77,62,66,60,85,58,71,70,67,86,51,71,91,56,79,68,,86,87,86,15,6,10,5,6,27,Centre-Back,35000000,summer,1 Bundesliga,2016
183,75,Scotland,74,79,Right,2017.0,77,68,50,69,45,75,65,48,65,75,90,90,79,66,71,80,51,71,75,74,55,28,67,67,61,,29,40,35,14,16,16,10,10,25,Right Winger,6500000,summer,Premier League,2016
171,68,Italy,67,76,Left,2016.0,67,50,41,63,57,70,68,69,48,71,85,79,90,66,84,72,32,72,38,67,41,12,61,56,46,,13,12,12,11,12,6,8,11,22,Right Winger,8100000,summer,Serie A,2016
188,75,Italy,55,66,Right,2021.0,12,12,50,42,17,42,13,17,31,28,55,64,36,48,48,23,75,58,80,11,49,48,12,15,19,,54,61,56,9,14,8,6,11,22,Centre-Back,6150000,summer,Serie A,2016
187,80,Italy,64,72,Right,2016.0,31,13,66,41,16,31,20,24,46,46,60,66,56,61,66,37,65,56,71,18,67,61,16,22,30,,68,68,67,14,9,6,9,5,22,Centre-Back,19000000,winter,Serie A,2016
177,72,Chile,77,78,Right,2016.0,80,50,52,75,58,76,80,64,73,77,85,75,85,76,81,65,61,79,51,67,76,79,73,66,71,,78,77,82,7,8,7,7,7,28,Right-Back,4000000,summer,Serie A,2016
185,80,Uruguay,63,77,Right,2016.0,28,24,67,52,30,68,32,35,51,55,73,75,46,46,62,48,75,62,73,27,53,60,25,40,41,,59,68,69,10,6,7,15,13,20,Centre-Back,2000000,summer,Laliga,2016
176,76,Argentina,76,76,Right,2017.0,68,78,59,72,78,84,86,79,61,82,79,75,88,79,72,80,70,70,61,80,66,39,76,71,74,,32,37,33,7,16,16,6,12,29,Centre-Forward,2750000,winter,Premier League,2016
180,76,Germany,81,83,Left,2019.0,80,81,59,81,79,83,76,69,69,82,74,76,77,83,76,79,69,84,72,78,65,39,83,80,84,,35,38,39,12,7,5,13,9,28,Second Striker,7500000,summer,1 Bundesliga,2016
176,63,Belgium,77,81,Left,2019.0,70,75,47,75,67,82,72,73,72,76,86,85,84,74,85,71,73,91,47,73,71,35,74,76,68,,29,27,34,9,15,12,11,7,24,Left Winger,10000000,summer,Premier Liga,2016
176,78,Netherlands,81,89,Right,2019.0,66,74,60,74,74,86,85,90,68,83,91,90,82,83,86,88,80,82,77,82,62,21,80,75,66,,24,31,20,8,14,6,12,10,22,Centre-Forward,16000000,winter,Ligue 1,2016
189,84,Albania,73,73,Left,2017.0,47,25,77,65,33,32,43,53,45,63,50,53,53,69,47,45,74,64,78,26,74,59,20,49,51,,76,79,76,11,10,8,14,10,30,Centre-Back,1800000,winter,1 Bundesliga,2016
185,78,Belgium,78,83,Right,2019.0,65,79,72,62,73,78,61,46,36,79,80,84,84,77,73,82,83,65,77,76,59,23,84,63,67,,16,26,22,9,10,16,7,15,22,Centre-Forward,39000000,summer,Premier League,2016
179,69,Mexico,75,75,Right,2016.0,74,68,56,71,68,70,73,73,69,70,83,84,82,72,84,80,75,92,62,77,69,75,68,70,63,,70,73,73,7,16,6,12,11,28,Right-Back,6000000,summer,Liga Portugal,2016
195,90,Portugal,69,75,Left,2017.0,9,13,10,29,14,19,18,12,25,20,37,32,32,60,35,17,54,39,75,19,31,22,12,32,14,,13,10,9,71,67,68,69,73,25,Goalkeeper,1500000,summer,Premier League,2016
190,82,Netherlands,73,77,Right,2017.0,36,42,82,57,26,45,33,31,62,54,40,66,38,62,40,73,83,65,89,31,64,70,40,37,40,,74,78,70,7,11,15,10,15,23,Centre-Back,2500000,summer,Premier League,2016
188,78,Spain,67,81,Left,2021.0,51,52,64,78,40,65,49,47,71,66,49,56,38,63,27,57,42,42,47,58,72,73,57,64,56,,52,75,65,9,12,9,13,14,20,Central Midfield,3750000,summer,1 Bundesliga,2016
186,76,Brazil,84,84,Right,2016.0,48,43,86,64,51,49,32,39,65,64,74,77,67,75,58,70,86,71,80,41,88,83,43,53,49,,86,87,87,12,6,10,13,12,31,Centre-Back,11000000,summer,Serie A,2016
185,70,Italy,77,77,Right,2019.0,81,49,66,82,59,69,70,74,85,80,68,68,69,79,60,71,68,79,69,71,81,75,63,83,52,,63,71,71,13,6,10,10,10,30,Defensive Midfield,3400000,summer,Serie A,2016
178,70,Norway,71,78,Right,2017.0,65,70,60,66,66,80,73,69,54,76,85,81,83,61,78,69,79,73,62,71,49,36,68,59,68,,47,37,44,12,7,8,7,13,21,Left Winger,3200000,summer,Super League,2016
175,69,Egypt,80,87,Left,2016.0,68,77,59,75,69,86,64,68,67,86,92,91,86,75,84,75,70,77,60,61,63,55,77,71,63,,37,43,41,14,14,9,11,14,24,Right Winger,15000000,summer,Serie A,2016
180,72,France,77,80,Right,2018.0,70,67,60,78,70,76,70,70,75,79,73,73,76,77,66,73,58,73,66,69,74,76,72,81,68,,73,78,72,6,16,16,9,9,22,Central Midfield,12000000,winter,Ligue 1,2016
181,75,France,82,85,Right,2019.0,67,64,65,83,56,73,68,61,83,79,69,59,66,82,66,71,72,90,78,56,85,86,67,75,56,,77,84,82,6,11,12,14,7,27,Defensive Midfield,23000000,winter,Premier League,2016
178,70,Germany,73,78,Right,2017.0,70,59,40,76,71,79,77,69,74,77,75,74,85,73,79,70,63,76,52,75,65,66,70,74,44,,41,54,50,15,12,14,7,14,24,Central Midfield,1500000,winter,1 Bundesliga,2016
187,83,France,78,82,Right,2019.0,76,72,70,80,67,80,75,74,75,82,79,82,76,79,63,85,77,92,86,71,77,76,76,68,68,,69,74,72,14,8,11,10,8,27,Central Midfield,35000000,summer,Premier League,2016
181,74,Israel,74,82,Right,2017.0,50,75,73,76,62,79,70,35,63,82,80,84,81,54,72,72,81,70,71,60,33,19,76,66,67,,32,36,27,13,12,10,15,11,24,Centre-Forward,5000000,summer,Bundesliga,2016
183,85,Algeria,78,82,Right,2016.0,69,78,72,73,80,76,68,56,59,80,76,79,76,77,49,82,68,69,87,64,80,43,79,70,84,,29,26,27,11,16,8,7,6,26,Centre-Forward,2000000,summer,Super Lig,2016
172,68,Guinea,68,76,Right,2019.0,53,57,36,72,47,71,43,34,62,71,82,78,81,72,90,76,56,88,69,59,74,77,63,56,52,,52,66,61,7,14,15,14,9,21,Central Midfield,29750000,summer,1 Bundesliga,2016
189,86,Belgium,79,82,Right,2017.0,77,75,67,78,73,83,77,78,68,81,76,80,65,78,54,81,71,84,83,76,59,43,77,78,76,,37,48,44,12,11,12,10,13,27,Left Winger,15200000,summer,Premier League,2016
198,89,Brazil,85,85,Right,2016.0,45,57,93,76,60,60,52,76,70,69,67,78,57,83,42,92,48,62,85,82,76,93,53,59,60,,85,88,85,14,10,14,8,14,28,Centre-Back,4500000,summer,Premier Liga,2016
175,66,Portugal,82,83,Right,2018.0,82,75,46,81,75,87,82,75,83,86,86,82,92,80,79,85,51,77,63,83,58,31,78,83,72,,15,22,20,5,10,13,6,6,29,Left Winger,8500000,summer,Laliga,2016
173,75,England,74,82,Right,2017.0,72,66,33,70,38,80,69,68,63,76,89,84,90,63,84,71,48,70,43,73,38,22,71,70,60,,18,26,30,12,14,16,6,10,22,Right Winger,13500000,summer,Premier League,2016
192,76,England,58,65,Right,2018.0,11,14,11,32,14,13,11,12,35,24,50,45,29,52,45,36,59,32,52,14,36,17,13,19,22,,15,15,14,60,58,47,60,58,24,Goalkeeper,1300000,summer,Premier League,2016
173,68,Italy,75,81,Right,2017.0,64,68,48,72,68,80,74,74,56,80,86,78,87,72,87,74,71,74,60,77,32,24,70,70,70,,14,19,19,11,7,14,9,14,24,Left Winger,13000000,summer,Laliga,2016
190,86,Denmark,75,79,Right,2017.0,70,76,70,70,71,77,72,64,65,80,79,79,66,70,60,79,69,85,77,77,61,31,72,69,63,,33,36,24,6,8,14,9,7,25,Centre-Forward,3500000,summer,Eredivisie,2016
182,77,France,74,79,Right,2018.0,60,76,68,65,72,77,52,57,51,76,76,81,75,70,68,76,65,63,57,73,72,41,77,66,69,,25,22,39,8,10,14,11,9,25,Centre-Forward,4500000,summer,Jupiler Pro League,2016
183,77,Finland,75,75,Left,2018.0,53,37,77,77,40,68,56,45,77,77,65,62,66,75,66,68,76,69,74,57,74,72,60,69,41,,77,77,76,11,9,14,15,7,30,Centre-Back,1700000,summer,1 Bundesliga,2016
175,72,Spain,82,82,Right,2019.0,81,82,45,80,65,85,83,80,67,83,80,76,84,84,81,74,63,75,62,81,73,58,82,81,74,,30,39,25,10,15,12,8,8,29,Left Winger,18000000,summer,Premier League,2016
189,74,Slovakia,72,79,Right,2017.0,25,11,76,50,13,40,15,20,50,50,55,63,34,68,54,38,62,55,69,19,72,76,15,21,23,,78,78,76,9,8,9,14,11,23,Centre-Back,1500000,summer,Serie A,2016
185,81,France,58,77,Right,2021.0,28,22,52,44,35,28,28,33,34,40,67,62,45,52,57,38,72,65,69,22,55,57,31,30,45,,59,65,60,10,7,14,11,15,19,Right-Back,1500000,winter,Ligue 1,2016
173,73,Nigeria,75,81,Right,2018.0,67,49,52,76,59,73,71,60,76,77,83,78,89,71,91,74,55,84,68,77,75,76,69,73,60,,64,77,77,13,9,13,14,7,23,Defensive Midfield,3500000,summer,Super Lig,2016
189,81,Sweden,75,75,Right,2016.0,67,75,74,76,79,71,73,75,69,77,59,60,66,77,56,79,54,63,79,79,63,42,77,73,71,,36,37,39,9,8,14,12,6,30,Centre-Forward,1500000,summer,Ligue 1,2016
175,61,Ukraine,63,75,Right,2019.0,53,50,52,72,44,66,52,51,64,66,67,69,81,63,81,60,60,56,35,43,64,47,62,55,52,,41,45,44,15,11,13,11,11,19,Left-Back,2250000,summer,Premier League,2016
174,75,Scotland,60,78,Right,2018.0,55,56,36,53,46,59,48,39,50,62,87,86,82,52,67,53,40,67,64,44,32,28,53,54,47,,31,29,23,13,11,7,7,15,19,Centre-Forward,15200000,summer,1 Bundesliga,2016
185,74,Morocco,77,82,Right,2017.0,73,63,72,80,70,81,79,76,77,83,73,75,70,75,54,81,68,75,78,77,61,61,75,79,70,,39,61,59,5,14,6,6,9,26,Attacking Midfield,1200000,winter,Serie A,2016
181,75,Spain,71,78,Right,2016.0,46,53,46,80,54,72,63,69,73,77,69,67,79,66,68,74,72,67,74,71,63,71,62,69,75,,59,70,64,6,7,9,10,11,23,Defensive Midfield,1000000,summer,1 Bundesliga,2016
183,68,Slovakia,71,79,Right,2019.0,61,64,49,76,59,77,65,61,68,78,70,70,65,69,70,59,70,59,45,53,63,26,61,75,56,,36,31,31,15,12,14,16,10,21,Attacking Midfield,4200000,summer,1 Bundesliga,2016
183,77,Argentina,69,77,Right,2020.0,67,61,64,67,50,74,72,46,67,71,76,77,75,67,74,68,57,70,71,63,61,53,63,63,57,,25,28,28,12,7,15,9,10,23,Left Winger,4400000,summer,Liga Portugal,2016
193,87,Paraguay,78,78,Left,2017.0,62,82,83,68,80,70,71,75,66,74,50,54,54,78,33,88,34,67,83,80,72,12,84,66,81,,17,22,20,12,7,6,14,11,33,Centre-Forward,2400000,summer,Super League 1,2016
174,70,Spain,77,82,Left,2016.0,74,71,61,76,49,84,79,73,66,80,77,79,81,73,83,67,54,62,54,70,32,25,75,77,61,,26,27,28,16,7,15,6,14,24,Right Winger,1000000,summer,Laliga,2016
176,71,Spain,80,88,Right,2020.0,53,84,78,72,85,70,66,59,51,81,79,76,81,86,81,83,75,76,69,68,59,26,87,63,71,,26,21,26,12,14,14,8,5,23,Centre-Forward,30000000,summer,Laliga,2016
183,71,Northern Ireland,65,77,Right,2017.0,41,36,64,60,43,55,49,36,58,65,55,56,56,67,63,42,59,44,67,40,54,64,39,47,43,,68,71,66,14,8,11,8,14,21,Centre-Back,5250000,summer,Premier League,2016
193,86,Greece,75,80,Left,2019.0,69,48,79,83,60,69,71,65,79,79,54,60,50,73,50,77,78,78,84,73,75,69,59,79,60,,58,76,76,10,14,12,15,11,25,Defensive Midfield,1300000,summer,Serie A,2016
189,84,England,70,78,Left,2016.0,58,74,68,65,56,70,67,38,58,73,77,74,67,66,53,67,60,67,63,62,56,54,72,56,69,,26,23,18,9,7,11,6,16,23,Centre-Forward,6900000,winter,Premier League,2016
175,67,Netherlands,74,79,Left,2018.0,60,57,64,73,53,73,38,35,76,72,89,88,80,76,78,70,86,85,65,64,73,67,74,64,46,,70,75,75,9,15,7,8,6,26,Left-Back,10500000,winter,Premier League,2016
190,78,France,60,69,Left,2019.0,12,13,21,25,17,16,15,18,20,24,31,27,21,48,34,18,42,30,46,16,27,23,15,18,19,,13,12,17,63,60,59,60,63,19,Goalkeeper,2500000,summer,Ligue 1,2016
188,80,France,86,92,Right,2019.0,76,70,72,85,84,88,82,80,81,89,75,79,75,86,61,91,85,87,91,91,80,71,83,86,76,,71,77,83,5,6,2,4,3,23,Central Midfield,105000000,summer,Premier League,2016
179,71,Brazil,75,80,Left,2018.0,74,73,33,74,68,81,75,69,66,75,86,84,88,67,82,73,33,65,52,69,57,23,80,70,48,,22,27,32,11,14,10,10,12,26,Left Winger,1600000,winter,Super League 1,2016
174,70,Portugal,58,70,Right,2019.0,61,35,50,45,35,58,46,35,35,48,68,55,51,55,76,35,58,64,47,28,62,62,55,40,48,,54,62,65,10,6,9,11,12,19,Right-Back,2660000,winter,Liga Portugal,2016
180,73,Denmark,73,77,Right,2016.0,73,63,58,68,61,70,65,67,63,71,85,85,80,65,74,75,59,82,60,66,53,67,66,60,42,,73,73,75,13,16,7,15,13,25,Right-Back,1500000,summer,Superliga,2016
171,64,Denmark,73,82,Right,2019.0,61,74,51,66,62,81,66,74,62,79,84,82,82,67,81,72,79,80,65,70,52,51,73,68,59,,51,55,48,12,6,12,11,11,21,Left Winger,6000000,summer,Laliga,2016
180,75,Poland,71,77,Right,2016.0,69,64,52,75,64,75,55,65,71,77,70,69,72,67,76,70,55,72,34,67,59,35,65,69,51,,35,47,44,12,9,12,11,6,22,Central Midfield,16000000,summer,Serie A,2016
170,63,Portugal,78,84,Right,2019.0,71,65,56,75,62,84,75,56,65,79,91,93,90,80,85,71,65,74,30,64,44,33,74,76,59,,23,38,36,9,11,11,12,8,23,Left Winger,16000000,summer,Liga Portugal,2016
189,82,Poland,69,71,Right,2017.0,18,13,12,24,15,12,19,12,14,13,26,29,35,63,40,15,47,20,68,13,22,12,12,48,19,,13,14,13,71,66,75,71,72,28,Goalkeeper,1000000,summer,1 Bundesliga,2016
187,85,Estonia,77,77,Left,2017.0,52,38,78,72,34,56,48,34,73,70,63,69,61,75,56,67,78,75,78,56,77,75,38,60,44,,80,82,77,11,15,11,10,12,30,Centre-Back,5000000,summer,Premier League,2016
170,67,Portugal,76,84,Left,2017.0,77,73,61,76,71,78,65,58,70,79,84,82,83,71,84,75,60,75,56,72,69,72,71,68,37,,74,76,76,12,6,8,11,8,22,Left-Back,12000000,summer,1 Bundesliga,2016
172,66,France,79,81,Right,2016.0,76,72,58,78,72,86,75,81,72,83,86,78,89,73,84,76,42,73,53,74,47,46,75,81,73,,47,69,60,12,16,12,13,7,26,Attacking Midfield,8000000,summer,Ligue 1,2016
180,73,Netherlands,75,78,Right,2018.0,73,45,73,70,70,65,69,71,74,73,82,85,74,74,66,86,68,82,68,67,75,66,61,53,55,,73,74,76,8,8,15,16,7,25,Right-Back,1800000,summer,Jupiler Pro League,2016
184,75,Netherlands,75,88,Right,2020.0,74,57,63,79,63,77,68,41,76,81,77,76,75,77,68,74,81,74,75,62,75,64,68,73,46,,62,73,66,6,11,12,14,10,20,Defensive Midfield,12000000,winter,1 Bundesliga,2016
168,67,Denmark,67,78,Left,2016.0,69,53,52,65,54,67,60,66,63,67,90,87,82,54,84,65,79,85,61,64,70,56,56,59,46,,61,63,65,10,6,6,11,11,22,Left-Back,2000000,summer,Laliga,2016
183,76,Germany,66,73,Right,2017.0,47,40,53,68,38,56,45,47,65,64,61,55,66,63,65,59,65,68,74,56,72,67,47,60,44,,57,66,64,11,7,14,11,15,21,Centre-Back,2500000,summer,1 Bundesliga,2016
183,82,Germany,67,74,Left,2017.0,65,66,56,67,59,69,63,41,57,69,72,76,66,64,66,71,65,71,69,63,50,27,66,60,69,,19,27,20,10,10,15,8,15,23,Right Winger,1500000,summer,1 Bundesliga,2016
179,78,Slovakia,74,78,Right,2017.0,71,72,58,69,69,79,70,59,64,76,84,83,79,70,74,74,73,70,51,65,44,35,71,66,65,,27,30,26,10,6,8,13,9,25,Left Winger,3500000,summer,Premier Liga,2016
182,77,Scotland,75,75,Left,2017.0,80,72,44,75,65,81,82,83,66,79,69,63,75,65,66,79,60,79,70,77,77,42,74,78,73,,28,56,41,8,15,14,12,10,29,Right Winger,12000000,winter,Premier League,2016
192,86,Spain,80,80,Right,2018.0,15,14,19,39,13,12,14,14,38,31,45,48,68,81,40,36,74,32,79,11,29,24,17,45,19,,15,15,18,83,71,73,79,86,30,Goalkeeper,3000000,summer,Laliga,2016
184,78,Argentina,81,86,Right,2018.0,78,66,60,83,76,86,84,76,79,85,85,85,85,78,75,69,69,91,65,79,80,75,77,82,72,,71,77,81,11,10,8,8,7,25,Central Midfield,13500000,summer,Premier League,2016
182,76,Italy,74,81,Right,2017.0,70,63,61,78,69,78,67,60,76,81,77,76,70,73,70,71,65,77,70,61,72,68,73,72,62,,48,73,69,15,10,9,14,13,25,Attacking Midfield,13750000,summer,Laliga,2016
198,90,Sweden,71,76,Right,2019.0,16,11,15,29,20,11,15,18,32,17,28,40,33,76,31,17,39,45,78,15,29,19,13,52,30,,17,12,17,65,71,70,72,75,26,Goalkeeper,2400000,summer,Superliga,2016
183,76,Sweden,72,80,Right,2017.0,69,58,50,77,66,77,64,60,77,77,76,69,72,69,76,65,58,78,68,71,59,55,65,71,42,,55,57,58,9,8,13,9,13,23,Centre-Forward,2500000,winter,1 Bundesliga,2016
178,78,Argentina,77,85,Right,2019.0,82,69,43,79,47,84,82,60,73,81,81,75,77,67,71,80,59,66,74,76,56,28,68,83,56,,38,46,43,13,12,10,7,14,22,Central Midfield,10000000,summer,Serie A,2016
182,76,Switzerland,67,75,Right,2018.0,62,64,52,66,49,61,65,50,61,67,81,83,72,71,70,72,61,66,67,64,61,47,74,69,58,,49,54,39,6,10,8,9,12,23,Centre-Forward,1300000,summer,Super League,2016
184,74,Russia,66,78,Right,2016.0,46,33,52,74,44,71,43,59,68,65,68,66,70,70,66,52,64,68,56,68,60,72,41,59,53,,56,58,65,10,8,13,15,9,22,Central Midfield,3000000,summer,Premier Liga,2016
192,82,France,71,73,Right,2016.0,67,67,72,69,67,74,64,65,62,75,62,69,63,72,50,68,71,58,75,68,42,54,73,69,66,,33,30,19,8,13,10,16,10,26,Right Winger,1000000,summer,Ligue 1,2016
193,86,Benin,73,75,Right,2020.0,37,76,84,61,67,65,50,60,50,70,68,76,60,64,50,76,81,74,84,68,66,36,74,42,66,,16,39,23,6,13,14,8,7,28,Centre-Forward,7100000,winter,Premier League,2016
181,74,Portugal,73,77,Right,2016.0,63,73,70,63,69,74,72,63,48,78,78,75,77,75,64,74,85,66,64,67,40,32,76,60,69,,28,33,28,14,10,15,15,6,26,Centre-Forward,3400000,summer,Liga Portugal,2016
189,85,Portugal,64,73,Right,2016.0,13,20,14,25,15,18,19,20,26,24,31,30,35,55,24,19,48,27,65,14,19,27,20,47,10,,15,10,19,65,64,63,64,69,22,Goalkeeper,1000000,winter,Laliga,2016
176,75,Iceland,65,68,Right,2016.0,49,68,54,72,43,68,40,42,69,64,66,64,56,57,66,66,63,70,65,49,68,54,65,63,51,,47,55,55,10,8,15,9,11,26,Central Midfield,1100000,summer,Super League,2016
175,68,England,75,80,Right,2020.0,70,64,55,81,64,71,70,66,77,74,68,71,74,72,77,72,48,82,58,71,75,68,74,76,69,,69,72,67,7,10,10,16,14,25,Central Midfield,15400000,summer,Premier League,2016
175,75,Senegal,78,84,Right,2018.0,68,76,53,73,66,83,74,64,67,77,91,91,88,75,85,73,58,65,66,66,61,29,77,69,71,,33,33,38,10,10,15,7,14,24,Left Winger,41200000,summer,Premier League,2016
187,83,France,64,72,Right,2018.0,43,20,59,54,25,54,34,33,46,59,52,54,61,55,65,44,79,64,74,27,67,60,39,34,36,,64,64,69,11,15,13,10,10,23,Centre-Back,1300000,winter,Jupiler Pro League,2016
181,75,France,79,85,Left,2019.0,64,51,78,74,70,69,62,63,71,73,72,75,68,73,66,83,92,82,76,64,79,83,58,56,61,,79,79,86,15,10,14,12,15,22,Centre-Back,25000000,summer,Laliga,2016
190,88,Norway,56,71,Right,2015.0,42,33,61,61,42,59,45,40,58,62,57,62,56,56,58,59,63,60,77,40,58,52,52,49,41,,45,61,53,14,9,10,8,10,18,Defensive Midfield,2000000,winter,Jupiler Pro League,2016
194,90,Germany,69,70,Right,2017.0,48,69,77,62,67,54,55,54,36,63,54,65,50,68,42,78,59,64,83,65,81,19,71,39,62,,15,29,12,6,15,8,7,12,28,Centre-Forward,2800000,summer,1 Bundesliga,2016
178,72,Iran,64,76,Right,2016.0,64,68,63,60,60,62,49,50,49,63,83,75,75,52,77,64,74,54,63,52,43,34,62,60,46,,39,33,32,6,10,14,9,15,21,Centre-Forward,2300000,summer,Premier Liga,2016
177,69,England,76,79,Right,2019.0,72,73,69,68,65,82,69,75,49,77,89,88,89,62,80,73,64,83,57,65,45,45,75,67,83,,19,30,28,13,11,10,13,15,27,Left Winger,4100000,summer,Scottish Premiership,2016
196,85,Uruguay,72,76,Right,2019.0,17,23,74,42,60,42,26,19,35,55,50,65,31,72,32,63,34,73,79,27,77,70,33,38,42,,75,80,81,16,13,15,16,13,26,Centre-Back,4720000,winter,Liga Portugal,2016
179,73,Germany,79,82,Right,2018.0,69,55,66,78,55,72,51,57,73,77,77,75,71,78,76,75,81,87,70,65,85,82,70,73,51,,77,83,82,9,8,14,7,11,25,Central Midfield,12000000,summer,1 Bundesliga,2016
183,86,Turkey,75,80,Right,2018.0,46,26,73,63,55,50,36,36,62,62,76,77,67,72,69,39,78,73,77,31,80,77,24,44,38,,77,76,75,13,9,8,14,10,25,Centre-Back,4500000,summer,Super Lig,2016
173,73,Germany,70,82,Right,2016.0,68,58,47,70,45,76,54,38,62,74,85,84,78,60,80,65,64,62,66,59,58,37,65,66,66,,43,46,45,14,10,10,9,7,21,Right Winger,5000000,summer,1 Bundesliga,2016
178,73,Spain,67,71,Right,2017.0,32,73,51,40,69,70,72,66,34,64,77,75,84,72,74,66,80,61,59,71,67,30,73,52,73,,22,27,17,9,8,9,11,12,27,Centre-Forward,1700000,summer,Laliga,2016
184,82,Germany,82,87,Right,2019.0,51,58,80,75,51,44,55,47,69,67,70,69,68,79,70,66,82,75,81,52,77,85,50,52,54,,81,82,85,11,9,15,10,6,24,Centre-Back,41000000,summer,Premier League,2016
182,76,Croatia,75,81,Right,2019.0,76,38,70,74,49,70,64,51,66,75,79,83,75,69,81,73,87,90,61,56,76,70,65,68,51,,72,71,73,15,11,10,10,12,24,Right-Back,14000000,summer,Laliga,2016
171,61,Italy,74,80,Left,2016.0,73,63,43,75,59,80,72,55,67,79,88,81,92,66,92,61,54,67,43,67,49,31,71,72,55,,19,32,29,12,10,7,15,9,23,Attacking Midfield,6400000,summer,Serie A,2016
170,60,Morocco,78,85,Right,2019.0,70,71,35,77,70,85,71,72,66,83,86,86,91,72,89,72,34,70,40,66,47,19,76,78,69,,44,40,32,9,16,10,14,7,22,Left Winger,18700000,summer,Premier League,2016
179,73,Algeria,71,74,Right,2017.0,66,65,53,70,69,71,68,67,66,75,72,71,74,70,72,71,41,72,63,70,33,20,70,73,69,,20,25,22,6,16,8,7,6,25,Attacking Midfield,1600000,summer,Jupiler Pro League,2016
189,84,Serbia,75,77,Left,2016.0,38,22,75,61,28,57,29,33,57,60,54,58,53,72,54,61,71,67,82,38,80,69,31,48,35,,75,81,79,9,8,8,15,16,26,Centre-Back,1500000,summer,Jupiler Pro League,2016
183,73,Austria,66,74,Left,2017.0,65,40,51,63,30,61,59,61,59,65,74,73,73,63,67,65,67,74,65,64,63,63,44,43,42,,60,65,68,8,6,16,9,16,24,Left-Back,1650000,summer,Bundesliga,2016
178,72,Italy,80,86,Right,2016.0,71,75,51,71,77,84,86,71,61,87,86,86,83,74,82,75,60,72,57,75,54,36,77,73,74,,25,30,25,5,3,5,5,3,23,Left Winger,13000000,summer,Serie A,2016
183,79,Montenegro,81,83,Right,2019.0,72,81,76,82,81,85,84,72,73,82,77,77,83,83,62,83,70,75,74,80,50,30,81,80,84,,27,36,34,9,7,5,9,10,27,Centre-Forward,13500000,winter,Serie A,2016
175,72,Belgium,77,78,Right,2019.0,72,66,62,80,64,74,70,71,78,78,71,66,74,78,78,74,71,81,66,73,80,81,72,78,69,,74,74,71,7,6,14,16,10,28,Defensive Midfield,8600000,summer,Premier League,2016
192,76,Croatia,69,77,Right,2018.0,44,74,73,46,61,59,49,44,38,65,70,74,64,65,52,73,72,68,74,70,73,21,69,45,65,,19,23,17,10,15,15,9,14,20,Centre-Forward,4500000,summer,Serie A,2016
175,68,Belgium,75,76,Right,2018.0,72,57,52,80,67,71,74,73,75,76,62,61,76,80,82,69,62,77,56,71,72,76,66,78,67,,63,67,64,10,14,15,14,7,28,Central Midfield,9000000,summer,Premier League,2016
188,83,Iceland,70,76,Right,2018.0,45,43,66,56,30,47,48,46,57,60,63,64,58,67,58,61,76,73,77,52,73,70,54,49,50,,71,70,73,13,9,10,9,9,23,Centre-Back,1800000,winter,Laliga,2016
187,82,Hungary,68,73,Left,2018.0,52,37,65,66,29,37,31,38,62,63,68,72,56,64,62,39,71,74,76,28,72,66,22,56,35,,67,67,68,9,14,16,8,10,26,Centre-Back,2500000,winter,Premier Liga Ukr,2016
172,66,Norway,75,76,Right,2017.0,72,72,68,69,70,82,58,69,47,77,84,85,91,75,90,75,77,77,44,74,43,36,74,71,65,,43,33,28,15,8,9,14,7,28,Centre-Forward,1000000,summer,Super League 1,2016
174,63,Sweden,58,71,Right,2018.0,45,40,20,65,58,55,63,54,60,68,72,70,79,53,78,57,39,59,28,49,45,55,47,67,48,,55,28,27,10,7,15,8,12,19,Central Midfield,1600000,winter,Jupiler Pro League,2016
182,71,Denmark,70,76,Left,2017.0,65,61,70,74,61,66,59,59,71,73,69,66,73,74,72,76,85,81,71,66,80,70,64,61,45,,69,69,62,8,12,11,14,15,25,Central Midfield,2000000,winter,1 Bundesliga,2016
190,88,Belgium,75,79,Right,2019.0,72,69,69,73,64,75,69,56,71,74,68,81,64,72,49,74,68,90,84,72,73,70,72,71,65,,76,76,74,8,13,15,6,9,24,Right-Back,6000000,summer,Ligue 1,2016
180,75,Netherlands,69,74,Right,2018.0,65,52,66,67,38,64,45,45,70,63,72,66,68,60,67,61,74,52,67,63,81,79,49,59,56,,68,67,66,9,12,12,11,11,23,Centre-Back,3500000,summer,Serie A,2016
180,75,Germany,72,84,Right,2018.0,64,71,57,71,69,77,59,31,55,75,91,90,78,69,76,65,64,67,58,64,46,24,71,60,63,,17,20,19,9,9,8,15,9,20,Centre-Forward,23000000,summer,1 Bundesliga,2016
187,82,Brazil,69,74,Right,2016.0,39,76,74,61,59,64,57,40,41,69,73,72,62,67,51,66,76,67,75,61,39,24,66,48,68,,18,17,22,8,9,7,7,7,26,Centre-Forward,5600000,winter,Liga Portugal,2016
185,80,Turkey,74,78,Right,2017.0,75,56,72,76,59,72,77,64,79,73,53,50,65,75,64,75,74,90,75,68,65,69,64,74,59,,55,70,64,12,11,11,9,12,24,Defensive Midfield,3000000,summer,Super Lig,2016
178,64,England,71,78,Left,2016.0,60,57,46,80,58,66,66,65,76,73,69,68,83,69,74,59,45,71,33,56,47,55,69,77,56,,53,53,47,11,10,11,9,11,24,Central Midfield,5200000,winter,Premier League,2016
183,74,Slovakia,76,76,Right,2018.0,64,45,68,62,33,50,38,32,62,51,74,69,78,82,65,86,90,81,69,78,76,79,42,63,63,,82,83,79,9,15,7,8,12,30,Centre-Back,1200000,summer,Ligue 1,2016
171,64,Argentina,66,78,Left,2016.0,62,48,47,68,50,77,66,59,60,73,81,73,83,55,81,49,62,58,35,55,47,33,61,63,57,,33,35,36,9,14,15,14,16,21,Attacking Midfield,1300000,summer,Liga Portugal,2016
185,78,Spain,78,81,Right,2018.0,52,52,67,83,59,74,64,60,79,84,63,67,70,79,60,73,68,75,78,64,85,82,70,81,59,,61,77,69,8,12,11,7,15,28,Central Midfield,3000000,summer,Jupiler Pro League,2016
175,75,Venezuela,75,77,Right,2018.0,64,34,59,75,47,66,50,52,71,74,75,73,72,74,80,72,91,83,69,55,87,75,52,65,46,,74,78,79,12,12,11,8,12,28,Defensive Midfield,8000000,winter,Serie A,2016
181,73,Italy,67,76,Right,2016.0,57,49,53,71,58,67,57,58,68,73,73,71,68,76,75,72,53,63,71,65,59,58,63,63,55,,40,61,55,5,13,9,8,11,22,Attacking Midfield,4000000,summer,Serie A,2016
188,76,Kenya,77,81,Right,2017.0,63,62,73,72,62,72,62,57,68,72,62,69,72,79,66,79,81,84,92,64,90,79,64,64,65,,74,83,79,6,14,10,13,16,25,Defensive Midfield,14400000,summer,Premier League,2016
183,79,Sweden,70,77,Right,2018.0,62,67,33,69,62,67,69,55,66,73,68,64,76,67,63,75,56,73,56,70,68,30,69,73,56,,34,41,44,12,7,9,10,7,25,Central Midfield,2000000,winter,Premier Liga,2016
181,82,Denmark,76,83,Right,2017.0,69,73,55,73,74,84,69,66,70,80,79,78,79,74,68,76,56,70,66,68,59,39,74,77,65,,30,36,20,13,14,6,14,15,22,Left Winger,5000000,summer,Premier League,2016
184,80,Netherlands,69,75,Left,2019.0,33,73,60,64,56,63,54,39,36,71,67,73,60,62,70,80,70,73,76,69,74,13,69,50,66,,19,19,22,13,7,11,15,16,22,Centre-Forward,22000000,summer,Premier League,2016
180,75,France,55,66,Right,2021.0,56,58,49,63,48,56,49,52,59,59,67,70,60,42,63,51,60,57,62,54,59,38,40,54,57,,47,56,51,12,10,10,15,9,19,Central Midfield,1500000,summer,Ligue 1,2016
184,74,Switzerland,55,65,Right,2021.0,45,34,45,67,41,46,38,41,60,56,67,70,59,60,61,52,60,60,58,41,56,41,53,52,42,,41,46,43,12,8,9,15,11,21,Central Midfield,1500000,winter,1 Bundesliga,2016
190,79,Italy,69,74,Right,2016.0,8,15,9,24,7,14,9,4,25,15,36,42,32,70,35,23,72,31,59,6,11,15,10,37,22,,11,10,10,70,68,66,67,72,26,Goalkeeper,2000000,summer,Serie A,2016
191,83,Brazil,74,82,Right,2016.0,34,21,73,57,36,45,33,29,50,52,56,61,50,70,48,40,72,62,84,26,79,71,25,31,45,,76,78,74,15,11,11,10,11,21,Centre-Back,8000000,summer,Serie A,2016
173,72,Argentina,60,70,Right,2021.0,56,51,47,58,41,57,54,52,54,59,72,76,67,60,67,52,51,68,56,50,46,26,57,55,51,,41,39,43,9,10,12,15,13,23,Right Winger,5500000,winter,Laliga,2016
187,75,Nigeria,60,76,Right,2017.0,28,20,67,60,28,33,25,29,52,54,78,80,57,63,74,46,76,71,76,23,72,61,23,29,35,,60,65,62,13,14,7,7,13,20,Defensive Midfield,17600000,winter,Premier League,2016
186,89,Brazil,71,79,Right,2016.0,44,69,67,71,65,70,62,71,46,72,61,64,54,69,51,82,46,62,83,65,65,40,76,63,80,,29,37,35,15,14,16,15,8,24,Centre-Forward,6000000,summer,Laliga,2016
170,68,France,78,82,Right,2017.0,75,83,75,80,75,82,76,77,70,82,81,82,91,76,82,77,84,80,57,69,55,44,81,79,74,,28,21,26,6,13,9,7,7,25,Centre-Forward,9500000,summer,Laliga,2016
197,84,Netherlands,67,72,Right,2016.0,30,70,82,54,63,59,36,37,31,66,32,39,54,64,50,72,72,68,85,57,59,34,74,52,55,,23,23,26,11,9,14,16,12,23,Centre-Forward,1500000,summer,Eredivisie,2016
180,75,France,67,77,Right,2017.0,44,50,37,73,46,72,62,65,64,70,80,83,70,70,63,55,59,53,64,54,54,65,63,69,47,,58,65,52,8,16,8,11,14,21,Central Midfield,5000000,summer,Ligue 1,2016
185,84,DR Congo,76,78,Right,2017.0,76,64,51,68,51,86,62,49,64,81,89,88,84,72,76,81,58,81,82,71,76,31,69,59,65,,27,31,17,8,9,12,14,6,27,Left Winger,28900000,summer,Premier League,2016
184,81,Germany,72,81,Left,2018.0,63,65,59,76,54,72,58,55,73,75,69,67,71,72,67,63,64,74,74,59,68,70,64,69,50,,62,69,64,13,13,7,11,6,22,Central Midfield,13000000,summer,1 Bundesliga,2016
174,79,France,74,77,Right,2016.0,75,63,52,73,67,78,77,76,64,78,82,85,84,70,82,81,80,65,77,73,67,35,69,63,66,,29,26,27,10,11,9,8,14,27,Right Winger,3000000,winter,Premier Liga,2016
191,87,France,79,79,Right,2019.0,56,21,82,71,34,52,44,33,54,62,57,76,53,71,47,82,81,71,85,55,85,75,51,51,54,,76,84,78,9,14,7,9,6,30,Centre-Back,4000000,summer,Premier League,2016
178,72,Japan,70,76,Right,2017.0,58,61,51,70,51,70,50,46,63,72,82,83,77,66,77,69,56,60,42,66,41,27,75,70,51,,38,49,51,9,11,14,11,12,23,Attacking Midfield,3500000,winter,Jupiler Pro League,2016
182,75,Nigeria,62,80,Right,2020.0,57,48,48,42,38,60,32,21,34,62,77,78,59,62,57,57,61,62,66,44,63,58,48,41,28,58.0,58,63,62,7,12,8,5,11,18,Right-Back,2500000,summer,Serie A,2016
178,74,Hungary,72,84,Right,2021.0,72,48,47,78,68,76,73,59,74,78,75,75,77,68,79,58,58,77,55,58,64,70,64,74,58,70.0,68,68,64,10,7,6,10,14,21,Defensive Midfield,1800000,summer,Serie A,2016
178,81,Algeria,71,71,Right,2018.0,62,63,64,74,64,68,36,56,72,72,69,72,65,65,67,84,74,76,84,75,81,64,59,68,57,70.0,60,67,66,13,14,14,12,6,31,Defensive Midfield,5200000,winter,Premier League,2016
184,77,Turkey,75,82,Right,2021.0,43,42,75,65,41,50,44,39,60,64,66,70,47,74,74,55,84,75,78,21,69,75,40,45,44,75.0,76,79,71,11,8,6,8,13,22,Centre-Back,2500000,winter,Super Lig,2016
179,70,Serbia,74,79,Right,2018.0,71,80,59,74,65,81,81,68,70,79,64,59,65,72,71,73,52,49,63,72,51,31,74,73,72,82.0,24,42,33,8,10,16,12,7,25,Left Winger,2000000,summer,Laliga,2016
180,81,Brazil,80,81,Right,2020.0,68,79,73,75,75,81,81,63,53,80,87,85,81,80,69,77,81,60,72,75,63,29,79,66,77,76.0,16,23,19,16,7,13,15,8,26,Centre-Forward,3000000,summer,Laliga,2016
177,74,Romania,73,73,Right,2020.0,68,71,57,74,63,76,66,65,66,75,77,74,71,68,68,67,52,66,69,72,67,59,65,76,67,60.0,46,40,43,12,16,10,14,11,27,Right Winger,3000000,summer,Jupiler Pro League,2016
191,91,Brazil,80,86,Right,2021.0,17,13,19,27,20,16,19,18,20,21,44,35,30,81,37,21,52,32,78,14,27,11,13,65,23,60.0,20,19,16,75,76,70,78,86,23,Goalkeeper,8000000,summer,Serie A,2016
189,81,Cameroon,78,78,Right,2020.0,75,27,69,65,44,62,68,30,64,72,76,78,50,73,50,76,57,86,87,66,80,75,51,54,37,58.0,77,83,81,12,8,9,9,14,28,Right-Back,4700000,summer,Premier League,2016
189,85,Serbia,63,71,Left,2021.0,35,63,58,51,56,61,40,26,32,64,66,70,59,54,49,64,61,68,81,53,42,22,63,50,64,64.0,13,17,10,12,12,8,12,10,22,Centre-Forward,2000000,summer,Superliga,2016
188,86,Albania,69,72,Right,2019.0,50,68,75,53,42,63,29,52,41,69,66,69,59,69,51,74,67,74,82,56,56,12,68,52,56,46.0,12,21,16,12,14,8,14,10,25,Centre-Forward,2000000,summer,Premier Liga,2016
174,69,Kosovo,71,77,Right,2019.0,71,55,34,66,54,70,52,45,60,68,90,90,80,68,70,70,31,78,62,60,65,43,58,66,55,63.0,30,29,28,6,7,10,10,14,25,Left Winger,2500000,winter,Premier Liga,2016
178,68,Paraguay,64,82,Left,2021.0,64,25,42,48,25,59,29,32,28,59,83,84,80,63,72,26,71,83,45,31,54,57,66,34,40,34.0,57,56,64,12,7,8,15,9,18,Left-Back,1700000,summer,Super League,2016
176,70,Australia,65,75,Left,2020.0,70,42,35,62,23,55,63,27,60,56,81,83,75,62,75,40,64,79,62,49,70,62,59,50,40,40.0,53,60,58,14,12,15,13,8,22,Left-Back,3600000,summer,Premier League,2016
185,84,Switzerland,76,88,Right,2021.0,57,76,68,72,66,78,63,51,70,82,84,87,78,73,73,75,73,81,85,64,63,41,78,69,66,76.0,24,28,22,13,6,7,7,12,19,Centre-Forward,26500000,summer,1 Bundesliga,2016
180,75,Brazil,75,76,Right,2020.0,70,57,67,72,57,66,72,70,73,72,70,68,61,75,65,80,74,79,77,74,84,76,61,65,62,67.0,70,77,74,11,11,7,11,11,26,Central Midfield,3300000,summer,Serie A,2016
189,81,Brazil,71,81,Right,2021.0,48,55,65,76,59,68,45,72,68,73,63,59,51,68,60,82,61,53,78,73,71,72,60,64,65,56.0,62,73,66,9,13,14,14,16,20,Defensive Midfield,3500000,summer,Liga Portugal,2016
192,88,Croatia,71,81,Right,2018.0,52,71,62,70,60,77,50,74,71,81,61,62,67,62,34,71,55,65,91,61,58,11,65,72,81,65.0,18,24,14,11,15,9,14,10,22,Centre-Forward,1300000,winter,Serie A,2016
187,75,Brazil,61,69,Right,2020.0,43,37,60,62,39,36,43,42,59,48,60,64,48,57,60,57,68,60,63,37,52,58,32,30,52,48.0,60,62,60,7,7,14,6,6,21,Centre-Back,2000000,summer,Super League 1,2016
182,72,Ecuador,70,75,Right,2021.0,75,60,66,64,63,76,60,40,71,75,77,86,63,58,62,70,63,62,75,63,55,31,67,68,43,58.0,18,43,22,12,8,12,9,8,19,Left Winger,2500000,summer,Serie A,2016
187,84,Turkey,69,83,Right,2021.0,51,37,69,63,48,56,39,37,61,59,63,68,64,68,58,63,75,67,79,33,67,66,42,44,52,60.0,65,69,64,6,7,7,7,7,20,Centre-Back,7930000,summer,1 Bundesliga,2016
173,66,Turkey,68,83,Left,2021.0,57,66,58,68,53,67,54,45,63,66,76,77,73,71,72,67,53,74,58,44,27,29,66,64,64,61.0,24,33,30,9,13,7,9,8,18,Right Winger,4800000,summer,Super Lig,2016
173,79,Ecuador,70,80,Left,,71,32,49,61,41,67,48,41,55,66,83,79,84,68,85,53,83,85,60,39,68,60,52,48,47,72.0,66,67,70,7,11,11,16,12,22,Left-Back,1500000,winter,Premier Liga,2016
188,87,Brazil,80,80,Left,2019.0,61,48,83,74,44,60,51,60,75,72,53,55,54,77,64,67,65,63,82,54,73,79,41,62,57,77.0,77,81,85,14,8,10,6,13,32,Centre-Back,2500000,summer,Ligue 1,2016
178,72,Serbia,73,78,Right,2020.0,58,61,64,74,52,63,57,59,75,71,64,61,59,79,68,79,67,73,71,62,81,64,76,72,70,77.0,48,71,68,6,14,9,9,9,24,Central Midfield,1500000,summer,Laliga,2016
187,83,Colombia,71,83,Right,2021.0,36,22,72,64,28,40,22,27,62,57,68,76,63,66,55,64,74,69,85,26,74,60,31,44,44,56.0,69,74,70,9,7,10,6,15,20,Centre-Back,5500000,summer,Eredivisie,2016
185,79,France,58,73,Right,2018.0,37,31,48,45,17,37,28,28,39,40,67,60,64,49,54,41,62,33,61,24,66,51,35,32,39,45.0,57,67,63,6,7,8,15,9,18,Centre-Back,18500000,winter,1 Bundesliga,2016
181,72,Spain,80,87,Right,2020.0,78,69,44,84,68,84,82,72,72,85,78,77,79,75,76,75,58,69,55,73,47,48,72,83,63,65.0,37,46,42,10,14,10,7,7,22,Attacking Midfield,3250000,summer,Laliga,2016
178,72,Scotland,59,73,Right,2020.0,52,25,44,55,30,56,27,32,53,53,70,73,60,57,67,38,63,61,64,29,62,62,49,40,39,49.0,55,56,60,8,13,7,14,9,21,Right-Back,1150000,summer,Premier League,2016
180,72,Romania,69,84,Left,,69,66,39,68,55,69,57,60,63,72,76,73,70,69,67,60,34,56,59,63,35,30,68,67,52,65.0,31,29,27,13,8,10,14,9,21,Right Winger,2200000,winter,Jupiler Pro League,2016
173,67,Brazil,75,81,Left,2021.0,72,49,59,65,50,75,68,69,64,77,77,79,85,74,79,79,73,74,48,70,66,71,73,62,53,59.0,74,72,81,13,11,13,13,10,22,Left-Back,6500000,summer,1 Bundesliga,2016
181,84,Colombia,75,79,Left,2020.0,50,36,71,61,35,65,35,42,60,69,67,74,60,73,51,55,70,74,84,34,82,73,45,43,43,64.0,74,75,69,9,14,11,12,10,23,Defensive Midfield,3500000,summer,Super League,2016
170,68,Peru,63,73,Left,2020.0,57,67,34,57,64,83,65,59,42,68,71,67,90,52,85,44,58,34,29,65,16,32,56,50,64,54.0,23,37,25,12,10,12,13,13,22,Left Winger,1250000,summer,Superliga,2016
169,64,Turkey,64,84,Left,2021.0,46,65,41,47,56,80,43,33,45,80,89,86,95,47,94,68,65,55,51,60,50,28,57,52,45,46.0,19,32,29,13,10,7,13,6,18,Right Winger,9750000,summer,1 Bundesliga,2016
180,65,Serbia,71,75,Left,2019.0,75,38,56,68,55,66,66,44,49,68,77,75,68,72,69,69,65,76,49,65,76,69,61,48,43,62.0,70,67,69,15,8,13,11,14,25,Left-Back,1200000,winter,Jupiler Pro League,2016
184,78,Brazil,81,83,Left,2021.0,83,73,65,87,75,87,80,76,85,86,36,34,67,75,56,77,33,71,67,80,56,47,74,88,76,85.0,41,45,37,9,12,14,7,11,26,Attacking Midfield,9500000,summer,Laliga,2016
189,82,Italy,71,74,Left,2017.0,14,12,66,52,15,33,18,23,46,50,66,34,44,66,48,33,78,60,84,18,65,68,15,20,28,51.0,76,74,70,9,16,6,10,9,24,Centre-Back,4000000,summer,Serie A,2016
187,78,Georgia,71,82,Right,2020.0,58,53,56,74,47,71,61,58,70,70,61,66,56,71,64,59,63,66,70,67,69,73,62,74,49,72.0,63,72,64,8,7,7,6,11,21,Central Midfield,1800000,summer,Laliga,2016
172,68,Brazil,80,82,Right,2020.0,74,76,59,79,66,84,68,69,74,82,83,79,85,81,85,79,61,67,70,77,69,40,74,77,72,74.0,47,43,38,16,11,13,9,8,26,Central Midfield,7000000,summer,Premier Liga,2016
180,70,Morocco,80,84,Left,2021.0,80,74,53,79,77,77,90,84,77,80,75,72,77,78,66,83,42,79,62,78,60,59,75,88,74,69.0,40,44,36,11,7,11,8,14,23,Right Winger,11000000,summer,Eredivisie,2016
183,74,Croatia,71,72,Left,2018.0,75,59,57,71,36,73,63,46,71,68,73,72,66,69,69,61,45,63,61,62,69,71,60,61,61,62.0,74,70,73,8,12,6,10,12,27,Left-Back,1000000,summer,Serie A,2016
175,68,Romania,63,79,Right,2019.0,62,63,53,58,54,66,55,59,55,69,69,67,64,58,62,57,48,55,59,60,57,32,60,59,56,43.0,29,31,33,6,9,16,15,13,17,Attacking Midfield,2000000,summer,Serie A,2016
173,72,Morocco,74,78,Left,2021.0,72,64,46,75,57,81,73,64,65,78,74,70,79,65,80,72,60,58,62,70,46,42,60,80,58,60.0,39,34,41,13,11,12,8,9,23,Attacking Midfield,1350000,summer,Eredivisie,2016
180,72,Croatia,72,81,Right,2020.0,63,53,59,74,42,69,42,44,72,73,75,71,74,70,68,52,65,78,52,58,64,77,59,72,47,69.0,67,69,64,7,14,6,14,11,23,Defensive Midfield,2000000,summer,Bundesliga,2016
186,79,Czech Republic,74,78,Right,2020.0,54,52,73,68,51,59,39,29,68,68,63,69,61,71,52,67,74,67,76,56,72,68,52,58,49,69.0,75,76,72,10,12,6,16,7,24,Centre-Back,2500000,summer,Jupiler Pro League,2016
189,73,Slovakia,59,64,Left,2020.0,57,51,41,64,31,59,49,57,66,61,60,61,59,61,57,73,62,62,67,71,44,53,26,50,57,41.0,48,55,51,8,7,13,7,6,25,Central Midfield,1100000,summer,Superliga,2016
175,72,Croatia,65,80,Right,2021.0,63,63,45,65,57,72,62,44,48,70,78,77,75,51,73,65,63,53,49,52,38,24,58,53,59,47.0,18,19,20,9,7,5,6,14,18,Left Winger,10000000,summer,1 Bundesliga,2016
186,82,Colombia,52,75,Right,2020.0,36,26,58,58,38,45,37,31,53,56,66,67,57,54,52,53,60,72,75,36,50,38,40,44,36,53.0,38,48,42,12,8,12,6,10,18,Central Midfield,1400000,winter,Serie A,2016
187,76,Germany,84,87,Right,2020.0,78,77,65,84,84,88,78,72,75,85,77,77,83,83,75,84,76,69,67,83,48,36,80,81,63,78.0,25,35,26,11,13,5,13,8,23,Left Winger,36000000,winter,Ligue 1,2016
185,83,Paraguay,65,72,Left,,57,35,68,59,25,42,27,27,47,54,63,66,54,66,54,34,61,68,82,29,71,65,49,43,33,43.0,68,68,66,15,11,15,9,7,23,Centre-Back,2500000,winter,Ligue 1,2016
170,70,South Africa,72,77,Left,,71,68,23,74,61,75,70,69,62,73,83,78,72,62,84,58,38,65,41,73,42,23,65,71,54,42.0,22,32,24,15,12,12,13,12,24,Left Winger,1700000,winter,Ligue 1,2016
183,75,Nigeria,70,73,Right,2019.0,64,73,72,46,72,63,69,60,45,66,82,85,78,57,68,75,78,63,69,60,44,19,66,45,73,68.0,20,18,19,14,14,10,8,13,26,Centre-Forward,1300000,summer,Premier Liga,2016
181,72,Slovakia,65,82,Left,2021.0,66,59,37,71,64,58,71,67,56,68,68,64,76,53,79,56,59,49,49,61,48,22,61,64,47,52.0,44,27,35,12,10,9,9,9,18,Central Midfield,5000000,summer,1 Bundesliga,2016
178,73,Brazil,74,79,Left,2020.0,74,53,48,69,53,73,83,84,70,75,79,78,75,77,70,83,76,77,63,80,66,72,73,66,56,68.0,69,74,71,11,10,12,16,11,24,Left-Back,1100000,summer,Ligue 1,2016
182,72,Spain,77,84,Right,2021.0,76,73,45,83,58,79,73,69,75,81,68,64,67,66,54,68,48,59,61,75,29,28,75,74,56,60.0,24,25,18,6,8,6,12,11,23,Central Midfield,4000000,summer,Serie A,2016
170,73,Argentina,72,72,Left,2019.0,78,61,55,65,68,77,84,78,70,78,82,84,83,72,80,83,76,83,59,75,75,63,66,60,74,63.0,65,69,68,11,7,10,13,8,28,Left-Back,1400000,summer,Super Lig,2016
175,71,Liechtenstein,73,76,Left,2021.0,62,48,48,77,58,75,64,58,75,77,79,75,79,68,83,65,69,79,67,58,72,70,66,72,56,65.0,50,60,60,8,4,3,7,7,25,Central Midfield,1500000,summer,Serie A,2016
183,77,Croatia,76,86,Right,2021.0,76,61,68,77,72,86,80,72,71,87,85,85,83,66,75,76,69,75,75,72,50,30,60,68,72,70.0,16,26,24,11,5,10,9,12,21,Left Winger,29400000,summer,Serie A,2016
173,67,Colombia,72,84,Right,2017.0,60,64,34,71,47,77,44,35,57,70,85,88,86,67,83,81,76,56,58,51,38,19,69,74,51,52.0,19,27,29,6,14,13,9,8,19,Left Winger,5500000,summer,Premier League,2016
183,75,Colombia,67,80,Right,2021.0,47,65,74,69,58,64,39,29,34,59,69,75,74,58,58,67,75,69,70,52,29,14,68,63,67,52.0,20,13,16,13,6,14,10,6,19,Centre-Forward,5500000,summer,Eredivisie,2016
175,66,Brazil,74,86,Left,2020.0,67,72,43,62,72,80,76,69,51,76,86,84,83,77,88,77,66,68,57,70,62,39,78,67,71,77.0,25,37,31,15,12,15,15,9,18,Central Midfield,2000000,summer,Serie A,2016
182,83,Slovakia,69,80,Right,2020.0,64,65,59,70,70,69,66,65,69,75,72,76,63,67,68,74,60,73,73,68,55,60,60,68,55,64.0,61,60,50,13,9,14,5,7,20,Central Midfield,2500000,summer,Super Lig,2016
174,68,Uruguay,72,78,Right,2020.0,69,74,70,65,66,72,67,52,57,71,68,67,53,74,77,72,73,57,63,64,67,37,73,71,68,61.0,23,31,27,13,10,12,6,10,23,Centre-Forward,4500000,summer,Laliga,2016
168,63,Romania,75,80,Right,2021.0,69,71,66,77,62,74,65,68,72,75,76,79,74,73,71,69,63,64,67,70,65,52,74,75,73,68.0,41,40,42,14,7,13,10,12,23,Attacking Midfield,9700000,summer,Jupiler Pro League,2016
182,69,Serbia,70,80,Left,2019.0,56,62,68,70,67,72,64,65,63,74,74,68,66,56,71,59,68,55,51,62,54,20,75,72,68,53.0,21,20,26,13,10,10,7,11,21,Attacking Midfield,1500000,summer,Serie A,2016
178,65,Israel,68,71,Left,2020.0,71,27,58,63,26,65,66,38,53,62,74,72,77,63,73,46,67,65,55,36,65,66,57,58,38,61.0,66,67,68,15,8,11,15,13,25,Left-Back,1000000,summer,Jupiler Pro League,2016
188,78,Turkey,70,81,Right,2020.0,60,60,64,69,62,77,65,64,63,75,79,78,78,68,70,67,64,62,70,61,51,23,67,59,62,55.0,23,24,22,7,9,16,16,6,20,Centre-Forward,1200000,summer,Super Lig,2016
174,71,Egypt,69,76,Right,2020.0,63,52,63,72,56,62,46,46,78,72,77,76,72,67,79,73,56,74,74,62,76,62,39,58,46,69.0,67,67,63,8,10,13,12,6,24,Right-Back,1650000,summer,Super League,2016
178,67,France,77,90,Left,2021.0,67,77,43,72,63,85,66,65,65,81,83,85,81,66,74,71,58,72,44,65,47,33,74,73,67,70.0,45,39,45,6,6,14,10,13,19,Right Winger,35000000,summer,1 Bundesliga,2016
193,82,Senegal,78,79,Left,2020.0,22,32,74,68,23,42,27,60,73,67,70,72,48,65,47,79,74,68,86,66,92,74,38,50,27,51.0,74,79,85,12,13,9,6,10,27,Centre-Back,9500000,summer,Premier League,2016
186,73,Czech Republic,72,83,Left,2021.0,61,72,66,67,65,75,64,56,51,76,75,76,73,67,64,69,63,61,68,67,45,22,72,66,58,72.0,17,24,19,11,15,8,9,14,20,Centre-Forward,4000000,summer,Serie A,2016
179,74,Italy,67,72,Right,2018.0,56,67,52,62,64,67,64,58,50,69,84,84,73,64,73,62,66,78,72,56,30,20,70,57,58,66.0,18,15,14,12,10,6,12,11,24,Centre-Forward,2300000,summer,Serie A,2016
193,84,Serbia,71,72,Right,2020.0,61,56,67,71,36,59,41,46,67,74,45,55,47,73,32,77,60,72,88,71,69,76,56,66,47,63.0,65,65,59,11,15,9,14,7,27,Defensive Midfield,1000000,summer,Liga Portugal,2016
183,72,Egypt,71,82,Right,2020.0,66,60,59,77,61,74,59,63,62,75,79,77,73,55,66,62,51,62,56,65,54,33,71,70,65,72.0,43,44,46,12,13,15,12,10,19,Left Winger,5000000,summer,Premier League,2016
186,75,Algeria,71,79,Left,2020.0,65,49,72,65,43,65,51,37,62,69,68,71,59,70,59,47,76,65,79,43,79,72,44,55,43,63.0,69,73,72,6,13,14,7,14,21,Left-Back,2000000,summer,Ligue 1,2016
175,70,Romania,67,82,Right,,66,64,47,69,62,63,65,71,64,66,71,68,63,64,61,67,42,57,60,68,42,61,67,66,68,58.0,53,55,52,11,14,6,8,8,20,Central Midfield,4800000,winter,Jupiler Pro League,2016
176,70,Portugal,78,90,Right,2021.0,60,65,64,76,68,78,59,68,71,77,79,84,81,82,88,85,81,93,77,77,90,80,78,71,68,77.0,72,71,64,5,12,6,13,14,18,Central Midfield,35000000,summer,1 Bundesliga,2016
183,75,Italy,65,81,Left,2019.0,62,60,52,64,52,65,47,61,51,70,80,73,67,61,65,66,42,69,60,54,44,25,58,56,56,45.0,21,26,24,11,11,14,6,12,20,Right Winger,6000000,winter,Serie A,2016
182,75,England,67,79,Right,2023.0,52,30,64,59,27,59,33,30,44,63,64,66,60,65,71,48,73,76,75,27,60,62,40,55,38,65.0,65,68,66,14,11,10,14,13,20,Centre-Back,3000000,summer,Premier League,2016
179,70,Slovenia,71,71,Right,2019.0,59,73,72,65,70,66,33,26,47,69,73,72,78,67,74,71,76,68,53,68,53,17,72,52,64,65.0,19,16,24,8,13,15,13,9,27,Centre-Forward,2000000,summer,1 Bundesliga,2016
191,81,Congo,65,75,Right,2019.0,36,63,68,60,60,59,51,31,23,64,63,68,61,56,56,68,76,57,88,61,58,21,57,55,60,63.0,16,21,18,15,10,15,6,10,20,Centre-Forward,1200000,winter,Jupiler Pro League,2016
191,87,Serbia,75,76,Left,2020.0,39,20,77,57,15,42,36,28,59,50,62,75,39,68,42,71,54,69,90,18,87,67,29,34,41,58.0,75,79,74,9,7,9,10,12,27,Centre-Back,1500000,summer,Serie A,2016
192,85,Russia,79,82,Right,2020.0,20,19,17,31,12,13,12,20,21,23,49,47,36,73,41,22,69,37,67,14,27,26,18,35,14,24.0,18,15,13,79,80,73,76,81,25,Goalkeeper,4000000,summer,Premier Liga,2016
186,90,Italy,77,78,Right,2021.0,50,74,80,71,67,75,58,48,29,75,73,78,58,71,48,81,76,79,93,69,73,21,78,62,68,71.0,15,25,20,7,7,7,5,8,27,Centre-Forward,6000000,summer,Premier League,2016
178,69,Japan,77,81,Right,2020.0,73,79,41,74,62,80,72,60,75,78,79,77,85,70,82,63,54,67,47,75,30,34,74,77,58,72.0,28,27,21,9,11,9,6,7,24,Centre-Forward,1500000,summer,1 Bundesliga,2016
171,70,Japan,69,80,Right,2017.0,40,67,67,59,58,68,32,34,48,64,89,91,87,67,76,69,79,72,63,55,36,22,64,55,63,60.0,13,13,16,15,7,6,9,14,21,Centre-Forward,4000000,summer,Premier League,2016
176,81,Israel,68,72,Left,2019.0,71,29,53,70,34,72,52,32,53,70,79,79,77,66,78,51,72,65,57,27,48,56,51,48,33,59.0,56,71,69,11,14,9,9,6,24,Left-Back,1200000,summer,1 Bundesliga,2016
182,62,Venezuela,58,72,Right,,44,34,45,55,30,54,39,37,52,58,64,68,60,53,70,54,55,72,58,40,63,60,49,45,39,43.0,56,60,53,6,7,9,14,8,19,Central Midfield,1000000,winter,Premier League,2016
184,76,Senegal,75,77,Left,2020.0,67,61,65,75,68,71,60,50,73,75,68,69,70,70,52,72,66,80,78,59,84,76,51,70,59,74.0,67,76,71,14,10,10,12,8,27,Central Midfield,3000000,winter,Ligue 1,2016
184,72,Morocco,71,82,Right,2017.0,64,56,58,74,39,77,59,56,76,76,75,73,74,67,68,66,71,60,59,49,60,65,68,70,42,72.0,54,61,52,6,6,8,11,15,19,Defensive Midfield,3000000,summer,Ligue 1,2016
179,72,Turkey,79,82,Right,2018.0,66,73,33,79,69,84,75,66,72,79,79,76,84,75,82,64,63,80,52,68,48,46,77,80,68,75.0,38,33,21,13,14,14,15,10,24,Attacking Midfield,12500000,winter,1 Bundesliga,2016
191,88,Serbia,74,75,Right,2021.0,45,77,80,61,62,70,52,43,55,75,74,72,54,70,51,67,66,75,84,63,63,31,75,55,66,75.0,32,33,29,7,16,15,8,6,26,Centre-Forward,2900000,winter,Super League 1,2016
185,75,Italy,57,73,Left,2018.0,12,8,12,28,7,8,13,15,22,18,24,23,35,54,38,21,42,18,42,8,21,11,9,27,11,33.0,8,11,15,55,58,54,52,59,18,Goalkeeper,1000000,winter,Serie A,2016
190,74,Sweden,68,84,Right,2019.0,51,68,65,58,74,68,40,35,40,69,80,77,78,60,60,63,67,67,56,57,41,24,70,59,54,61.0,18,20,15,7,6,9,7,11,17,Centre-Forward,8600000,winter,1 Bundesliga,2016
181,81,Romania,70,76,Left,2021.0,61,46,64,68,43,52,39,34,62,62,74,73,67,67,61,44,57,64,71,42,62,69,54,54,41,60.0,72,70,74,13,6,12,12,12,24,Centre-Back,1000000,winter,Laliga,2016
186,79,Ecuador,68,76,Left,2020.0,22,35,68,53,31,43,26,20,45,44,68,68,67,62,66,44,84,59,76,24,68,61,28,30,30,58.0,69,71,70,6,9,11,8,5,22,Centre-Back,1000000,winter,1 Bundesliga,2016
179,70,DR Congo,75,81,Left,2020.0,75,60,60,71,61,80,69,48,68,76,87,86,76,75,81,77,69,77,74,71,65,66,68,71,49,73.0,70,74,73,8,7,10,7,7,22,Left-Back,7100000,summer,Premier League,2016
176,71,Tunisia,68,82,Left,2021.0,63,65,40,70,50,77,55,50,53,73,76,75,77,51,67,65,48,39,40,54,30,18,57,60,66,62.0,23,26,29,9,6,13,7,11,19,Right Winger,1500000,winter,Ligue 1,2016
186,76,Brazil,73,81,Left,2021.0,60,28,59,69,35,63,47,32,59,69,69,79,68,71,64,67,74,76,71,58,73,73,55,49,38,64.0,68,75,78,15,12,13,14,12,21,Centre-Back,6000000,summer,1 Bundesliga,2016
175,66,Brazil,74,83,Left,2021.0,62,72,49,72,73,83,62,52,52,82,84,82,84,65,88,72,62,69,63,57,41,38,67,71,69,76.0,28,32,32,14,10,5,13,6,19,Right Winger,17400000,winter,Eredivisie,2016
174,69,Hungary,70,79,Left,2021.0,64,58,42,67,61,70,59,52,68,68,84,78,71,72,82,62,49,71,51,59,49,31,65,65,54,62.0,42,42,45,7,8,10,9,9,21,Left Winger,1000000,winter,Pko Bp Ekstraklasa,2016
175,73,Brazil,81,92,Right,2021.0,66,83,66,75,67,87,76,54,66,85,89,85,93,82,92,78,75,84,63,73,56,32,83,75,78,84.0,20,17,19,13,8,6,6,15,19,Centre-Forward,32000000,winter,Premier League,2016
173,70,Cape Verde,75,76,Right,2021.0,70,66,56,72,72,78,72,61,65,73,88,87,89,74,85,71,65,79,58,69,70,44,73,68,61,59.0,50,40,44,15,7,15,10,6,26,Left Winger,5300000,winter,Super Lig,2016
184,60,Brazil,74,82,Left,2021.0,75,41,53,74,61,75,62,36,65,71,81,77,83,75,62,74,57,81,59,66,59,71,72,58,43,68.0,70,74,68,8,11,5,12,12,20,Left-Back,8500000,winter,Ligue 1,2016
174,65,Paraguay,62,78,Right,2020.0,39,67,56,63,64,65,55,35,42,57,71,69,68,63,76,69,51,56,40,62,36,14,48,80,63,48.0,23,23,16,13,5,11,13,13,18,Centre-Forward,1250000,winter,1 Bundesliga,2016
195,88,Croatia,64,73,Right,2018.0,33,26,61,37,34,36,35,37,39,46,54,54,38,55,41,47,65,60,79,24,55,62,33,32,40,64.0,62,68,70,11,10,9,7,9,20,Centre-Back,1500000,winter,Serie A,2016
201,99,Croatia,77,79,Left,2021.0,15,12,15,22,15,17,18,13,19,25,30,39,26,73,22,25,63,31,73,19,39,23,7,46,22,58.0,13,17,17,81,73,58,74,80,26,Goalkeeper,3100000,winter,Jupiler Pro League,2016
190,83,Czech Republic,73,79,Left,2020.0,53,44,74,67,48,57,56,36,69,66,53,69,54,68,52,68,74,65,83,58,73,70,46,59,53,67.0,72,73,70,14,11,9,13,11,23,Centre-Back,1500000,winter,Ligue 1,2016
187,85,Croatia,71,77,Right,2020.0,46,44,74,64,42,59,39,37,65,64,52,53,52,66,42,68,64,69,82,48,76,65,44,44,60,60.0,69,72,65,13,9,10,7,9,23,Centre-Back,4200000,winter,Super Lig,2016
177,70,Slovenia,65,74,Right,2021.0,51,52,55,70,43,61,52,49,66,62,66,68,70,66,72,51,56,33,47,50,52,39,73,66,48,70.0,40,48,52,14,6,13,11,5,22,Central Midfield,2300000,winter,Serie A,2016
181,74,Austria,70,74,Right,2019.0,72,34,59,65,32,68,60,47,63,68,77,84,65,65,68,61,72,69,62,57,60,65,65,58,52,65.0,66,67,68,14,13,10,7,9,24,Right-Back,4000000,summer,Premier Liga,2016
179,73,Spain,75,75,Right,2020.0,77,69,63,73,61,74,80,48,72,75,77,78,75,73,69,73,59,65,66,64,48,33,74,76,63,72.0,16,27,21,9,10,8,13,8,25,Right Winger,5000000,summer,Premier Liga,2016
176,78,Nigeria,70,82,Right,2020.0,73,61,33,66,48,74,63,43,48,71,84,81,80,62,74,62,43,70,34,51,57,22,61,69,52,74.0,17,31,24,11,13,6,10,12,19,Right Winger,1000000,winter,Jupiler Pro League,2016
183,77,Serbia,70,79,Right,2018.0,66,54,58,76,68,75,72,68,72,76,71,73,68,64,69,68,65,67,65,64,64,67,58,64,66,68.0,61,69,69,9,11,13,9,6,19,Central Midfield,1700000,summer,Serie A,2016
185,75,France,78,82,Left,2020.0,61,22,72,70,30,62,59,34,65,69,68,74,61,75,55,47,79,78,82,43,83,78,57,58,49,55.0,75,77,79,14,6,10,16,7,25,Centre-Back,7500000,winter,1 Bundesliga,2016
184,73,Serbia,70,71,Left,2021.0,58,63,62,71,55,69,54,60,70,70,69,65,70,70,69,70,75,90,74,65,71,60,69,65,51,67.0,60,61,58,14,14,15,8,6,26,Central Midfield,3000000,winter,Superliga,2016
178,65,Ukraine,69,77,Right,2020.0,72,59,48,71,54,67,56,51,67,68,79,77,76,71,73,60,55,63,46,53,37,67,49,68,49,59.0,63,59,64,10,13,6,10,11,21,Right-Back,1200000,winter,Jupiler Pro League,2016
185,78,Nigeria,65,83,Right,2020.0,41,67,64,54,63,62,59,39,29,60,74,76,68,58,68,65,75,59,66,55,43,19,61,49,65,55.0,17,23,20,14,14,10,9,6,18,Centre-Forward,3500000,winter,1 Bundesliga,2016
188,75,Brazil,74,82,Right,2021.0,48,58,60,74,76,67,55,52,75,71,68,68,61,69,66,78,57,66,74,79,77,76,55,62,60,68.0,76,73,67,10,13,7,14,11,21,Defensive Midfield,9200000,winter,1 Bundesliga,2016
